year,page_url,doc_url,filename,doc_type
2025-2026,https://www.indiabudget.gov.in/budget2025-26/index.php,https://www.indiabudget.gov.in/budget2025-26/doc/bh1.pdf,bh1.pdf,demands_for_grants
2025-2026,https://www.indiabudget.gov.in/budget2025-26/index.php,https://www.indiabudget.gov.in/budget2025-26/doc/Key_to_Budget_Document_2025.pdf,Key_to_Budget_Document_2025.pdf,full_budget_document
2025-2026,https://www.indiabudget.gov.in/budget2025-26/index.php,https://www.indiabudget.gov.in/budget2025-26/doc/AFS/allafs.pdf,allafs.pdf,demands_for_grants
2025-2026,https://www.indiabudget.gov.in/budget2025-26/index.php,https://www.indiabudget.gov.in/budget2025-26/doc/AFS/allafs.xlsx,allafs.xlsx,demands_for_grants
2025-2026,https://www.indiabudget.gov.in/budget2025-26/index.php,https://www.indiabudget.gov.in/budget2025-26/doc/AFS/afs1.pdf,afs1.pdf,demands_for_grants
2025-2026,https://www.indiabudget.gov.in/budget2025-26/index.php,https://www.indiabudget.gov.in/budget2025-26/doc/AFS/afs1.xlsx,afs1.xlsx,demands_for_grants
2025-2026,https://www.indiabudget.gov.in/budget2025-26/index.php,https://www.indiabudget.gov.in/budget2025-26/doc/AFS/afs2.pdf,afs2.pdf,demands_for_grants
2025-2026,https://www.indiabudget.gov.in/budget2025-26/index.php,https://www.indiabudget.gov.in/budget2025-26/doc/AFS/afs2.xlsx,afs2.xlsx,demands_for_grants
2025-2026,https://www.indiabudget.gov.in/budget2025-26/index.php,https://www.indiabudget.gov.in/budget2025-26/doc/AFS/afs3.pdf,afs3.pdf,demands_for_grants
2025-2026,https://www.indiabudget.gov.in/budget2025-26/index.php,https://www.indiabudget.gov.in/budget2025-26/doc/AFS/afs3.xlsx,afs3.xlsx,demands_for_grants
2025-2026,https://www.indiabudget.gov.in/budget2025-26/index.php,https://www.indiabudget.gov.in/budget2025-26/doc/AFS/afs4.pdf,afs4.pdf,demands_for_grants
2025-2026,https://www.indiabudget.gov.in/budget2025-26/index.php,https://www.indiabudget.gov.in/budget2025-26/doc/AFS/afs4.xlsx,afs4.xlsx,demands_for_grants
2025-2026,https://www.indiabudget.gov.in/budget2025-26/index.php,https://www.indiabudget.gov.in/budget2025-26/doc/AFS/afs5.pdf,afs5.pdf,demands_for_grants
2025-2026,https://www.indiabudget.gov.in/budget2025-26/index.php,https://www.indiabudget.gov.in/budget2025-26/doc/AFS/afs5.xlsx,afs5.xlsx,demands_for_grants
2025-2026,https://www.indiabudget.gov.in/budget2025-26/index.php,https://www.indiabudget.gov.in/budget2025-26/doc/AFS/afs6.pdf,afs6.pdf,demands_for_grants
2025-2026,https://www.indiabudget.gov.in/budget2025-26/index.php,https://www.indiabudget.gov.in/budget2025-26/doc/AFS/afs6.xlsx,afs6.xlsx,demands_for_grants
2025-2026,https://www.indiabudget.gov.in/budget2025-26/index.php,https://www.indiabudget.gov.in/budget2025-26/doc/AFS/afs7.pdf,afs7.pdf,demands_for_grants
2025-2026,https://www.indiabudget.gov.in/budget2025-26/index.php,https://www.indiabudget.gov.in/budget2025-26/doc/AFS/afs7.xlsx,afs7.xlsx,demands_for_grants
2025-2026,https://www.indiabudget.gov.in/budget2025-26/index.php,https://www.indiabudget.gov.in/budget2025-26/doc/AFS/afs8.pdf,afs8.pdf,demands_for_grants
2025-2026,https://www.indiabudget.gov.in/budget2025-26/index.php,https://www.indiabudget.gov.in/budget2025-26/doc/AFS/afs8.xlsx,afs8.xlsx,demands_for_grants
2025-2026,https://www.indiabudget.gov.in/budget2025-26/index.php,https://www.indiabudget.gov.in/budget2025-26/doc/AFS/afs9.pdf,afs9.pdf,demands_for_grants
2025-2026,https://www.indiabudget.gov.in/budget2025-26/index.php,https://www.indiabudget.gov.in/budget2025-26/doc/AFS/afs9.xlsx,afs9.xlsx,demands_for_grants
2025-2026,https://www.indiabudget.gov.in/budget2025-26/index.php,https://www.indiabudget.gov.in/budget2025-26/doc/memo.pdf,memo.pdf,demands_for_grants
2025-2026,https://www.indiabudget.gov.in/budget2025-26/index.php,https://www.indiabudget.gov.in/budget2025-26/doc/Finance_Bill.pdf,Finance_Bill.pdf,demands_for_grants
2025-2026,https://www.indiabudget.gov.in/budget2025-26/index.php,https://www.indiabudget.gov.in/budget2025-26/doc/frbm1.pdf,frbm1.pdf,demands_for_grants
2025-2026,https://www.indiabudget.gov.in/budget2025-26/index.php,https://www.indiabudget.gov.in/budget2025-26/doc/OutcomeBudgetE2025_2026.pdf,OutcomeBudgetE2025_2026.pdf,demands_for_grants
2025-2026,https://www.indiabudget.gov.in/budget2025-26/index.php,https://www.indiabudget.gov.in/budget2025-26/doc/cen/cus0325.pdf,cus0325.pdf,demands_for_grants
2025-2026,https://www.indiabudget.gov.in/budget2025-26/index.php,https://www.indiabudget.gov.in/budget2025-26/doc/cen/cus0425.pdf,cus0425.pdf,demands_for_grants
2025-2026,https://www.indiabudget.gov.in/budget2025-26/index.php,https://www.indiabudget.gov.in/budget2025-26/doc/cen/cus0525.pdf,cus0525.pdf,demands_for_grants
2025-2026,https://www.indiabudget.gov.in/budget2025-26/index.php,https://www.indiabudget.gov.in/budget2025-26/doc/cen/cus0625.pdf,cus0625.pdf,demands_for_grants
2025-2026,https://www.indiabudget.gov.in/budget2025-26/index.php,https://www.indiabudget.gov.in/budget2025-26/doc/cen/cus0725.pdf,cus0725.pdf,demands_for_grants
2025-2026,https://www.indiabudget.gov.in/budget2025-26/index.php,https://www.indiabudget.gov.in/budget2025-26/doc/cen/cus0825.pdf,cus0825.pdf,demands_for_grants
2025-2026,https://www.indiabudget.gov.in/budget2025-26/index.php,https://www.indiabudget.gov.in/budget2025-26/doc/cen/cus0925.pdf,cus0925.pdf,demands_for_grants
2025-2026,https://www.indiabudget.gov.in/budget2025-26/index.php,https://www.indiabudget.gov.in/budget2025-26/doc/cen/cus1025.pdf,cus1025.pdf,demands_for_grants
2025-2026,https://www.indiabudget.gov.in/budget2025-26/index.php,https://www.indiabudget.gov.in/budget2025-26/doc/cen/cus1125.pdf,cus1125.pdf,demands_for_grants
2025-2026,https://www.indiabudget.gov.in/budget2025-26/index.php,https://www.indiabudget.gov.in/budget2025-26/doc/cen/cus1225.pdf,cus1225.pdf,demands_for_grants
2025-2026,https://www.indiabudget.gov.in/budget2025-26/index.php,https://www.indiabudget.gov.in/budget2025-26/doc/cen/cus1325.pdf,cus1325.pdf,demands_for_grants
2025-2026,https://www.indiabudget.gov.in/budget2025-26/index.php,https://www.indiabudget.gov.in/budget2025-26/doc/cen/cus0725nt.pdf,cus0725nt.pdf,demands_for_grants
2025-2026,https://www.indiabudget.gov.in/budget2025-26/index.php,https://www.indiabudget.gov.in/budget2025-26/doc/cen/cex0125.pdf,cex0125.pdf,demands_for_grants
2025-2026,https://www.indiabudget.gov.in/budget2025-26/index.php,https://www.indiabudget.gov.in/budget2025-26/doc/cen/explanatorynote.pdf,explanatorynote.pdf,demands_for_grants
2025-2026,https://www.indiabudget.gov.in/budget2025-26/index.php,https://www.indiabudget.gov.in/budget2025-26/doc/cen/dojstru1.pdf,dojstru1.pdf,demands_for_grants
2025-2026,https://www.indiabudget.gov.in/budget2025-26/index.php,https://www.indiabudget.gov.in/budget2025-26/doc/impbud2024-25.pdf,impbud2024-25.pdf,demands_for_grants
2025-2026,https://www.indiabudget.gov.in/budget2025-26/index.php,https://www.indiabudget.gov.in/budget2025-26/doc/Budget_at_Glance/budget_at_a_glance.pdf,budget_at_a_glance.pdf,full_budget_document
2025-2026,https://www.indiabudget.gov.in/budget2025-26/index.php,https://www.indiabudget.gov.in/budget2025-26/doc/Budget_at_Glance/bag1.pdf,bag1.pdf,demands_for_grants
2025-2026,https://www.indiabudget.gov.in/budget2025-26/index.php,https://www.indiabudget.gov.in/budget2025-26/doc/Budget_at_Glance/bag1.xlsx,bag1.xlsx,demands_for_grants
2025-2026,https://www.indiabudget.gov.in/budget2025-26/index.php,https://www.indiabudget.gov.in/budget2025-26/doc/Budget_at_Glance/bag2.pdf,bag2.pdf,demands_for_grants
2025-2026,https://www.indiabudget.gov.in/budget2025-26/index.php,https://www.indiabudget.gov.in/budget2025-26/doc/Budget_at_Glance/bag2.xlsx,bag2.xlsx,demands_for_grants
2025-2026,https://www.indiabudget.gov.in/budget2025-26/index.php,https://www.indiabudget.gov.in/budget2025-26/doc/Budget_at_Glance/bag5.pdf,bag5.pdf,demands_for_grants
2025-2026,https://www.indiabudget.gov.in/budget2025-26/index.php,https://www.indiabudget.gov.in/budget2025-26/doc/Budget_at_Glance/bag5.xlsx,bag5.xlsx,demands_for_grants
2025-2026,https://www.indiabudget.gov.in/budget2025-26/index.php,https://www.indiabudget.gov.in/budget2025-26/doc/Budget_at_Glance/bag6.pdf,bag6.pdf,demands_for_grants
2025-2026,https://www.indiabudget.gov.in/budget2025-26/index.php,https://www.indiabudget.gov.in/budget2025-26/doc/Budget_at_Glance/bag6.xlsx,bag6.xlsx,demands_for_grants
2025-2026,https://www.indiabudget.gov.in/budget2025-26/index.php,https://www.indiabudget.gov.in/budget2025-26/doc/Budget_at_Glance/bag3.pdf,bag3.pdf,demands_for_grants
2025-2026,https://www.indiabudget.gov.in/budget2025-26/index.php,https://www.indiabudget.gov.in/budget2025-26/doc/Budget_at_Glance/bag3.xlsx,bag3.xlsx,demands_for_grants
2025-2026,https://www.indiabudget.gov.in/budget2025-26/index.php,https://www.indiabudget.gov.in/budget2025-26/doc/Budget_at_Glance/bag4.pdf,bag4.pdf,demands_for_grants
2025-2026,https://www.indiabudget.gov.in/budget2025-26/index.php,https://www.indiabudget.gov.in/budget2025-26/doc/Budget_at_Glance/bag7.pdf,bag7.pdf,demands_for_grants
2025-2026,https://www.indiabudget.gov.in/budget2025-26/index.php,https://www.indiabudget.gov.in/budget2025-26/doc/Budget_at_Glance/bag7.xlsx,bag7.xlsx,demands_for_grants
2025-2026,https://www.indiabudget.gov.in/budget2025-26/index.php,https://www.indiabudget.gov.in/budget2025-26/doc/eb/vol1.pdf,vol1.pdf,demands_for_grants
2025-2026,https://www.indiabudget.gov.in/budget2025-26/index.php,https://www.indiabudget.gov.in/budget2025-26/doc/eb/intro.pdf,intro.pdf,demands_for_grants
2025-2026,https://www.indiabudget.gov.in/budget2025-26/index.php,https://www.indiabudget.gov.in/budget2025-26/doc/eb/stat1.pdf,stat1.pdf,demands_for_grants
2025-2026,https://www.indiabudget.gov.in/budget2025-26/index.php,https://www.indiabudget.gov.in/budget2025-26/doc/eb/stat1.xlsx,stat1.xlsx,demands_for_grants
2025-2026,https://www.indiabudget.gov.in/budget2025-26/index.php,https://www.indiabudget.gov.in/budget2025-26/doc/eb/stat2a.pdf,stat2a.pdf,demands_for_grants
2025-2026,https://www.indiabudget.gov.in/budget2025-26/index.php,https://www.indiabudget.gov.in/budget2025-26/doc/eb/stat2b.pdf,stat2b.pdf,demands_for_grants
2025-2026,https://www.indiabudget.gov.in/budget2025-26/index.php,https://www.indiabudget.gov.in/budget2025-26/doc/eb/stat3a.pdf,stat3a.pdf,demands_for_grants
2025-2026,https://www.indiabudget.gov.in/budget2025-26/index.php,https://www.indiabudget.gov.in/budget2025-26/doc/eb/stat3a.xlsx,stat3a.xlsx,demands_for_grants
2025-2026,https://www.indiabudget.gov.in/budget2025-26/index.php,https://www.indiabudget.gov.in/budget2025-26/doc/eb/stat4a.pdf,stat4a.pdf,demands_for_grants
2025-2026,https://www.indiabudget.gov.in/budget2025-26/index.php,https://www.indiabudget.gov.in/budget2025-26/doc/eb/stat4a.xlsx,stat4a.xlsx,demands_for_grants
2025-2026,https://www.indiabudget.gov.in/budget2025-26/index.php,https://www.indiabudget.gov.in/budget2025-26/doc/eb/stat4aa.pdf,stat4aa.pdf,demands_for_grants
2025-2026,https://www.indiabudget.gov.in/budget2025-26/index.php,https://www.indiabudget.gov.in/budget2025-26/doc/eb/stat4aa.xlsx,stat4aa.xlsx,demands_for_grants
2025-2026,https://www.indiabudget.gov.in/budget2025-26/index.php,https://www.indiabudget.gov.in/budget2025-26/doc/eb/stat4b.pdf,stat4b.pdf,demands_for_grants
2025-2026,https://www.indiabudget.gov.in/budget2025-26/index.php,https://www.indiabudget.gov.in/budget2025-26/doc/eb/stat4b.xlsx,stat4b.xlsx,demands_for_grants
2025-2026,https://www.indiabudget.gov.in/budget2025-26/index.php,https://www.indiabudget.gov.in/budget2025-26/doc/eb/stat4c.pdf,stat4c.pdf,demands_for_grants
2025-2026,https://www.indiabudget.gov.in/budget2025-26/index.php,https://www.indiabudget.gov.in/budget2025-26/doc/eb/stat4c.xlsx,stat4c.xlsx,demands_for_grants
2025-2026,https://www.indiabudget.gov.in/budget2025-26/index.php,https://www.indiabudget.gov.in/budget2025-26/doc/eb/stat4d.pdf,stat4d.pdf,demands_for_grants
2025-2026,https://www.indiabudget.gov.in/budget2025-26/index.php,https://www.indiabudget.gov.in/budget2025-26/doc/eb/stat4d.xlsx,stat4d.xlsx,demands_for_grants
2025-2026,https://www.indiabudget.gov.in/budget2025-26/index.php,https://www.indiabudget.gov.in/budget2025-26/doc/eb/stat5.pdf,stat5.pdf,demands_for_grants
2025-2026,https://www.indiabudget.gov.in/budget2025-26/index.php,https://www.indiabudget.gov.in/budget2025-26/doc/eb/stat5.xlsx,stat5.xlsx,demands_for_grants
2025-2026,https://www.indiabudget.gov.in/budget2025-26/index.php,https://www.indiabudget.gov.in/budget2025-26/doc/eb/stat6.pdf,stat6.pdf,demands_for_grants
2025-2026,https://www.indiabudget.gov.in/budget2025-26/index.php,https://www.indiabudget.gov.in/budget2025-26/doc/eb/stat6.xlsx,stat6.xlsx,demands_for_grants
2025-2026,https://www.indiabudget.gov.in/budget2025-26/index.php,https://www.indiabudget.gov.in/budget2025-26/doc/eb/stat7.pdf,stat7.pdf,demands_for_grants
2025-2026,https://www.indiabudget.gov.in/budget2025-26/index.php,https://www.indiabudget.gov.in/budget2025-26/doc/eb/stat7.xlsx,stat7.xlsx,demands_for_grants
2025-2026,https://www.indiabudget.gov.in/budget2025-26/index.php,https://www.indiabudget.gov.in/budget2025-26/doc/eb/stat8.pdf,stat8.pdf,demands_for_grants
2025-2026,https://www.indiabudget.gov.in/budget2025-26/index.php,https://www.indiabudget.gov.in/budget2025-26/doc/eb/stat8.xlsx,stat8.xlsx,demands_for_grants
2025-2026,https://www.indiabudget.gov.in/budget2025-26/index.php,https://www.indiabudget.gov.in/budget2025-26/doc/eb/stat9.pdf,stat9.pdf,demands_for_grants
2025-2026,https://www.indiabudget.gov.in/budget2025-26/index.php,https://www.indiabudget.gov.in/budget2025-26/doc/eb/stat9.xlsx,stat9.xlsx,demands_for_grants
2025-2026,https://www.indiabudget.gov.in/budget2025-26/index.php,https://www.indiabudget.gov.in/budget2025-26/doc/eb/stat10a.pdf,stat10a.pdf,demands_for_grants
2025-2026,https://www.indiabudget.gov.in/budget2025-26/index.php,https://www.indiabudget.gov.in/budget2025-26/doc/eb/stat10a.xlsx,stat10a.xlsx,demands_for_grants
2025-2026,https://www.indiabudget.gov.in/budget2025-26/index.php,https://www.indiabudget.gov.in/budget2025-26/doc/eb/stat10b.pdf,stat10b.pdf,demands_for_grants
2025-2026,https://www.indiabudget.gov.in/budget2025-26/index.php,https://www.indiabudget.gov.in/budget2025-26/doc/eb/stat10b.xlsx,stat10b.xlsx,demands_for_grants
2025-2026,https://www.indiabudget.gov.in/budget2025-26/index.php,https://www.indiabudget.gov.in/budget2025-26/doc/eb/stat10bb.pdf,stat10bb.pdf,demands_for_grants
2025-2026,https://www.indiabudget.gov.in/budget2025-26/index.php,https://www.indiabudget.gov.in/budget2025-26/doc/eb/stat10bb.xlsx,stat10bb.xlsx,demands_for_grants
2025-2026,https://www.indiabudget.gov.in/budget2025-26/index.php,https://www.indiabudget.gov.in/budget2025-26/doc/eb/stat10bbb.pdf,stat10bbb.pdf,demands_for_grants
2025-2026,https://www.indiabudget.gov.in/budget2025-26/index.php,https://www.indiabudget.gov.in/budget2025-26/doc/eb/stat10bbb.xlsx,stat10bbb.xlsx,demands_for_grants
2025-2026,https://www.indiabudget.gov.in/budget2025-26/index.php,https://www.indiabudget.gov.in/budget2025-26/doc/eb/stat11.pdf,stat11.pdf,demands_for_grants
2025-2026,https://www.indiabudget.gov.in/budget2025-26/index.php,https://www.indiabudget.gov.in/budget2025-26/doc/eb/stat11.xlsx,stat11.xlsx,demands_for_grants
2025-2026,https://www.indiabudget.gov.in/budget2025-26/index.php,https://www.indiabudget.gov.in/budget2025-26/doc/eb/stat12.pdf,stat12.pdf,demands_for_grants
2025-2026,https://www.indiabudget.gov.in/budget2025-26/index.php,https://www.indiabudget.gov.in/budget2025-26/doc/eb/stat12.xlsx,stat12.xlsx,demands_for_grants
2025-2026,https://www.indiabudget.gov.in/budget2025-26/index.php,https://www.indiabudget.gov.in/budget2025-26/doc/eb/stat13.pdf,stat13.pdf,demands_for_grants
2025-2026,https://www.indiabudget.gov.in/budget2025-26/index.php,https://www.indiabudget.gov.in/budget2025-26/doc/eb/stat13.xlsx,stat13.xlsx,demands_for_grants
2025-2026,https://www.indiabudget.gov.in/budget2025-26/index.php,https://www.indiabudget.gov.in/budget2025-26/doc/eb/stat14.pdf,stat14.pdf,demands_for_grants
2025-2026,https://www.indiabudget.gov.in/budget2025-26/index.php,https://www.indiabudget.gov.in/budget2025-26/doc/eb/stat14.xlsx,stat14.xlsx,demands_for_grants
2025-2026,https://www.indiabudget.gov.in/budget2025-26/index.php,https://www.indiabudget.gov.in/budget2025-26/doc/eb/stat15.pdf,stat15.pdf,demands_for_grants
2025-2026,https://www.indiabudget.gov.in/budget2025-26/index.php,https://www.indiabudget.gov.in/budget2025-26/doc/eb/stat15.xlsx,stat15.xlsx,demands_for_grants
2025-2026,https://www.indiabudget.gov.in/budget2025-26/index.php,https://www.indiabudget.gov.in/budget2025-26/doc/eb/stat15a.pdf,stat15a.pdf,demands_for_grants
2025-2026,https://www.indiabudget.gov.in/budget2025-26/index.php,https://www.indiabudget.gov.in/budget2025-26/doc/eb/stat16.pdf,stat16.pdf,demands_for_grants
2025-2026,https://www.indiabudget.gov.in/budget2025-26/index.php,https://www.indiabudget.gov.in/budget2025-26/doc/eb/stat16.xlsx,stat16.xlsx,demands_for_grants
2025-2026,https://www.indiabudget.gov.in/budget2025-26/index.php,https://www.indiabudget.gov.in/budget2025-26/doc/eb/stat17.pdf,stat17.pdf,demands_for_grants
2025-2026,https://www.indiabudget.gov.in/budget2025-26/index.php,https://www.indiabudget.gov.in/budget2025-26/doc/eb/stat17.xlsx,stat17.xlsx,demands_for_grants
2025-2026,https://www.indiabudget.gov.in/budget2025-26/index.php,https://www.indiabudget.gov.in/budget2025-26/doc/eb/stat18.pdf,stat18.pdf,demands_for_grants
2025-2026,https://www.indiabudget.gov.in/budget2025-26/index.php,https://www.indiabudget.gov.in/budget2025-26/doc/eb/stat18.xlsx,stat18.xlsx,demands_for_grants
2025-2026,https://www.indiabudget.gov.in/budget2025-26/index.php,https://www.indiabudget.gov.in/budget2025-26/doc/eb/stat19.pdf,stat19.pdf,demands_for_grants
2025-2026,https://www.indiabudget.gov.in/budget2025-26/index.php,https://www.indiabudget.gov.in/budget2025-26/doc/eb/stat20.pdf,stat20.pdf,demands_for_grants
2025-2026,https://www.indiabudget.gov.in/budget2025-26/index.php,https://www.indiabudget.gov.in/budget2025-26/doc/eb/stat20.xlsx,stat20.xlsx,demands_for_grants
2025-2026,https://www.indiabudget.gov.in/budget2025-26/index.php,https://www.indiabudget.gov.in/budget2025-26/doc/eb/stat21.pdf,stat21.pdf,demands_for_grants
2025-2026,https://www.indiabudget.gov.in/budget2025-26/index.php,https://www.indiabudget.gov.in/budget2025-26/doc/eb/stat21.xlsx,stat21.xlsx,demands_for_grants
2025-2026,https://www.indiabudget.gov.in/budget2025-26/index.php,https://www.indiabudget.gov.in/budget2025-26/doc/eb/stat22.pdf,stat22.pdf,demands_for_grants
2025-2026,https://www.indiabudget.gov.in/budget2025-26/index.php,https://www.indiabudget.gov.in/budget2025-26/doc/eb/stat22.xlsx,stat22.xlsx,demands_for_grants
2025-2026,https://www.indiabudget.gov.in/budget2025-26/index.php,https://www.indiabudget.gov.in/budget2025-26/doc/eb/stat23.pdf,stat23.pdf,demands_for_grants
2025-2026,https://www.indiabudget.gov.in/budget2025-26/index.php,https://www.indiabudget.gov.in/budget2025-26/doc/eb/stat23.xlsx,stat23.xlsx,demands_for_grants
2025-2026,https://www.indiabudget.gov.in/budget2025-26/index.php,https://www.indiabudget.gov.in/budget2025-26/doc/eb/stat24.pdf,stat24.pdf,demands_for_grants
2025-2026,https://www.indiabudget.gov.in/budget2025-26/index.php,https://www.indiabudget.gov.in/budget2025-26/doc/eb/stat24.xlsx,stat24.xlsx,demands_for_grants
2025-2026,https://www.indiabudget.gov.in/budget2025-26/index.php,https://www.indiabudget.gov.in/budget2025-26/doc/eb/stat25.pdf,stat25.pdf,demands_for_grants
2025-2026,https://www.indiabudget.gov.in/budget2025-26/index.php,https://www.indiabudget.gov.in/budget2025-26/doc/eb/stat25.xlsx,stat25.xlsx,demands_for_grants
2025-2026,https://www.indiabudget.gov.in/budget2025-26/index.php,https://www.indiabudget.gov.in/budget2025-26/doc/eb/stat26.pdf,stat26.pdf,demands_for_grants
2025-2026,https://www.indiabudget.gov.in/budget2025-26/index.php,https://www.indiabudget.gov.in/budget2025-26/doc/eb/stat26.xlsx,stat26.xlsx,demands_for_grants
2025-2026,https://www.indiabudget.gov.in/budget2025-26/index.php,https://www.indiabudget.gov.in/budget2025-26/doc/eb/stat27.pdf,stat27.pdf,demands_for_grants
2025-2026,https://www.indiabudget.gov.in/budget2025-26/index.php,https://www.indiabudget.gov.in/budget2025-26/doc/eb/stat27a.pdf,stat27a.pdf,demands_for_grants
2025-2026,https://www.indiabudget.gov.in/budget2025-26/index.php,https://www.indiabudget.gov.in/budget2025-26/doc/eb/railstat1.pdf,railstat1.pdf,demands_for_grants
2025-2026,https://www.indiabudget.gov.in/budget2025-26/index.php,https://www.indiabudget.gov.in/budget2025-26/doc/eb/railstat1.xlsx,railstat1.xlsx,demands_for_grants
2025-2026,https://www.indiabudget.gov.in/budget2025-26/index.php,https://www.indiabudget.gov.in/budget2025-26/doc/eb/railstat2.pdf,railstat2.pdf,demands_for_grants
2025-2026,https://www.indiabudget.gov.in/budget2025-26/index.php,https://www.indiabudget.gov.in/budget2025-26/doc/eb/railstat2.xlsx,railstat2.xlsx,demands_for_grants
2025-2026,https://www.indiabudget.gov.in/budget2025-26/index.php,https://www.indiabudget.gov.in/budget2025-26/doc/eb/railstat3.pdf,railstat3.pdf,demands_for_grants
2025-2026,https://www.indiabudget.gov.in/budget2025-26/index.php,https://www.indiabudget.gov.in/budget2025-26/doc/eb/railstat3.xlsx,railstat3.xlsx,demands_for_grants
2025-2026,https://www.indiabudget.gov.in/budget2025-26/index.php,https://www.indiabudget.gov.in/budget2025-26/doc/eb/railstat4.pdf,railstat4.pdf,demands_for_grants
2025-2026,https://www.indiabudget.gov.in/budget2025-26/index.php,https://www.indiabudget.gov.in/budget2025-26/doc/eb/railstat4.xlsx,railstat4.xlsx,demands_for_grants
2025-2026,https://www.indiabudget.gov.in/budget2025-26/index.php,https://www.indiabudget.gov.in/budget2025-26/doc/eb/railstat5.pdf,railstat5.pdf,demands_for_grants
2025-2026,https://www.indiabudget.gov.in/budget2025-26/index.php,https://www.indiabudget.gov.in/budget2025-26/doc/eb/railstat5.xlsx,railstat5.xlsx,demands_for_grants
2025-2026,https://www.indiabudget.gov.in/budget2025-26/index.php,https://www.indiabudget.gov.in/budget2025-26/doc/eb/railstat6.pdf,railstat6.pdf,demands_for_grants
2025-2026,https://www.indiabudget.gov.in/budget2025-26/index.php,https://www.indiabudget.gov.in/budget2025-26/doc/eb/railstat6.xlsx,railstat6.xlsx,demands_for_grants
2025-2026,https://www.indiabudget.gov.in/budget2025-26/index.php,https://www.indiabudget.gov.in/budget2025-26/doc/eb/railstat7.pdf,railstat7.pdf,demands_for_grants
2025-2026,https://www.indiabudget.gov.in/budget2025-26/index.php,https://www.indiabudget.gov.in/budget2025-26/doc/eb/railstat7.xlsx,railstat7.xlsx,demands_for_grants
2025-2026,https://www.indiabudget.gov.in/budget2025-26/index.php,https://www.indiabudget.gov.in/budget2025-26/doc/eb/allsbe.pdf,allsbe.pdf,expenditure_budget
2025-2026,https://www.indiabudget.gov.in/budget2025-26/index.php,https://www.indiabudget.gov.in/budget2025-26/doc/eb/allsbe.xls,allsbe.xls,expenditure_budget
2025-2026,https://www.indiabudget.gov.in/budget2025-26/index.php,https://www.indiabudget.gov.in/budget2025-26/doc/eb/sumsbe.pdf,sumsbe.pdf,expenditure_budget
2025-2026,https://www.indiabudget.gov.in/budget2025-26/index.php,https://www.indiabudget.gov.in/budget2025-26/doc/eb/sbe1.pdf,sbe1.pdf,expenditure_budget
2025-2026,https://www.indiabudget.gov.in/budget2025-26/index.php,https://www.indiabudget.gov.in/budget2025-26/doc/eb/sbe1.xlsx,sbe1.xlsx,expenditure_budget
2025-2026,https://www.indiabudget.gov.in/budget2025-26/index.php,https://www.indiabudget.gov.in/budget2025-26/doc/eb/sbe2.pdf,sbe2.pdf,expenditure_budget
2025-2026,https://www.indiabudget.gov.in/budget2025-26/index.php,https://www.indiabudget.gov.in/budget2025-26/doc/eb/sbe2.xlsx,sbe2.xlsx,expenditure_budget
2025-2026,https://www.indiabudget.gov.in/budget2025-26/index.php,https://www.indiabudget.gov.in/budget2025-26/doc/eb/sbe3.pdf,sbe3.pdf,expenditure_budget
2025-2026,https://www.indiabudget.gov.in/budget2025-26/index.php,https://www.indiabudget.gov.in/budget2025-26/doc/eb/sbe3.xlsx,sbe3.xlsx,expenditure_budget
2025-2026,https://www.indiabudget.gov.in/budget2025-26/index.php,https://www.indiabudget.gov.in/budget2025-26/doc/eb/sbe4.pdf,sbe4.pdf,expenditure_budget
2025-2026,https://www.indiabudget.gov.in/budget2025-26/index.php,https://www.indiabudget.gov.in/budget2025-26/doc/eb/sbe4.xlsx,sbe4.xlsx,expenditure_budget
2025-2026,https://www.indiabudget.gov.in/budget2025-26/index.php,https://www.indiabudget.gov.in/budget2025-26/doc/eb/sbe5.pdf,sbe5.pdf,expenditure_budget
2025-2026,https://www.indiabudget.gov.in/budget2025-26/index.php,https://www.indiabudget.gov.in/budget2025-26/doc/eb/sbe5.xlsx,sbe5.xlsx,expenditure_budget
2025-2026,https://www.indiabudget.gov.in/budget2025-26/index.php,https://www.indiabudget.gov.in/budget2025-26/doc/eb/sbe6.pdf,sbe6.pdf,expenditure_budget
2025-2026,https://www.indiabudget.gov.in/budget2025-26/index.php,https://www.indiabudget.gov.in/budget2025-26/doc/eb/sbe6.xlsx,sbe6.xlsx,expenditure_budget
2025-2026,https://www.indiabudget.gov.in/budget2025-26/index.php,https://www.indiabudget.gov.in/budget2025-26/doc/eb/sbe7.pdf,sbe7.pdf,expenditure_budget
2025-2026,https://www.indiabudget.gov.in/budget2025-26/index.php,https://www.indiabudget.gov.in/budget2025-26/doc/eb/sbe7.xlsx,sbe7.xlsx,expenditure_budget
2025-2026,https://www.indiabudget.gov.in/budget2025-26/index.php,https://www.indiabudget.gov.in/budget2025-26/doc/eb/sbe8.pdf,sbe8.pdf,expenditure_budget
2025-2026,https://www.indiabudget.gov.in/budget2025-26/index.php,https://www.indiabudget.gov.in/budget2025-26/doc/eb/sbe8.xlsx,sbe8.xlsx,expenditure_budget
2025-2026,https://www.indiabudget.gov.in/budget2025-26/index.php,https://www.indiabudget.gov.in/budget2025-26/doc/eb/sbe9.pdf,sbe9.pdf,expenditure_budget
2025-2026,https://www.indiabudget.gov.in/budget2025-26/index.php,https://www.indiabudget.gov.in/budget2025-26/doc/eb/sbe9.xlsx,sbe9.xlsx,expenditure_budget
2025-2026,https://www.indiabudget.gov.in/budget2025-26/index.php,https://www.indiabudget.gov.in/budget2025-26/doc/eb/sbe10.pdf,sbe10.pdf,expenditure_budget
2025-2026,https://www.indiabudget.gov.in/budget2025-26/index.php,https://www.indiabudget.gov.in/budget2025-26/doc/eb/sbe10.xlsx,sbe10.xlsx,expenditure_budget
2025-2026,https://www.indiabudget.gov.in/budget2025-26/index.php,https://www.indiabudget.gov.in/budget2025-26/doc/eb/sbe11.pdf,sbe11.pdf,expenditure_budget
2025-2026,https://www.indiabudget.gov.in/budget2025-26/index.php,https://www.indiabudget.gov.in/budget2025-26/doc/eb/sbe11.xlsx,sbe11.xlsx,expenditure_budget
2025-2026,https://www.indiabudget.gov.in/budget2025-26/index.php,https://www.indiabudget.gov.in/budget2025-26/doc/eb/sbe12.pdf,sbe12.pdf,expenditure_budget
2025-2026,https://www.indiabudget.gov.in/budget2025-26/index.php,https://www.indiabudget.gov.in/budget2025-26/doc/eb/sbe12.xlsx,sbe12.xlsx,expenditure_budget
2025-2026,https://www.indiabudget.gov.in/budget2025-26/index.php,https://www.indiabudget.gov.in/budget2025-26/doc/eb/sbe13.pdf,sbe13.pdf,expenditure_budget
2025-2026,https://www.indiabudget.gov.in/budget2025-26/index.php,https://www.indiabudget.gov.in/budget2025-26/doc/eb/sbe13.xlsx,sbe13.xlsx,expenditure_budget
2025-2026,https://www.indiabudget.gov.in/budget2025-26/index.php,https://www.indiabudget.gov.in/budget2025-26/doc/eb/sbe14.pdf,sbe14.pdf,expenditure_budget
2025-2026,https://www.indiabudget.gov.in/budget2025-26/index.php,https://www.indiabudget.gov.in/budget2025-26/doc/eb/sbe14.xlsx,sbe14.xlsx,expenditure_budget
2025-2026,https://www.indiabudget.gov.in/budget2025-26/index.php,https://www.indiabudget.gov.in/budget2025-26/doc/eb/sbe15.pdf,sbe15.pdf,expenditure_budget
2025-2026,https://www.indiabudget.gov.in/budget2025-26/index.php,https://www.indiabudget.gov.in/budget2025-26/doc/eb/sbe15.xlsx,sbe15.xlsx,expenditure_budget
2025-2026,https://www.indiabudget.gov.in/budget2025-26/index.php,https://www.indiabudget.gov.in/budget2025-26/doc/eb/sbe16.pdf,sbe16.pdf,expenditure_budget
2025-2026,https://www.indiabudget.gov.in/budget2025-26/index.php,https://www.indiabudget.gov.in/budget2025-26/doc/eb/sbe16.xlsx,sbe16.xlsx,expenditure_budget
2025-2026,https://www.indiabudget.gov.in/budget2025-26/index.php,https://www.indiabudget.gov.in/budget2025-26/doc/eb/sbe17.pdf,sbe17.pdf,expenditure_budget
2025-2026,https://www.indiabudget.gov.in/budget2025-26/index.php,https://www.indiabudget.gov.in/budget2025-26/doc/eb/sbe17.xlsx,sbe17.xlsx,expenditure_budget
2025-2026,https://www.indiabudget.gov.in/budget2025-26/index.php,https://www.indiabudget.gov.in/budget2025-26/doc/eb/sbe18.pdf,sbe18.pdf,expenditure_budget
2025-2026,https://www.indiabudget.gov.in/budget2025-26/index.php,https://www.indiabudget.gov.in/budget2025-26/doc/eb/sbe18.xlsx,sbe18.xlsx,expenditure_budget
2025-2026,https://www.indiabudget.gov.in/budget2025-26/index.php,https://www.indiabudget.gov.in/budget2025-26/doc/eb/sbe19.pdf,sbe19.pdf,expenditure_budget
2025-2026,https://www.indiabudget.gov.in/budget2025-26/index.php,https://www.indiabudget.gov.in/budget2025-26/doc/eb/sbe19.xlsx,sbe19.xlsx,expenditure_budget
2025-2026,https://www.indiabudget.gov.in/budget2025-26/index.php,https://www.indiabudget.gov.in/budget2025-26/doc/eb/sbe20.pdf,sbe20.pdf,expenditure_budget
2025-2026,https://www.indiabudget.gov.in/budget2025-26/index.php,https://www.indiabudget.gov.in/budget2025-26/doc/eb/sbe20.xlsx,sbe20.xlsx,expenditure_budget
2025-2026,https://www.indiabudget.gov.in/budget2025-26/index.php,https://www.indiabudget.gov.in/budget2025-26/doc/eb/sbe21.pdf,sbe21.pdf,expenditure_budget
2025-2026,https://www.indiabudget.gov.in/budget2025-26/index.php,https://www.indiabudget.gov.in/budget2025-26/doc/eb/sbe21.xlsx,sbe21.xlsx,expenditure_budget
2025-2026,https://www.indiabudget.gov.in/budget2025-26/index.php,https://www.indiabudget.gov.in/budget2025-26/doc/eb/sbe22.pdf,sbe22.pdf,expenditure_budget
2025-2026,https://www.indiabudget.gov.in/budget2025-26/index.php,https://www.indiabudget.gov.in/budget2025-26/doc/eb/sbe22.xlsx,sbe22.xlsx,expenditure_budget
2025-2026,https://www.indiabudget.gov.in/budget2025-26/index.php,https://www.indiabudget.gov.in/budget2025-26/doc/eb/sbe23.pdf,sbe23.pdf,expenditure_budget
2025-2026,https://www.indiabudget.gov.in/budget2025-26/index.php,https://www.indiabudget.gov.in/budget2025-26/doc/eb/sbe23.xlsx,sbe23.xlsx,expenditure_budget
2025-2026,https://www.indiabudget.gov.in/budget2025-26/index.php,https://www.indiabudget.gov.in/budget2025-26/doc/eb/sbe24.pdf,sbe24.pdf,expenditure_budget
2025-2026,https://www.indiabudget.gov.in/budget2025-26/index.php,https://www.indiabudget.gov.in/budget2025-26/doc/eb/sbe24.xlsx,sbe24.xlsx,expenditure_budget
2025-2026,https://www.indiabudget.gov.in/budget2025-26/index.php,https://www.indiabudget.gov.in/budget2025-26/doc/eb/sbe25.pdf,sbe25.pdf,expenditure_budget
2025-2026,https://www.indiabudget.gov.in/budget2025-26/index.php,https://www.indiabudget.gov.in/budget2025-26/doc/eb/sbe25.xlsx,sbe25.xlsx,expenditure_budget
2025-2026,https://www.indiabudget.gov.in/budget2025-26/index.php,https://www.indiabudget.gov.in/budget2025-26/doc/eb/sbe26.pdf,sbe26.pdf,expenditure_budget
2025-2026,https://www.indiabudget.gov.in/budget2025-26/index.php,https://www.indiabudget.gov.in/budget2025-26/doc/eb/sbe26.xlsx,sbe26.xlsx,expenditure_budget
2025-2026,https://www.indiabudget.gov.in/budget2025-26/index.php,https://www.indiabudget.gov.in/budget2025-26/doc/eb/sbe27.pdf,sbe27.pdf,expenditure_budget
2025-2026,https://www.indiabudget.gov.in/budget2025-26/index.php,https://www.indiabudget.gov.in/budget2025-26/doc/eb/sbe27.xlsx,sbe27.xlsx,expenditure_budget
2025-2026,https://www.indiabudget.gov.in/budget2025-26/index.php,https://www.indiabudget.gov.in/budget2025-26/doc/eb/sbe28.pdf,sbe28.pdf,expenditure_budget
2025-2026,https://www.indiabudget.gov.in/budget2025-26/index.php,https://www.indiabudget.gov.in/budget2025-26/doc/eb/sbe28.xlsx,sbe28.xlsx,expenditure_budget
2025-2026,https://www.indiabudget.gov.in/budget2025-26/index.php,https://www.indiabudget.gov.in/budget2025-26/doc/eb/sbe29.pdf,sbe29.pdf,expenditure_budget
2025-2026,https://www.indiabudget.gov.in/budget2025-26/index.php,https://www.indiabudget.gov.in/budget2025-26/doc/eb/sbe29.xlsx,sbe29.xlsx,expenditure_budget
2025-2026,https://www.indiabudget.gov.in/budget2025-26/index.php,https://www.indiabudget.gov.in/budget2025-26/doc/eb/sbe30.pdf,sbe30.pdf,expenditure_budget
2025-2026,https://www.indiabudget.gov.in/budget2025-26/index.php,https://www.indiabudget.gov.in/budget2025-26/doc/eb/sbe30.xlsx,sbe30.xlsx,expenditure_budget
2025-2026,https://www.indiabudget.gov.in/budget2025-26/index.php,https://www.indiabudget.gov.in/budget2025-26/doc/eb/sbe31.pdf,sbe31.pdf,expenditure_budget
2025-2026,https://www.indiabudget.gov.in/budget2025-26/index.php,https://www.indiabudget.gov.in/budget2025-26/doc/eb/sbe31.xlsx,sbe31.xlsx,expenditure_budget
2025-2026,https://www.indiabudget.gov.in/budget2025-26/index.php,https://www.indiabudget.gov.in/budget2025-26/doc/eb/sbe32.pdf,sbe32.pdf,expenditure_budget
2025-2026,https://www.indiabudget.gov.in/budget2025-26/index.php,https://www.indiabudget.gov.in/budget2025-26/doc/eb/sbe32.xlsx,sbe32.xlsx,expenditure_budget
2025-2026,https://www.indiabudget.gov.in/budget2025-26/index.php,https://www.indiabudget.gov.in/budget2025-26/doc/eb/sbe33.pdf,sbe33.pdf,expenditure_budget
2025-2026,https://www.indiabudget.gov.in/budget2025-26/index.php,https://www.indiabudget.gov.in/budget2025-26/doc/eb/sbe33.xlsx,sbe33.xlsx,expenditure_budget
2025-2026,https://www.indiabudget.gov.in/budget2025-26/index.php,https://www.indiabudget.gov.in/budget2025-26/doc/eb/sbe34.pdf,sbe34.pdf,expenditure_budget
2025-2026,https://www.indiabudget.gov.in/budget2025-26/index.php,https://www.indiabudget.gov.in/budget2025-26/doc/eb/sbe34.xlsx,sbe34.xlsx,expenditure_budget
2025-2026,https://www.indiabudget.gov.in/budget2025-26/index.php,https://www.indiabudget.gov.in/budget2025-26/doc/eb/sbe35.pdf,sbe35.pdf,expenditure_budget
2025-2026,https://www.indiabudget.gov.in/budget2025-26/index.php,https://www.indiabudget.gov.in/budget2025-26/doc/eb/sbe35.xlsx,sbe35.xlsx,expenditure_budget
2025-2026,https://www.indiabudget.gov.in/budget2025-26/index.php,https://www.indiabudget.gov.in/budget2025-26/doc/eb/sbe36.pdf,sbe36.pdf,expenditure_budget
2025-2026,https://www.indiabudget.gov.in/budget2025-26/index.php,https://www.indiabudget.gov.in/budget2025-26/doc/eb/sbe36.xlsx,sbe36.xlsx,expenditure_budget
2025-2026,https://www.indiabudget.gov.in/budget2025-26/index.php,https://www.indiabudget.gov.in/budget2025-26/doc/eb/sbe37.pdf,sbe37.pdf,expenditure_budget
2025-2026,https://www.indiabudget.gov.in/budget2025-26/index.php,https://www.indiabudget.gov.in/budget2025-26/doc/eb/sbe37.xlsx,sbe37.xlsx,expenditure_budget
2025-2026,https://www.indiabudget.gov.in/budget2025-26/index.php,https://www.indiabudget.gov.in/budget2025-26/doc/eb/sbe38.pdf,sbe38.pdf,expenditure_budget
2025-2026,https://www.indiabudget.gov.in/budget2025-26/index.php,https://www.indiabudget.gov.in/budget2025-26/doc/eb/sbe38.xlsx,sbe38.xlsx,expenditure_budget
2025-2026,https://www.indiabudget.gov.in/budget2025-26/index.php,https://www.indiabudget.gov.in/budget2025-26/doc/eb/sbe39.pdf,sbe39.pdf,expenditure_budget
2025-2026,https://www.indiabudget.gov.in/budget2025-26/index.php,https://www.indiabudget.gov.in/budget2025-26/doc/eb/sbe39.xlsx,sbe39.xlsx,expenditure_budget
2025-2026,https://www.indiabudget.gov.in/budget2025-26/index.php,https://www.indiabudget.gov.in/budget2025-26/doc/eb/sbe40.pdf,sbe40.pdf,expenditure_budget
2025-2026,https://www.indiabudget.gov.in/budget2025-26/index.php,https://www.indiabudget.gov.in/budget2025-26/doc/eb/sbe40.xlsx,sbe40.xlsx,expenditure_budget
2025-2026,https://www.indiabudget.gov.in/budget2025-26/index.php,https://www.indiabudget.gov.in/budget2025-26/doc/eb/sbe41.pdf,sbe41.pdf,expenditure_budget
2025-2026,https://www.indiabudget.gov.in/budget2025-26/index.php,https://www.indiabudget.gov.in/budget2025-26/doc/eb/sbe41.xlsx,sbe41.xlsx,expenditure_budget
2025-2026,https://www.indiabudget.gov.in/budget2025-26/index.php,https://www.indiabudget.gov.in/budget2025-26/doc/eb/sbe42.pdf,sbe42.pdf,expenditure_budget
2025-2026,https://www.indiabudget.gov.in/budget2025-26/index.php,https://www.indiabudget.gov.in/budget2025-26/doc/eb/sbe42.xlsx,sbe42.xlsx,expenditure_budget
2025-2026,https://www.indiabudget.gov.in/budget2025-26/index.php,https://www.indiabudget.gov.in/budget2025-26/doc/eb/sbe43.pdf,sbe43.pdf,expenditure_budget
2025-2026,https://www.indiabudget.gov.in/budget2025-26/index.php,https://www.indiabudget.gov.in/budget2025-26/doc/eb/sbe43.xlsx,sbe43.xlsx,expenditure_budget
2025-2026,https://www.indiabudget.gov.in/budget2025-26/index.php,https://www.indiabudget.gov.in/budget2025-26/doc/eb/sbe44.pdf,sbe44.pdf,expenditure_budget
2025-2026,https://www.indiabudget.gov.in/budget2025-26/index.php,https://www.indiabudget.gov.in/budget2025-26/doc/eb/sbe44.xlsx,sbe44.xlsx,expenditure_budget
2025-2026,https://www.indiabudget.gov.in/budget2025-26/index.php,https://www.indiabudget.gov.in/budget2025-26/doc/eb/sbe45.pdf,sbe45.pdf,expenditure_budget
2025-2026,https://www.indiabudget.gov.in/budget2025-26/index.php,https://www.indiabudget.gov.in/budget2025-26/doc/eb/sbe45.xlsx,sbe45.xlsx,expenditure_budget
2025-2026,https://www.indiabudget.gov.in/budget2025-26/index.php,https://www.indiabudget.gov.in/budget2025-26/doc/eb/sbe46.pdf,sbe46.pdf,expenditure_budget
2025-2026,https://www.indiabudget.gov.in/budget2025-26/index.php,https://www.indiabudget.gov.in/budget2025-26/doc/eb/sbe46.xlsx,sbe46.xlsx,expenditure_budget
2025-2026,https://www.indiabudget.gov.in/budget2025-26/index.php,https://www.indiabudget.gov.in/budget2025-26/doc/eb/sbe47.pdf,sbe47.pdf,expenditure_budget
2025-2026,https://www.indiabudget.gov.in/budget2025-26/index.php,https://www.indiabudget.gov.in/budget2025-26/doc/eb/sbe47.xlsx,sbe47.xlsx,expenditure_budget
2025-2026,https://www.indiabudget.gov.in/budget2025-26/index.php,https://www.indiabudget.gov.in/budget2025-26/doc/eb/sbe48.pdf,sbe48.pdf,expenditure_budget
2025-2026,https://www.indiabudget.gov.in/budget2025-26/index.php,https://www.indiabudget.gov.in/budget2025-26/doc/eb/sbe48.xlsx,sbe48.xlsx,expenditure_budget
2025-2026,https://www.indiabudget.gov.in/budget2025-26/index.php,https://www.indiabudget.gov.in/budget2025-26/doc/eb/sbe49.pdf,sbe49.pdf,expenditure_budget
2025-2026,https://www.indiabudget.gov.in/budget2025-26/index.php,https://www.indiabudget.gov.in/budget2025-26/doc/eb/sbe49.xlsx,sbe49.xlsx,expenditure_budget
2025-2026,https://www.indiabudget.gov.in/budget2025-26/index.php,https://www.indiabudget.gov.in/budget2025-26/doc/eb/sbe50.pdf,sbe50.pdf,expenditure_budget
2025-2026,https://www.indiabudget.gov.in/budget2025-26/index.php,https://www.indiabudget.gov.in/budget2025-26/doc/eb/sbe50.xlsx,sbe50.xlsx,expenditure_budget
2025-2026,https://www.indiabudget.gov.in/budget2025-26/index.php,https://www.indiabudget.gov.in/budget2025-26/doc/eb/sbe51.pdf,sbe51.pdf,expenditure_budget
2025-2026,https://www.indiabudget.gov.in/budget2025-26/index.php,https://www.indiabudget.gov.in/budget2025-26/doc/eb/sbe51.xlsx,sbe51.xlsx,expenditure_budget
2025-2026,https://www.indiabudget.gov.in/budget2025-26/index.php,https://www.indiabudget.gov.in/budget2025-26/doc/eb/sbe52.pdf,sbe52.pdf,expenditure_budget
2025-2026,https://www.indiabudget.gov.in/budget2025-26/index.php,https://www.indiabudget.gov.in/budget2025-26/doc/eb/sbe52.xlsx,sbe52.xlsx,expenditure_budget
2025-2026,https://www.indiabudget.gov.in/budget2025-26/index.php,https://www.indiabudget.gov.in/budget2025-26/doc/eb/sbe53.pdf,sbe53.pdf,expenditure_budget
2025-2026,https://www.indiabudget.gov.in/budget2025-26/index.php,https://www.indiabudget.gov.in/budget2025-26/doc/eb/sbe53.xlsx,sbe53.xlsx,expenditure_budget
2025-2026,https://www.indiabudget.gov.in/budget2025-26/index.php,https://www.indiabudget.gov.in/budget2025-26/doc/eb/sbe54.pdf,sbe54.pdf,expenditure_budget
2025-2026,https://www.indiabudget.gov.in/budget2025-26/index.php,https://www.indiabudget.gov.in/budget2025-26/doc/eb/sbe54.xlsx,sbe54.xlsx,expenditure_budget
2025-2026,https://www.indiabudget.gov.in/budget2025-26/index.php,https://www.indiabudget.gov.in/budget2025-26/doc/eb/sbe55.pdf,sbe55.pdf,expenditure_budget
2025-2026,https://www.indiabudget.gov.in/budget2025-26/index.php,https://www.indiabudget.gov.in/budget2025-26/doc/eb/sbe55.xlsx,sbe55.xlsx,expenditure_budget
2025-2026,https://www.indiabudget.gov.in/budget2025-26/index.php,https://www.indiabudget.gov.in/budget2025-26/doc/eb/sbe56.pdf,sbe56.pdf,expenditure_budget
2025-2026,https://www.indiabudget.gov.in/budget2025-26/index.php,https://www.indiabudget.gov.in/budget2025-26/doc/eb/sbe56.xlsx,sbe56.xlsx,expenditure_budget
2025-2026,https://www.indiabudget.gov.in/budget2025-26/index.php,https://www.indiabudget.gov.in/budget2025-26/doc/eb/sbe57.pdf,sbe57.pdf,expenditure_budget
2025-2026,https://www.indiabudget.gov.in/budget2025-26/index.php,https://www.indiabudget.gov.in/budget2025-26/doc/eb/sbe57.xlsx,sbe57.xlsx,expenditure_budget
2025-2026,https://www.indiabudget.gov.in/budget2025-26/index.php,https://www.indiabudget.gov.in/budget2025-26/doc/eb/sbe58.pdf,sbe58.pdf,expenditure_budget
2025-2026,https://www.indiabudget.gov.in/budget2025-26/index.php,https://www.indiabudget.gov.in/budget2025-26/doc/eb/sbe58.xlsx,sbe58.xlsx,expenditure_budget
2025-2026,https://www.indiabudget.gov.in/budget2025-26/index.php,https://www.indiabudget.gov.in/budget2025-26/doc/eb/sbe59.pdf,sbe59.pdf,expenditure_budget
2025-2026,https://www.indiabudget.gov.in/budget2025-26/index.php,https://www.indiabudget.gov.in/budget2025-26/doc/eb/sbe59.xlsx,sbe59.xlsx,expenditure_budget
2025-2026,https://www.indiabudget.gov.in/budget2025-26/index.php,https://www.indiabudget.gov.in/budget2025-26/doc/eb/sbe60.pdf,sbe60.pdf,expenditure_budget
2025-2026,https://www.indiabudget.gov.in/budget2025-26/index.php,https://www.indiabudget.gov.in/budget2025-26/doc/eb/sbe60.xlsx,sbe60.xlsx,expenditure_budget
2025-2026,https://www.indiabudget.gov.in/budget2025-26/index.php,https://www.indiabudget.gov.in/budget2025-26/doc/eb/sbe61.pdf,sbe61.pdf,expenditure_budget
2025-2026,https://www.indiabudget.gov.in/budget2025-26/index.php,https://www.indiabudget.gov.in/budget2025-26/doc/eb/sbe61.xlsx,sbe61.xlsx,expenditure_budget
2025-2026,https://www.indiabudget.gov.in/budget2025-26/index.php,https://www.indiabudget.gov.in/budget2025-26/doc/eb/sbe62.pdf,sbe62.pdf,expenditure_budget
2025-2026,https://www.indiabudget.gov.in/budget2025-26/index.php,https://www.indiabudget.gov.in/budget2025-26/doc/eb/sbe62.xlsx,sbe62.xlsx,expenditure_budget
2025-2026,https://www.indiabudget.gov.in/budget2025-26/index.php,https://www.indiabudget.gov.in/budget2025-26/doc/eb/sbe63.pdf,sbe63.pdf,expenditure_budget
2025-2026,https://www.indiabudget.gov.in/budget2025-26/index.php,https://www.indiabudget.gov.in/budget2025-26/doc/eb/sbe63.xlsx,sbe63.xlsx,expenditure_budget
2025-2026,https://www.indiabudget.gov.in/budget2025-26/index.php,https://www.indiabudget.gov.in/budget2025-26/doc/eb/sbe64.pdf,sbe64.pdf,expenditure_budget
2025-2026,https://www.indiabudget.gov.in/budget2025-26/index.php,https://www.indiabudget.gov.in/budget2025-26/doc/eb/sbe64.xlsx,sbe64.xlsx,expenditure_budget
2025-2026,https://www.indiabudget.gov.in/budget2025-26/index.php,https://www.indiabudget.gov.in/budget2025-26/doc/eb/sbe65.pdf,sbe65.pdf,expenditure_budget
2025-2026,https://www.indiabudget.gov.in/budget2025-26/index.php,https://www.indiabudget.gov.in/budget2025-26/doc/eb/sbe65.xlsx,sbe65.xlsx,expenditure_budget
2025-2026,https://www.indiabudget.gov.in/budget2025-26/index.php,https://www.indiabudget.gov.in/budget2025-26/doc/eb/sbe66.pdf,sbe66.pdf,expenditure_budget
2025-2026,https://www.indiabudget.gov.in/budget2025-26/index.php,https://www.indiabudget.gov.in/budget2025-26/doc/eb/sbe66.xlsx,sbe66.xlsx,expenditure_budget
2025-2026,https://www.indiabudget.gov.in/budget2025-26/index.php,https://www.indiabudget.gov.in/budget2025-26/doc/eb/sbe67.pdf,sbe67.pdf,expenditure_budget
2025-2026,https://www.indiabudget.gov.in/budget2025-26/index.php,https://www.indiabudget.gov.in/budget2025-26/doc/eb/sbe67.xlsx,sbe67.xlsx,expenditure_budget
2025-2026,https://www.indiabudget.gov.in/budget2025-26/index.php,https://www.indiabudget.gov.in/budget2025-26/doc/eb/sbe68.pdf,sbe68.pdf,expenditure_budget
2025-2026,https://www.indiabudget.gov.in/budget2025-26/index.php,https://www.indiabudget.gov.in/budget2025-26/doc/eb/sbe68.xlsx,sbe68.xlsx,expenditure_budget
2025-2026,https://www.indiabudget.gov.in/budget2025-26/index.php,https://www.indiabudget.gov.in/budget2025-26/doc/eb/sbe69.pdf,sbe69.pdf,expenditure_budget
2025-2026,https://www.indiabudget.gov.in/budget2025-26/index.php,https://www.indiabudget.gov.in/budget2025-26/doc/eb/sbe69.xlsx,sbe69.xlsx,expenditure_budget
2025-2026,https://www.indiabudget.gov.in/budget2025-26/index.php,https://www.indiabudget.gov.in/budget2025-26/doc/eb/sbe70.pdf,sbe70.pdf,expenditure_budget
2025-2026,https://www.indiabudget.gov.in/budget2025-26/index.php,https://www.indiabudget.gov.in/budget2025-26/doc/eb/sbe70.xlsx,sbe70.xlsx,expenditure_budget
2025-2026,https://www.indiabudget.gov.in/budget2025-26/index.php,https://www.indiabudget.gov.in/budget2025-26/doc/eb/sbe71.pdf,sbe71.pdf,expenditure_budget
2025-2026,https://www.indiabudget.gov.in/budget2025-26/index.php,https://www.indiabudget.gov.in/budget2025-26/doc/eb/sbe71.xlsx,sbe71.xlsx,expenditure_budget
2025-2026,https://www.indiabudget.gov.in/budget2025-26/index.php,https://www.indiabudget.gov.in/budget2025-26/doc/eb/sbe72.pdf,sbe72.pdf,expenditure_budget
2025-2026,https://www.indiabudget.gov.in/budget2025-26/index.php,https://www.indiabudget.gov.in/budget2025-26/doc/eb/sbe72.xlsx,sbe72.xlsx,expenditure_budget
2025-2026,https://www.indiabudget.gov.in/budget2025-26/index.php,https://www.indiabudget.gov.in/budget2025-26/doc/eb/sbe73.pdf,sbe73.pdf,expenditure_budget
2025-2026,https://www.indiabudget.gov.in/budget2025-26/index.php,https://www.indiabudget.gov.in/budget2025-26/doc/eb/sbe73.xlsx,sbe73.xlsx,expenditure_budget
2025-2026,https://www.indiabudget.gov.in/budget2025-26/index.php,https://www.indiabudget.gov.in/budget2025-26/doc/eb/sbe74.pdf,sbe74.pdf,expenditure_budget
2025-2026,https://www.indiabudget.gov.in/budget2025-26/index.php,https://www.indiabudget.gov.in/budget2025-26/doc/eb/sbe74.xlsx,sbe74.xlsx,expenditure_budget
2025-2026,https://www.indiabudget.gov.in/budget2025-26/index.php,https://www.indiabudget.gov.in/budget2025-26/doc/eb/sbe75.pdf,sbe75.pdf,expenditure_budget
2025-2026,https://www.indiabudget.gov.in/budget2025-26/index.php,https://www.indiabudget.gov.in/budget2025-26/doc/eb/sbe75.xlsx,sbe75.xlsx,expenditure_budget
2025-2026,https://www.indiabudget.gov.in/budget2025-26/index.php,https://www.indiabudget.gov.in/budget2025-26/doc/eb/sbe76.pdf,sbe76.pdf,expenditure_budget
2025-2026,https://www.indiabudget.gov.in/budget2025-26/index.php,https://www.indiabudget.gov.in/budget2025-26/doc/eb/sbe76.xlsx,sbe76.xlsx,expenditure_budget
2025-2026,https://www.indiabudget.gov.in/budget2025-26/index.php,https://www.indiabudget.gov.in/budget2025-26/doc/eb/sbe77.pdf,sbe77.pdf,expenditure_budget
2025-2026,https://www.indiabudget.gov.in/budget2025-26/index.php,https://www.indiabudget.gov.in/budget2025-26/doc/eb/sbe77.xlsx,sbe77.xlsx,expenditure_budget
2025-2026,https://www.indiabudget.gov.in/budget2025-26/index.php,https://www.indiabudget.gov.in/budget2025-26/doc/eb/sbe78.pdf,sbe78.pdf,expenditure_budget
2025-2026,https://www.indiabudget.gov.in/budget2025-26/index.php,https://www.indiabudget.gov.in/budget2025-26/doc/eb/sbe78.xlsx,sbe78.xlsx,expenditure_budget
2025-2026,https://www.indiabudget.gov.in/budget2025-26/index.php,https://www.indiabudget.gov.in/budget2025-26/doc/eb/sbe79.pdf,sbe79.pdf,expenditure_budget
2025-2026,https://www.indiabudget.gov.in/budget2025-26/index.php,https://www.indiabudget.gov.in/budget2025-26/doc/eb/sbe79.xlsx,sbe79.xlsx,expenditure_budget
2025-2026,https://www.indiabudget.gov.in/budget2025-26/index.php,https://www.indiabudget.gov.in/budget2025-26/doc/eb/sbe80.pdf,sbe80.pdf,expenditure_budget
2025-2026,https://www.indiabudget.gov.in/budget2025-26/index.php,https://www.indiabudget.gov.in/budget2025-26/doc/eb/sbe80.xlsx,sbe80.xlsx,expenditure_budget
2025-2026,https://www.indiabudget.gov.in/budget2025-26/index.php,https://www.indiabudget.gov.in/budget2025-26/doc/eb/sbe81.pdf,sbe81.pdf,expenditure_budget
2025-2026,https://www.indiabudget.gov.in/budget2025-26/index.php,https://www.indiabudget.gov.in/budget2025-26/doc/eb/sbe81.xlsx,sbe81.xlsx,expenditure_budget
2025-2026,https://www.indiabudget.gov.in/budget2025-26/index.php,https://www.indiabudget.gov.in/budget2025-26/doc/eb/sbe82.pdf,sbe82.pdf,expenditure_budget
2025-2026,https://www.indiabudget.gov.in/budget2025-26/index.php,https://www.indiabudget.gov.in/budget2025-26/doc/eb/sbe82.xlsx,sbe82.xlsx,expenditure_budget
2025-2026,https://www.indiabudget.gov.in/budget2025-26/index.php,https://www.indiabudget.gov.in/budget2025-26/doc/eb/sbe83.pdf,sbe83.pdf,expenditure_budget
2025-2026,https://www.indiabudget.gov.in/budget2025-26/index.php,https://www.indiabudget.gov.in/budget2025-26/doc/eb/sbe83.xlsx,sbe83.xlsx,expenditure_budget
2025-2026,https://www.indiabudget.gov.in/budget2025-26/index.php,https://www.indiabudget.gov.in/budget2025-26/doc/eb/sbe84.pdf,sbe84.pdf,expenditure_budget
2025-2026,https://www.indiabudget.gov.in/budget2025-26/index.php,https://www.indiabudget.gov.in/budget2025-26/doc/eb/sbe84.xlsx,sbe84.xlsx,expenditure_budget
2025-2026,https://www.indiabudget.gov.in/budget2025-26/index.php,https://www.indiabudget.gov.in/budget2025-26/doc/eb/sbe85.pdf,sbe85.pdf,expenditure_budget
2025-2026,https://www.indiabudget.gov.in/budget2025-26/index.php,https://www.indiabudget.gov.in/budget2025-26/doc/eb/sbe85.xlsx,sbe85.xlsx,expenditure_budget
2025-2026,https://www.indiabudget.gov.in/budget2025-26/index.php,https://www.indiabudget.gov.in/budget2025-26/doc/eb/sbe86.pdf,sbe86.pdf,expenditure_budget
2025-2026,https://www.indiabudget.gov.in/budget2025-26/index.php,https://www.indiabudget.gov.in/budget2025-26/doc/eb/sbe86.xlsx,sbe86.xlsx,expenditure_budget
2025-2026,https://www.indiabudget.gov.in/budget2025-26/index.php,https://www.indiabudget.gov.in/budget2025-26/doc/eb/sbe87.pdf,sbe87.pdf,expenditure_budget
2025-2026,https://www.indiabudget.gov.in/budget2025-26/index.php,https://www.indiabudget.gov.in/budget2025-26/doc/eb/sbe87.xlsx,sbe87.xlsx,expenditure_budget
2025-2026,https://www.indiabudget.gov.in/budget2025-26/index.php,https://www.indiabudget.gov.in/budget2025-26/doc/eb/sbe88.pdf,sbe88.pdf,expenditure_budget
2025-2026,https://www.indiabudget.gov.in/budget2025-26/index.php,https://www.indiabudget.gov.in/budget2025-26/doc/eb/sbe88.xlsx,sbe88.xlsx,expenditure_budget
2025-2026,https://www.indiabudget.gov.in/budget2025-26/index.php,https://www.indiabudget.gov.in/budget2025-26/doc/eb/sbe89.pdf,sbe89.pdf,expenditure_budget
2025-2026,https://www.indiabudget.gov.in/budget2025-26/index.php,https://www.indiabudget.gov.in/budget2025-26/doc/eb/sbe89.xlsx,sbe89.xlsx,expenditure_budget
2025-2026,https://www.indiabudget.gov.in/budget2025-26/index.php,https://www.indiabudget.gov.in/budget2025-26/doc/eb/sbe90.pdf,sbe90.pdf,expenditure_budget
2025-2026,https://www.indiabudget.gov.in/budget2025-26/index.php,https://www.indiabudget.gov.in/budget2025-26/doc/eb/sbe90.xlsx,sbe90.xlsx,expenditure_budget
2025-2026,https://www.indiabudget.gov.in/budget2025-26/index.php,https://www.indiabudget.gov.in/budget2025-26/doc/eb/sbe91.pdf,sbe91.pdf,expenditure_budget
2025-2026,https://www.indiabudget.gov.in/budget2025-26/index.php,https://www.indiabudget.gov.in/budget2025-26/doc/eb/sbe91.xlsx,sbe91.xlsx,expenditure_budget
2025-2026,https://www.indiabudget.gov.in/budget2025-26/index.php,https://www.indiabudget.gov.in/budget2025-26/doc/eb/sbe92.pdf,sbe92.pdf,expenditure_budget
2025-2026,https://www.indiabudget.gov.in/budget2025-26/index.php,https://www.indiabudget.gov.in/budget2025-26/doc/eb/sbe92.xlsx,sbe92.xlsx,expenditure_budget
2025-2026,https://www.indiabudget.gov.in/budget2025-26/index.php,https://www.indiabudget.gov.in/budget2025-26/doc/eb/sbe93.pdf,sbe93.pdf,expenditure_budget
2025-2026,https://www.indiabudget.gov.in/budget2025-26/index.php,https://www.indiabudget.gov.in/budget2025-26/doc/eb/sbe93.xlsx,sbe93.xlsx,expenditure_budget
2025-2026,https://www.indiabudget.gov.in/budget2025-26/index.php,https://www.indiabudget.gov.in/budget2025-26/doc/eb/sbe94.pdf,sbe94.pdf,expenditure_budget
2025-2026,https://www.indiabudget.gov.in/budget2025-26/index.php,https://www.indiabudget.gov.in/budget2025-26/doc/eb/sbe94.xlsx,sbe94.xlsx,expenditure_budget
2025-2026,https://www.indiabudget.gov.in/budget2025-26/index.php,https://www.indiabudget.gov.in/budget2025-26/doc/eb/sbe95.pdf,sbe95.pdf,expenditure_budget
2025-2026,https://www.indiabudget.gov.in/budget2025-26/index.php,https://www.indiabudget.gov.in/budget2025-26/doc/eb/sbe95.xlsx,sbe95.xlsx,expenditure_budget
2025-2026,https://www.indiabudget.gov.in/budget2025-26/index.php,https://www.indiabudget.gov.in/budget2025-26/doc/eb/sbe96.pdf,sbe96.pdf,expenditure_budget
2025-2026,https://www.indiabudget.gov.in/budget2025-26/index.php,https://www.indiabudget.gov.in/budget2025-26/doc/eb/sbe96.xlsx,sbe96.xlsx,expenditure_budget
2025-2026,https://www.indiabudget.gov.in/budget2025-26/index.php,https://www.indiabudget.gov.in/budget2025-26/doc/eb/sbe97.pdf,sbe97.pdf,expenditure_budget
2025-2026,https://www.indiabudget.gov.in/budget2025-26/index.php,https://www.indiabudget.gov.in/budget2025-26/doc/eb/sbe97.xlsx,sbe97.xlsx,expenditure_budget
2025-2026,https://www.indiabudget.gov.in/budget2025-26/index.php,https://www.indiabudget.gov.in/budget2025-26/doc/eb/sbe98.pdf,sbe98.pdf,expenditure_budget
2025-2026,https://www.indiabudget.gov.in/budget2025-26/index.php,https://www.indiabudget.gov.in/budget2025-26/doc/eb/sbe98.xlsx,sbe98.xlsx,expenditure_budget
2025-2026,https://www.indiabudget.gov.in/budget2025-26/index.php,https://www.indiabudget.gov.in/budget2025-26/doc/eb/sbe99.pdf,sbe99.pdf,expenditure_budget
2025-2026,https://www.indiabudget.gov.in/budget2025-26/index.php,https://www.indiabudget.gov.in/budget2025-26/doc/eb/sbe99.xlsx,sbe99.xlsx,expenditure_budget
2025-2026,https://www.indiabudget.gov.in/budget2025-26/index.php,https://www.indiabudget.gov.in/budget2025-26/doc/eb/sbe100.pdf,sbe100.pdf,expenditure_budget
2025-2026,https://www.indiabudget.gov.in/budget2025-26/index.php,https://www.indiabudget.gov.in/budget2025-26/doc/eb/sbe100.xlsx,sbe100.xlsx,expenditure_budget
2025-2026,https://www.indiabudget.gov.in/budget2025-26/index.php,https://www.indiabudget.gov.in/budget2025-26/doc/eb/sbe101.pdf,sbe101.pdf,expenditure_budget
2025-2026,https://www.indiabudget.gov.in/budget2025-26/index.php,https://www.indiabudget.gov.in/budget2025-26/doc/eb/sbe101.xlsx,sbe101.xlsx,expenditure_budget
2025-2026,https://www.indiabudget.gov.in/budget2025-26/index.php,https://www.indiabudget.gov.in/budget2025-26/doc/eb/sbe102.pdf,sbe102.pdf,expenditure_budget
2025-2026,https://www.indiabudget.gov.in/budget2025-26/index.php,https://www.indiabudget.gov.in/budget2025-26/doc/eb/sbe102.xlsx,sbe102.xlsx,expenditure_budget
2025-2026,https://www.indiabudget.gov.in/budget2025-26/index.php,https://www.indiabudget.gov.in/budget2025-26/doc/eb/dgsum.pdf,dgsum.pdf,demands_for_grants
2025-2026,https://www.indiabudget.gov.in/budget2025-26/index.php,https://www.indiabudget.gov.in/budget2025-26/doc/eb/alldg.pdf,alldg.pdf,demands_for_grants
2025-2026,https://www.indiabudget.gov.in/budget2025-26/index.php,https://www.indiabudget.gov.in/budget2025-26/doc/eb/alldg.xlsx,alldg.xlsx,demands_for_grants
2025-2026,https://www.indiabudget.gov.in/budget2025-26/index.php,https://www.indiabudget.gov.in/budget2025-26/doc/eb/dg1.pdf,dg1.pdf,demands_for_grants
2025-2026,https://www.indiabudget.gov.in/budget2025-26/index.php,https://www.indiabudget.gov.in/budget2025-26/doc/eb/dg1.xlsx,dg1.xlsx,demands_for_grants
2025-2026,https://www.indiabudget.gov.in/budget2025-26/index.php,https://www.indiabudget.gov.in/budget2025-26/doc/eb/dg2.pdf,dg2.pdf,demands_for_grants
2025-2026,https://www.indiabudget.gov.in/budget2025-26/index.php,https://www.indiabudget.gov.in/budget2025-26/doc/eb/dg2.xlsx,dg2.xlsx,demands_for_grants
2025-2026,https://www.indiabudget.gov.in/budget2025-26/index.php,https://www.indiabudget.gov.in/budget2025-26/doc/eb/dg3.pdf,dg3.pdf,demands_for_grants
2025-2026,https://www.indiabudget.gov.in/budget2025-26/index.php,https://www.indiabudget.gov.in/budget2025-26/doc/eb/dg3.xlsx,dg3.xlsx,demands_for_grants
2025-2026,https://www.indiabudget.gov.in/budget2025-26/index.php,https://www.indiabudget.gov.in/budget2025-26/doc/eb/dg4.pdf,dg4.pdf,demands_for_grants
2025-2026,https://www.indiabudget.gov.in/budget2025-26/index.php,https://www.indiabudget.gov.in/budget2025-26/doc/eb/dg4.xlsx,dg4.xlsx,demands_for_grants
2025-2026,https://www.indiabudget.gov.in/budget2025-26/index.php,https://www.indiabudget.gov.in/budget2025-26/doc/eb/dg5.pdf,dg5.pdf,demands_for_grants
2025-2026,https://www.indiabudget.gov.in/budget2025-26/index.php,https://www.indiabudget.gov.in/budget2025-26/doc/eb/dg5.xlsx,dg5.xlsx,demands_for_grants
2025-2026,https://www.indiabudget.gov.in/budget2025-26/index.php,https://www.indiabudget.gov.in/budget2025-26/doc/eb/dg6.pdf,dg6.pdf,demands_for_grants
2025-2026,https://www.indiabudget.gov.in/budget2025-26/index.php,https://www.indiabudget.gov.in/budget2025-26/doc/eb/dg6.xlsx,dg6.xlsx,demands_for_grants
2025-2026,https://www.indiabudget.gov.in/budget2025-26/index.php,https://www.indiabudget.gov.in/budget2025-26/doc/eb/dg7.pdf,dg7.pdf,demands_for_grants
2025-2026,https://www.indiabudget.gov.in/budget2025-26/index.php,https://www.indiabudget.gov.in/budget2025-26/doc/eb/dg7.xlsx,dg7.xlsx,demands_for_grants
2025-2026,https://www.indiabudget.gov.in/budget2025-26/index.php,https://www.indiabudget.gov.in/budget2025-26/doc/eb/dg8.pdf,dg8.pdf,demands_for_grants
2025-2026,https://www.indiabudget.gov.in/budget2025-26/index.php,https://www.indiabudget.gov.in/budget2025-26/doc/eb/dg8.xlsx,dg8.xlsx,demands_for_grants
2025-2026,https://www.indiabudget.gov.in/budget2025-26/index.php,https://www.indiabudget.gov.in/budget2025-26/doc/eb/dg9.pdf,dg9.pdf,demands_for_grants
2025-2026,https://www.indiabudget.gov.in/budget2025-26/index.php,https://www.indiabudget.gov.in/budget2025-26/doc/eb/dg9.xlsx,dg9.xlsx,demands_for_grants
2025-2026,https://www.indiabudget.gov.in/budget2025-26/index.php,https://www.indiabudget.gov.in/budget2025-26/doc/eb/dg10.pdf,dg10.pdf,demands_for_grants
2025-2026,https://www.indiabudget.gov.in/budget2025-26/index.php,https://www.indiabudget.gov.in/budget2025-26/doc/eb/dg11.pdf,dg11.pdf,demands_for_grants
2025-2026,https://www.indiabudget.gov.in/budget2025-26/index.php,https://www.indiabudget.gov.in/budget2025-26/doc/eb/dg11.xlsx,dg11.xlsx,demands_for_grants
2025-2026,https://www.indiabudget.gov.in/budget2025-26/index.php,https://www.indiabudget.gov.in/budget2025-26/doc/eb/dg12.pdf,dg12.pdf,demands_for_grants
2025-2026,https://www.indiabudget.gov.in/budget2025-26/index.php,https://www.indiabudget.gov.in/budget2025-26/doc/eb/dg12.xlsx,dg12.xlsx,demands_for_grants
2025-2026,https://www.indiabudget.gov.in/budget2025-26/index.php,https://www.indiabudget.gov.in/budget2025-26/doc/eb/dg13.pdf,dg13.pdf,demands_for_grants
2025-2026,https://www.indiabudget.gov.in/budget2025-26/index.php,https://www.indiabudget.gov.in/budget2025-26/doc/eb/dg13.xlsx,dg13.xlsx,demands_for_grants
2025-2026,https://www.indiabudget.gov.in/budget2025-26/index.php,https://www.indiabudget.gov.in/budget2025-26/doc/eb/dg14.pdf,dg14.pdf,demands_for_grants
2025-2026,https://www.indiabudget.gov.in/budget2025-26/index.php,https://www.indiabudget.gov.in/budget2025-26/doc/eb/dg14.xlsx,dg14.xlsx,demands_for_grants
2025-2026,https://www.indiabudget.gov.in/budget2025-26/index.php,https://www.indiabudget.gov.in/budget2025-26/doc/eb/dg15.pdf,dg15.pdf,demands_for_grants
2025-2026,https://www.indiabudget.gov.in/budget2025-26/index.php,https://www.indiabudget.gov.in/budget2025-26/doc/eb/dg15.xlsx,dg15.xlsx,demands_for_grants
2025-2026,https://www.indiabudget.gov.in/budget2025-26/index.php,https://www.indiabudget.gov.in/budget2025-26/doc/eb/dg16.pdf,dg16.pdf,demands_for_grants
2025-2026,https://www.indiabudget.gov.in/budget2025-26/index.php,https://www.indiabudget.gov.in/budget2025-26/doc/eb/dg16.xlsx,dg16.xlsx,demands_for_grants
2025-2026,https://www.indiabudget.gov.in/budget2025-26/index.php,https://www.indiabudget.gov.in/budget2025-26/doc/eb/dg17.pdf,dg17.pdf,demands_for_grants
2025-2026,https://www.indiabudget.gov.in/budget2025-26/index.php,https://www.indiabudget.gov.in/budget2025-26/doc/eb/dg17.xlsx,dg17.xlsx,demands_for_grants
2025-2026,https://www.indiabudget.gov.in/budget2025-26/index.php,https://www.indiabudget.gov.in/budget2025-26/doc/eb/dg18.pdf,dg18.pdf,demands_for_grants
2025-2026,https://www.indiabudget.gov.in/budget2025-26/index.php,https://www.indiabudget.gov.in/budget2025-26/doc/eb/dg18.xlsx,dg18.xlsx,demands_for_grants
2025-2026,https://www.indiabudget.gov.in/budget2025-26/index.php,https://www.indiabudget.gov.in/budget2025-26/doc/eb/dg19.pdf,dg19.pdf,demands_for_grants
2025-2026,https://www.indiabudget.gov.in/budget2025-26/index.php,https://www.indiabudget.gov.in/budget2025-26/doc/eb/dg19.xlsx,dg19.xlsx,demands_for_grants
2025-2026,https://www.indiabudget.gov.in/budget2025-26/index.php,https://www.indiabudget.gov.in/budget2025-26/doc/eb/dg20.pdf,dg20.pdf,demands_for_grants
2025-2026,https://www.indiabudget.gov.in/budget2025-26/index.php,https://www.indiabudget.gov.in/budget2025-26/doc/eb/dg20.xlsx,dg20.xlsx,demands_for_grants
2025-2026,https://www.indiabudget.gov.in/budget2025-26/index.php,https://www.indiabudget.gov.in/budget2025-26/doc/eb/dg21.pdf,dg21.pdf,demands_for_grants
2025-2026,https://www.indiabudget.gov.in/budget2025-26/index.php,https://www.indiabudget.gov.in/budget2025-26/doc/eb/dg21.xlsx,dg21.xlsx,demands_for_grants
2025-2026,https://www.indiabudget.gov.in/budget2025-26/index.php,https://www.indiabudget.gov.in/budget2025-26/doc/eb/dg22.pdf,dg22.pdf,demands_for_grants
2025-2026,https://www.indiabudget.gov.in/budget2025-26/index.php,https://www.indiabudget.gov.in/budget2025-26/doc/eb/dg22.xlsx,dg22.xlsx,demands_for_grants
2025-2026,https://www.indiabudget.gov.in/budget2025-26/index.php,https://www.indiabudget.gov.in/budget2025-26/doc/eb/dg23.pdf,dg23.pdf,demands_for_grants
2025-2026,https://www.indiabudget.gov.in/budget2025-26/index.php,https://www.indiabudget.gov.in/budget2025-26/doc/eb/dg23.xlsx,dg23.xlsx,demands_for_grants
2025-2026,https://www.indiabudget.gov.in/budget2025-26/index.php,https://www.indiabudget.gov.in/budget2025-26/doc/eb/dg24.pdf,dg24.pdf,demands_for_grants
2025-2026,https://www.indiabudget.gov.in/budget2025-26/index.php,https://www.indiabudget.gov.in/budget2025-26/doc/eb/dg24.xlsx,dg24.xlsx,demands_for_grants
2025-2026,https://www.indiabudget.gov.in/budget2025-26/index.php,https://www.indiabudget.gov.in/budget2025-26/doc/eb/dg25.pdf,dg25.pdf,demands_for_grants
2025-2026,https://www.indiabudget.gov.in/budget2025-26/index.php,https://www.indiabudget.gov.in/budget2025-26/doc/eb/dg25.xlsx,dg25.xlsx,demands_for_grants
2025-2026,https://www.indiabudget.gov.in/budget2025-26/index.php,https://www.indiabudget.gov.in/budget2025-26/doc/eb/dg26.pdf,dg26.pdf,demands_for_grants
2025-2026,https://www.indiabudget.gov.in/budget2025-26/index.php,https://www.indiabudget.gov.in/budget2025-26/doc/eb/dg26.xlsx,dg26.xlsx,demands_for_grants
2025-2026,https://www.indiabudget.gov.in/budget2025-26/index.php,https://www.indiabudget.gov.in/budget2025-26/doc/eb/dg27.pdf,dg27.pdf,demands_for_grants
2025-2026,https://www.indiabudget.gov.in/budget2025-26/index.php,https://www.indiabudget.gov.in/budget2025-26/doc/eb/dg27.xlsx,dg27.xlsx,demands_for_grants
2025-2026,https://www.indiabudget.gov.in/budget2025-26/index.php,https://www.indiabudget.gov.in/budget2025-26/doc/eb/dg28.pdf,dg28.pdf,demands_for_grants
2025-2026,https://www.indiabudget.gov.in/budget2025-26/index.php,https://www.indiabudget.gov.in/budget2025-26/doc/eb/dg28.xlsx,dg28.xlsx,demands_for_grants
2025-2026,https://www.indiabudget.gov.in/budget2025-26/index.php,https://www.indiabudget.gov.in/budget2025-26/doc/eb/dg29.pdf,dg29.pdf,demands_for_grants
2025-2026,https://www.indiabudget.gov.in/budget2025-26/index.php,https://www.indiabudget.gov.in/budget2025-26/doc/eb/dg29.xlsx,dg29.xlsx,demands_for_grants
2025-2026,https://www.indiabudget.gov.in/budget2025-26/index.php,https://www.indiabudget.gov.in/budget2025-26/doc/eb/dg30.pdf,dg30.pdf,demands_for_grants
2025-2026,https://www.indiabudget.gov.in/budget2025-26/index.php,https://www.indiabudget.gov.in/budget2025-26/doc/eb/dg30.xlsx,dg30.xlsx,demands_for_grants
2025-2026,https://www.indiabudget.gov.in/budget2025-26/index.php,https://www.indiabudget.gov.in/budget2025-26/doc/eb/dg31.pdf,dg31.pdf,demands_for_grants
2025-2026,https://www.indiabudget.gov.in/budget2025-26/index.php,https://www.indiabudget.gov.in/budget2025-26/doc/eb/dg31.xlsx,dg31.xlsx,demands_for_grants
2025-2026,https://www.indiabudget.gov.in/budget2025-26/index.php,https://www.indiabudget.gov.in/budget2025-26/doc/eb/dg32.pdf,dg32.pdf,demands_for_grants
2025-2026,https://www.indiabudget.gov.in/budget2025-26/index.php,https://www.indiabudget.gov.in/budget2025-26/doc/eb/dg32.xlsx,dg32.xlsx,demands_for_grants
2025-2026,https://www.indiabudget.gov.in/budget2025-26/index.php,https://www.indiabudget.gov.in/budget2025-26/doc/eb/dg33.pdf,dg33.pdf,demands_for_grants
2025-2026,https://www.indiabudget.gov.in/budget2025-26/index.php,https://www.indiabudget.gov.in/budget2025-26/doc/eb/dg33.xlsx,dg33.xlsx,demands_for_grants
2025-2026,https://www.indiabudget.gov.in/budget2025-26/index.php,https://www.indiabudget.gov.in/budget2025-26/doc/eb/dg34.pdf,dg34.pdf,demands_for_grants
2025-2026,https://www.indiabudget.gov.in/budget2025-26/index.php,https://www.indiabudget.gov.in/budget2025-26/doc/eb/dg34.xlsx,dg34.xlsx,demands_for_grants
2025-2026,https://www.indiabudget.gov.in/budget2025-26/index.php,https://www.indiabudget.gov.in/budget2025-26/doc/eb/dg35.pdf,dg35.pdf,demands_for_grants
2025-2026,https://www.indiabudget.gov.in/budget2025-26/index.php,https://www.indiabudget.gov.in/budget2025-26/doc/eb/dg35.xlsx,dg35.xlsx,demands_for_grants
2025-2026,https://www.indiabudget.gov.in/budget2025-26/index.php,https://www.indiabudget.gov.in/budget2025-26/doc/eb/dg36.pdf,dg36.pdf,demands_for_grants
2025-2026,https://www.indiabudget.gov.in/budget2025-26/index.php,https://www.indiabudget.gov.in/budget2025-26/doc/eb/dg36.xlsx,dg36.xlsx,demands_for_grants
2025-2026,https://www.indiabudget.gov.in/budget2025-26/index.php,https://www.indiabudget.gov.in/budget2025-26/doc/eb/dg37.pdf,dg37.pdf,demands_for_grants
2025-2026,https://www.indiabudget.gov.in/budget2025-26/index.php,https://www.indiabudget.gov.in/budget2025-26/doc/eb/dg37.xlsx,dg37.xlsx,demands_for_grants
2025-2026,https://www.indiabudget.gov.in/budget2025-26/index.php,https://www.indiabudget.gov.in/budget2025-26/doc/eb/dg38.pdf,dg38.pdf,demands_for_grants
2025-2026,https://www.indiabudget.gov.in/budget2025-26/index.php,https://www.indiabudget.gov.in/budget2025-26/doc/eb/dg38.xlsx,dg38.xlsx,demands_for_grants
2025-2026,https://www.indiabudget.gov.in/budget2025-26/index.php,https://www.indiabudget.gov.in/budget2025-26/doc/eb/dg39.pdf,dg39.pdf,demands_for_grants
2025-2026,https://www.indiabudget.gov.in/budget2025-26/index.php,https://www.indiabudget.gov.in/budget2025-26/doc/eb/dg39.xlsx,dg39.xlsx,demands_for_grants
2025-2026,https://www.indiabudget.gov.in/budget2025-26/index.php,https://www.indiabudget.gov.in/budget2025-26/doc/eb/dg40.pdf,dg40.pdf,demands_for_grants
2025-2026,https://www.indiabudget.gov.in/budget2025-26/index.php,https://www.indiabudget.gov.in/budget2025-26/doc/eb/dg40.xlsx,dg40.xlsx,demands_for_grants
2025-2026,https://www.indiabudget.gov.in/budget2025-26/index.php,https://www.indiabudget.gov.in/budget2025-26/doc/eb/dg41.pdf,dg41.pdf,demands_for_grants
2025-2026,https://www.indiabudget.gov.in/budget2025-26/index.php,https://www.indiabudget.gov.in/budget2025-26/doc/eb/dg41.xlsx,dg41.xlsx,demands_for_grants
2025-2026,https://www.indiabudget.gov.in/budget2025-26/index.php,https://www.indiabudget.gov.in/budget2025-26/doc/eb/dg42.pdf,dg42.pdf,demands_for_grants
2025-2026,https://www.indiabudget.gov.in/budget2025-26/index.php,https://www.indiabudget.gov.in/budget2025-26/doc/eb/dg42.xlsx,dg42.xlsx,demands_for_grants
2025-2026,https://www.indiabudget.gov.in/budget2025-26/index.php,https://www.indiabudget.gov.in/budget2025-26/doc/eb/dg43.pdf,dg43.pdf,demands_for_grants
2025-2026,https://www.indiabudget.gov.in/budget2025-26/index.php,https://www.indiabudget.gov.in/budget2025-26/doc/eb/dg43.xlsx,dg43.xlsx,demands_for_grants
2025-2026,https://www.indiabudget.gov.in/budget2025-26/index.php,https://www.indiabudget.gov.in/budget2025-26/doc/eb/dg44.pdf,dg44.pdf,demands_for_grants
2025-2026,https://www.indiabudget.gov.in/budget2025-26/index.php,https://www.indiabudget.gov.in/budget2025-26/doc/eb/dg44.xlsx,dg44.xlsx,demands_for_grants
2025-2026,https://www.indiabudget.gov.in/budget2025-26/index.php,https://www.indiabudget.gov.in/budget2025-26/doc/eb/dg45.pdf,dg45.pdf,demands_for_grants
2025-2026,https://www.indiabudget.gov.in/budget2025-26/index.php,https://www.indiabudget.gov.in/budget2025-26/doc/eb/dg45.xlsx,dg45.xlsx,demands_for_grants
2025-2026,https://www.indiabudget.gov.in/budget2025-26/index.php,https://www.indiabudget.gov.in/budget2025-26/doc/eb/dg46.pdf,dg46.pdf,demands_for_grants
2025-2026,https://www.indiabudget.gov.in/budget2025-26/index.php,https://www.indiabudget.gov.in/budget2025-26/doc/eb/dg46.xlsx,dg46.xlsx,demands_for_grants
2025-2026,https://www.indiabudget.gov.in/budget2025-26/index.php,https://www.indiabudget.gov.in/budget2025-26/doc/eb/dg47.pdf,dg47.pdf,demands_for_grants
2025-2026,https://www.indiabudget.gov.in/budget2025-26/index.php,https://www.indiabudget.gov.in/budget2025-26/doc/eb/dg47.xlsx,dg47.xlsx,demands_for_grants
2025-2026,https://www.indiabudget.gov.in/budget2025-26/index.php,https://www.indiabudget.gov.in/budget2025-26/doc/eb/dg48.pdf,dg48.pdf,demands_for_grants
2025-2026,https://www.indiabudget.gov.in/budget2025-26/index.php,https://www.indiabudget.gov.in/budget2025-26/doc/eb/dg48.xlsx,dg48.xlsx,demands_for_grants
2025-2026,https://www.indiabudget.gov.in/budget2025-26/index.php,https://www.indiabudget.gov.in/budget2025-26/doc/eb/dg49.pdf,dg49.pdf,demands_for_grants
2025-2026,https://www.indiabudget.gov.in/budget2025-26/index.php,https://www.indiabudget.gov.in/budget2025-26/doc/eb/dg49.xlsx,dg49.xlsx,demands_for_grants
2025-2026,https://www.indiabudget.gov.in/budget2025-26/index.php,https://www.indiabudget.gov.in/budget2025-26/doc/eb/dg50.pdf,dg50.pdf,demands_for_grants
2025-2026,https://www.indiabudget.gov.in/budget2025-26/index.php,https://www.indiabudget.gov.in/budget2025-26/doc/eb/dg50.xlsx,dg50.xlsx,demands_for_grants
2025-2026,https://www.indiabudget.gov.in/budget2025-26/index.php,https://www.indiabudget.gov.in/budget2025-26/doc/eb/dg51.pdf,dg51.pdf,demands_for_grants
2025-2026,https://www.indiabudget.gov.in/budget2025-26/index.php,https://www.indiabudget.gov.in/budget2025-26/doc/eb/dg51.xlsx,dg51.xlsx,demands_for_grants
2025-2026,https://www.indiabudget.gov.in/budget2025-26/index.php,https://www.indiabudget.gov.in/budget2025-26/doc/eb/dg52.pdf,dg52.pdf,demands_for_grants
2025-2026,https://www.indiabudget.gov.in/budget2025-26/index.php,https://www.indiabudget.gov.in/budget2025-26/doc/eb/dg52.xlsx,dg52.xlsx,demands_for_grants
2025-2026,https://www.indiabudget.gov.in/budget2025-26/index.php,https://www.indiabudget.gov.in/budget2025-26/doc/eb/dg53.pdf,dg53.pdf,demands_for_grants
2025-2026,https://www.indiabudget.gov.in/budget2025-26/index.php,https://www.indiabudget.gov.in/budget2025-26/doc/eb/dg53.xlsx,dg53.xlsx,demands_for_grants
2025-2026,https://www.indiabudget.gov.in/budget2025-26/index.php,https://www.indiabudget.gov.in/budget2025-26/doc/eb/dg54.pdf,dg54.pdf,demands_for_grants
2025-2026,https://www.indiabudget.gov.in/budget2025-26/index.php,https://www.indiabudget.gov.in/budget2025-26/doc/eb/dg54.xlsx,dg54.xlsx,demands_for_grants
2025-2026,https://www.indiabudget.gov.in/budget2025-26/index.php,https://www.indiabudget.gov.in/budget2025-26/doc/eb/dg55.pdf,dg55.pdf,demands_for_grants
2025-2026,https://www.indiabudget.gov.in/budget2025-26/index.php,https://www.indiabudget.gov.in/budget2025-26/doc/eb/dg55.xlsx,dg55.xlsx,demands_for_grants
2025-2026,https://www.indiabudget.gov.in/budget2025-26/index.php,https://www.indiabudget.gov.in/budget2025-26/doc/eb/dg56.pdf,dg56.pdf,demands_for_grants
2025-2026,https://www.indiabudget.gov.in/budget2025-26/index.php,https://www.indiabudget.gov.in/budget2025-26/doc/eb/dg56.xlsx,dg56.xlsx,demands_for_grants
2025-2026,https://www.indiabudget.gov.in/budget2025-26/index.php,https://www.indiabudget.gov.in/budget2025-26/doc/eb/dg57.pdf,dg57.pdf,demands_for_grants
2025-2026,https://www.indiabudget.gov.in/budget2025-26/index.php,https://www.indiabudget.gov.in/budget2025-26/doc/eb/dg57.xlsx,dg57.xlsx,demands_for_grants
2025-2026,https://www.indiabudget.gov.in/budget2025-26/index.php,https://www.indiabudget.gov.in/budget2025-26/doc/eb/dg58.pdf,dg58.pdf,demands_for_grants
2025-2026,https://www.indiabudget.gov.in/budget2025-26/index.php,https://www.indiabudget.gov.in/budget2025-26/doc/eb/dg58.xlsx,dg58.xlsx,demands_for_grants
2025-2026,https://www.indiabudget.gov.in/budget2025-26/index.php,https://www.indiabudget.gov.in/budget2025-26/doc/eb/dg59.pdf,dg59.pdf,demands_for_grants
2025-2026,https://www.indiabudget.gov.in/budget2025-26/index.php,https://www.indiabudget.gov.in/budget2025-26/doc/eb/dg59.xlsx,dg59.xlsx,demands_for_grants
2025-2026,https://www.indiabudget.gov.in/budget2025-26/index.php,https://www.indiabudget.gov.in/budget2025-26/doc/eb/dg60.pdf,dg60.pdf,demands_for_grants
2025-2026,https://www.indiabudget.gov.in/budget2025-26/index.php,https://www.indiabudget.gov.in/budget2025-26/doc/eb/dg60.xlsx,dg60.xlsx,demands_for_grants
2025-2026,https://www.indiabudget.gov.in/budget2025-26/index.php,https://www.indiabudget.gov.in/budget2025-26/doc/eb/dg61.pdf,dg61.pdf,demands_for_grants
2025-2026,https://www.indiabudget.gov.in/budget2025-26/index.php,https://www.indiabudget.gov.in/budget2025-26/doc/eb/dg61.xlsx,dg61.xlsx,demands_for_grants
2025-2026,https://www.indiabudget.gov.in/budget2025-26/index.php,https://www.indiabudget.gov.in/budget2025-26/doc/eb/dg62.pdf,dg62.pdf,demands_for_grants
2025-2026,https://www.indiabudget.gov.in/budget2025-26/index.php,https://www.indiabudget.gov.in/budget2025-26/doc/eb/dg62.xlsx,dg62.xlsx,demands_for_grants
2025-2026,https://www.indiabudget.gov.in/budget2025-26/index.php,https://www.indiabudget.gov.in/budget2025-26/doc/eb/dg63.pdf,dg63.pdf,demands_for_grants
2025-2026,https://www.indiabudget.gov.in/budget2025-26/index.php,https://www.indiabudget.gov.in/budget2025-26/doc/eb/dg63.xlsx,dg63.xlsx,demands_for_grants
2025-2026,https://www.indiabudget.gov.in/budget2025-26/index.php,https://www.indiabudget.gov.in/budget2025-26/doc/eb/dg64.pdf,dg64.pdf,demands_for_grants
2025-2026,https://www.indiabudget.gov.in/budget2025-26/index.php,https://www.indiabudget.gov.in/budget2025-26/doc/eb/dg64.xlsx,dg64.xlsx,demands_for_grants
2025-2026,https://www.indiabudget.gov.in/budget2025-26/index.php,https://www.indiabudget.gov.in/budget2025-26/doc/eb/dg65.pdf,dg65.pdf,demands_for_grants
2025-2026,https://www.indiabudget.gov.in/budget2025-26/index.php,https://www.indiabudget.gov.in/budget2025-26/doc/eb/dg66.pdf,dg66.pdf,demands_for_grants
2025-2026,https://www.indiabudget.gov.in/budget2025-26/index.php,https://www.indiabudget.gov.in/budget2025-26/doc/eb/dg66.xlsx,dg66.xlsx,demands_for_grants
2025-2026,https://www.indiabudget.gov.in/budget2025-26/index.php,https://www.indiabudget.gov.in/budget2025-26/doc/eb/dg67.pdf,dg67.pdf,demands_for_grants
2025-2026,https://www.indiabudget.gov.in/budget2025-26/index.php,https://www.indiabudget.gov.in/budget2025-26/doc/eb/dg67.xlsx,dg67.xlsx,demands_for_grants
2025-2026,https://www.indiabudget.gov.in/budget2025-26/index.php,https://www.indiabudget.gov.in/budget2025-26/doc/eb/dg68.pdf,dg68.pdf,demands_for_grants
2025-2026,https://www.indiabudget.gov.in/budget2025-26/index.php,https://www.indiabudget.gov.in/budget2025-26/doc/eb/dg68.xlsx,dg68.xlsx,demands_for_grants
2025-2026,https://www.indiabudget.gov.in/budget2025-26/index.php,https://www.indiabudget.gov.in/budget2025-26/doc/eb/dg69.pdf,dg69.pdf,demands_for_grants
2025-2026,https://www.indiabudget.gov.in/budget2025-26/index.php,https://www.indiabudget.gov.in/budget2025-26/doc/eb/dg69.xlsx,dg69.xlsx,demands_for_grants
2025-2026,https://www.indiabudget.gov.in/budget2025-26/index.php,https://www.indiabudget.gov.in/budget2025-26/doc/eb/dg70.pdf,dg70.pdf,demands_for_grants
2025-2026,https://www.indiabudget.gov.in/budget2025-26/index.php,https://www.indiabudget.gov.in/budget2025-26/doc/eb/dg70.xlsx,dg70.xlsx,demands_for_grants
2025-2026,https://www.indiabudget.gov.in/budget2025-26/index.php,https://www.indiabudget.gov.in/budget2025-26/doc/eb/dg71.pdf,dg71.pdf,demands_for_grants
2025-2026,https://www.indiabudget.gov.in/budget2025-26/index.php,https://www.indiabudget.gov.in/budget2025-26/doc/eb/dg71.xlsx,dg71.xlsx,demands_for_grants
2025-2026,https://www.indiabudget.gov.in/budget2025-26/index.php,https://www.indiabudget.gov.in/budget2025-26/doc/eb/dg72.pdf,dg72.pdf,demands_for_grants
2025-2026,https://www.indiabudget.gov.in/budget2025-26/index.php,https://www.indiabudget.gov.in/budget2025-26/doc/eb/dg72.xlsx,dg72.xlsx,demands_for_grants
2025-2026,https://www.indiabudget.gov.in/budget2025-26/index.php,https://www.indiabudget.gov.in/budget2025-26/doc/eb/dg73.pdf,dg73.pdf,demands_for_grants
2025-2026,https://www.indiabudget.gov.in/budget2025-26/index.php,https://www.indiabudget.gov.in/budget2025-26/doc/eb/dg73.xlsx,dg73.xlsx,demands_for_grants
2025-2026,https://www.indiabudget.gov.in/budget2025-26/index.php,https://www.indiabudget.gov.in/budget2025-26/doc/eb/dg74.pdf,dg74.pdf,demands_for_grants
2025-2026,https://www.indiabudget.gov.in/budget2025-26/index.php,https://www.indiabudget.gov.in/budget2025-26/doc/eb/dg74.xlsx,dg74.xlsx,demands_for_grants
2025-2026,https://www.indiabudget.gov.in/budget2025-26/index.php,https://www.indiabudget.gov.in/budget2025-26/doc/eb/dg75.pdf,dg75.pdf,demands_for_grants
2025-2026,https://www.indiabudget.gov.in/budget2025-26/index.php,https://www.indiabudget.gov.in/budget2025-26/doc/eb/dg75.xlsx,dg75.xlsx,demands_for_grants
2025-2026,https://www.indiabudget.gov.in/budget2025-26/index.php,https://www.indiabudget.gov.in/budget2025-26/doc/eb/dg76.pdf,dg76.pdf,demands_for_grants
2025-2026,https://www.indiabudget.gov.in/budget2025-26/index.php,https://www.indiabudget.gov.in/budget2025-26/doc/eb/dg76.xlsx,dg76.xlsx,demands_for_grants
2025-2026,https://www.indiabudget.gov.in/budget2025-26/index.php,https://www.indiabudget.gov.in/budget2025-26/doc/eb/dg77.pdf,dg77.pdf,demands_for_grants
2025-2026,https://www.indiabudget.gov.in/budget2025-26/index.php,https://www.indiabudget.gov.in/budget2025-26/doc/eb/dg77.xlsx,dg77.xlsx,demands_for_grants
2025-2026,https://www.indiabudget.gov.in/budget2025-26/index.php,https://www.indiabudget.gov.in/budget2025-26/doc/eb/dg78.pdf,dg78.pdf,demands_for_grants
2025-2026,https://www.indiabudget.gov.in/budget2025-26/index.php,https://www.indiabudget.gov.in/budget2025-26/doc/eb/dg78.xlsx,dg78.xlsx,demands_for_grants
2025-2026,https://www.indiabudget.gov.in/budget2025-26/index.php,https://www.indiabudget.gov.in/budget2025-26/doc/eb/dg79.pdf,dg79.pdf,demands_for_grants
2025-2026,https://www.indiabudget.gov.in/budget2025-26/index.php,https://www.indiabudget.gov.in/budget2025-26/doc/eb/dg79.xlsx,dg79.xlsx,demands_for_grants
2025-2026,https://www.indiabudget.gov.in/budget2025-26/index.php,https://www.indiabudget.gov.in/budget2025-26/doc/eb/dg80.pdf,dg80.pdf,demands_for_grants
2025-2026,https://www.indiabudget.gov.in/budget2025-26/index.php,https://www.indiabudget.gov.in/budget2025-26/doc/eb/dg80.xlsx,dg80.xlsx,demands_for_grants
2025-2026,https://www.indiabudget.gov.in/budget2025-26/index.php,https://www.indiabudget.gov.in/budget2025-26/doc/eb/dg81.pdf,dg81.pdf,demands_for_grants
2025-2026,https://www.indiabudget.gov.in/budget2025-26/index.php,https://www.indiabudget.gov.in/budget2025-26/doc/eb/dg81.xlsx,dg81.xlsx,demands_for_grants
2025-2026,https://www.indiabudget.gov.in/budget2025-26/index.php,https://www.indiabudget.gov.in/budget2025-26/doc/eb/dg82.pdf,dg82.pdf,demands_for_grants
2025-2026,https://www.indiabudget.gov.in/budget2025-26/index.php,https://www.indiabudget.gov.in/budget2025-26/doc/eb/dg82.xlsx,dg82.xlsx,demands_for_grants
2025-2026,https://www.indiabudget.gov.in/budget2025-26/index.php,https://www.indiabudget.gov.in/budget2025-26/doc/eb/dg83.pdf,dg83.pdf,demands_for_grants
2025-2026,https://www.indiabudget.gov.in/budget2025-26/index.php,https://www.indiabudget.gov.in/budget2025-26/doc/eb/dg83.xlsx,dg83.xlsx,demands_for_grants
2025-2026,https://www.indiabudget.gov.in/budget2025-26/index.php,https://www.indiabudget.gov.in/budget2025-26/doc/eb/dg84.pdf,dg84.pdf,demands_for_grants
2025-2026,https://www.indiabudget.gov.in/budget2025-26/index.php,https://www.indiabudget.gov.in/budget2025-26/doc/eb/dg84.xlsx,dg84.xlsx,demands_for_grants
2025-2026,https://www.indiabudget.gov.in/budget2025-26/index.php,https://www.indiabudget.gov.in/budget2025-26/doc/eb/dg85.pdf,dg85.pdf,demands_for_grants
2025-2026,https://www.indiabudget.gov.in/budget2025-26/index.php,https://www.indiabudget.gov.in/budget2025-26/doc/eb/dg85.xlsx,dg85.xlsx,demands_for_grants
2025-2026,https://www.indiabudget.gov.in/budget2025-26/index.php,https://www.indiabudget.gov.in/budget2025-26/doc/eb/dg86.pdf,dg86.pdf,demands_for_grants
2025-2026,https://www.indiabudget.gov.in/budget2025-26/index.php,https://www.indiabudget.gov.in/budget2025-26/doc/eb/dg86.xlsx,dg86.xlsx,demands_for_grants
2025-2026,https://www.indiabudget.gov.in/budget2025-26/index.php,https://www.indiabudget.gov.in/budget2025-26/doc/eb/dg87.pdf,dg87.pdf,demands_for_grants
2025-2026,https://www.indiabudget.gov.in/budget2025-26/index.php,https://www.indiabudget.gov.in/budget2025-26/doc/eb/dg87.xlsx,dg87.xlsx,demands_for_grants
2025-2026,https://www.indiabudget.gov.in/budget2025-26/index.php,https://www.indiabudget.gov.in/budget2025-26/doc/eb/dg88.pdf,dg88.pdf,demands_for_grants
2025-2026,https://www.indiabudget.gov.in/budget2025-26/index.php,https://www.indiabudget.gov.in/budget2025-26/doc/eb/dg88.xlsx,dg88.xlsx,demands_for_grants
2025-2026,https://www.indiabudget.gov.in/budget2025-26/index.php,https://www.indiabudget.gov.in/budget2025-26/doc/eb/dg89.pdf,dg89.pdf,demands_for_grants
2025-2026,https://www.indiabudget.gov.in/budget2025-26/index.php,https://www.indiabudget.gov.in/budget2025-26/doc/eb/dg89.xlsx,dg89.xlsx,demands_for_grants
2025-2026,https://www.indiabudget.gov.in/budget2025-26/index.php,https://www.indiabudget.gov.in/budget2025-26/doc/eb/dg90.pdf,dg90.pdf,demands_for_grants
2025-2026,https://www.indiabudget.gov.in/budget2025-26/index.php,https://www.indiabudget.gov.in/budget2025-26/doc/eb/dg90.xlsx,dg90.xlsx,demands_for_grants
2025-2026,https://www.indiabudget.gov.in/budget2025-26/index.php,https://www.indiabudget.gov.in/budget2025-26/doc/eb/dg91.pdf,dg91.pdf,demands_for_grants
2025-2026,https://www.indiabudget.gov.in/budget2025-26/index.php,https://www.indiabudget.gov.in/budget2025-26/doc/eb/dg91.xlsx,dg91.xlsx,demands_for_grants
2025-2026,https://www.indiabudget.gov.in/budget2025-26/index.php,https://www.indiabudget.gov.in/budget2025-26/doc/eb/dg92.pdf,dg92.pdf,demands_for_grants
2025-2026,https://www.indiabudget.gov.in/budget2025-26/index.php,https://www.indiabudget.gov.in/budget2025-26/doc/eb/dg92.xlsx,dg92.xlsx,demands_for_grants
2025-2026,https://www.indiabudget.gov.in/budget2025-26/index.php,https://www.indiabudget.gov.in/budget2025-26/doc/eb/dg93.pdf,dg93.pdf,demands_for_grants
2025-2026,https://www.indiabudget.gov.in/budget2025-26/index.php,https://www.indiabudget.gov.in/budget2025-26/doc/eb/dg93.xlsx,dg93.xlsx,demands_for_grants
2025-2026,https://www.indiabudget.gov.in/budget2025-26/index.php,https://www.indiabudget.gov.in/budget2025-26/doc/eb/dg94.pdf,dg94.pdf,demands_for_grants
2025-2026,https://www.indiabudget.gov.in/budget2025-26/index.php,https://www.indiabudget.gov.in/budget2025-26/doc/eb/dg94.xlsx,dg94.xlsx,demands_for_grants
2025-2026,https://www.indiabudget.gov.in/budget2025-26/index.php,https://www.indiabudget.gov.in/budget2025-26/doc/eb/dg95.pdf,dg95.pdf,demands_for_grants
2025-2026,https://www.indiabudget.gov.in/budget2025-26/index.php,https://www.indiabudget.gov.in/budget2025-26/doc/eb/dg95.xlsx,dg95.xlsx,demands_for_grants
2025-2026,https://www.indiabudget.gov.in/budget2025-26/index.php,https://www.indiabudget.gov.in/budget2025-26/doc/eb/dg96.pdf,dg96.pdf,demands_for_grants
2025-2026,https://www.indiabudget.gov.in/budget2025-26/index.php,https://www.indiabudget.gov.in/budget2025-26/doc/eb/dg96.xlsx,dg96.xlsx,demands_for_grants
2025-2026,https://www.indiabudget.gov.in/budget2025-26/index.php,https://www.indiabudget.gov.in/budget2025-26/doc/eb/dg97.pdf,dg97.pdf,demands_for_grants
2025-2026,https://www.indiabudget.gov.in/budget2025-26/index.php,https://www.indiabudget.gov.in/budget2025-26/doc/eb/dg97.xlsx,dg97.xlsx,demands_for_grants
2025-2026,https://www.indiabudget.gov.in/budget2025-26/index.php,https://www.indiabudget.gov.in/budget2025-26/doc/eb/dg98.pdf,dg98.pdf,demands_for_grants
2025-2026,https://www.indiabudget.gov.in/budget2025-26/index.php,https://www.indiabudget.gov.in/budget2025-26/doc/eb/dg98.xlsx,dg98.xlsx,demands_for_grants
2025-2026,https://www.indiabudget.gov.in/budget2025-26/index.php,https://www.indiabudget.gov.in/budget2025-26/doc/eb/dg99.pdf,dg99.pdf,demands_for_grants
2025-2026,https://www.indiabudget.gov.in/budget2025-26/index.php,https://www.indiabudget.gov.in/budget2025-26/doc/eb/dg99.xlsx,dg99.xlsx,demands_for_grants
2025-2026,https://www.indiabudget.gov.in/budget2025-26/index.php,https://www.indiabudget.gov.in/budget2025-26/doc/eb/dg100.pdf,dg100.pdf,demands_for_grants
2025-2026,https://www.indiabudget.gov.in/budget2025-26/index.php,https://www.indiabudget.gov.in/budget2025-26/doc/eb/dg100.xlsx,dg100.xlsx,demands_for_grants
2025-2026,https://www.indiabudget.gov.in/budget2025-26/index.php,https://www.indiabudget.gov.in/budget2025-26/doc/eb/dg101.pdf,dg101.pdf,demands_for_grants
2025-2026,https://www.indiabudget.gov.in/budget2025-26/index.php,https://www.indiabudget.gov.in/budget2025-26/doc/eb/dg101.xlsx,dg101.xlsx,demands_for_grants
2025-2026,https://www.indiabudget.gov.in/budget2025-26/index.php,https://www.indiabudget.gov.in/budget2025-26/doc/eb/dg102.pdf,dg102.pdf,demands_for_grants
2025-2026,https://www.indiabudget.gov.in/budget2025-26/index.php,https://www.indiabudget.gov.in/budget2025-26/doc/eb/dg102.xlsx,dg102.xlsx,demands_for_grants
2025-2026,https://www.indiabudget.gov.in/budget2025-26/index.php,https://www.indiabudget.gov.in/budget2025-26/doc/rec/allrec.pdf,allrec.pdf,demands_for_grants
2025-2026,https://www.indiabudget.gov.in/budget2025-26/index.php,https://www.indiabudget.gov.in/budget2025-26/doc/rec/int.pdf,int.pdf,demands_for_grants
2025-2026,https://www.indiabudget.gov.in/budget2025-26/index.php,https://www.indiabudget.gov.in/budget2025-26/doc/rec/tr.pdf,tr.pdf,demands_for_grants
2025-2026,https://www.indiabudget.gov.in/budget2025-26/index.php,https://www.indiabudget.gov.in/budget2025-26/doc/rec/tr.xls,tr.xls,demands_for_grants
2025-2026,https://www.indiabudget.gov.in/budget2025-26/index.php,https://www.indiabudget.gov.in/budget2025-26/doc/rec/ntr.pdf,ntr.pdf,demands_for_grants
2025-2026,https://www.indiabudget.gov.in/budget2025-26/index.php,https://www.indiabudget.gov.in/budget2025-26/doc/rec/ntr.xls,ntr.xls,demands_for_grants
2025-2026,https://www.indiabudget.gov.in/budget2025-26/index.php,https://www.indiabudget.gov.in/budget2025-26/doc/rec/cr.pdf,cr.pdf,demands_for_grants
2025-2026,https://www.indiabudget.gov.in/budget2025-26/index.php,https://www.indiabudget.gov.in/budget2025-26/doc/rec/ctr.xls,ctr.xls,demands_for_grants
2025-2026,https://www.indiabudget.gov.in/budget2025-26/index.php,https://www.indiabudget.gov.in/budget2025-26/doc/rec/annex1.pdf,annex1.pdf,demands_for_grants
2025-2026,https://www.indiabudget.gov.in/budget2025-26/index.php,https://www.indiabudget.gov.in/budget2025-26/doc/rec/annex2.pdf,annex2.pdf,demands_for_grants
2025-2026,https://www.indiabudget.gov.in/budget2025-26/index.php,https://www.indiabudget.gov.in/budget2025-26/doc/rec/annex3.pdf,annex3.pdf,demands_for_grants
2025-2026,https://www.indiabudget.gov.in/budget2025-26/index.php,https://www.indiabudget.gov.in/budget2025-26/doc/rec/annex4.pdf,annex4.pdf,demands_for_grants
2025-2026,https://www.indiabudget.gov.in/budget2025-26/index.php,https://www.indiabudget.gov.in/budget2025-26/doc/rec/annex4a.pdf,annex4a.pdf,demands_for_grants
2025-2026,https://www.indiabudget.gov.in/budget2025-26/index.php,https://www.indiabudget.gov.in/budget2025-26/doc/rec/annex4b.pdf,annex4b.pdf,demands_for_grants
2025-2026,https://www.indiabudget.gov.in/budget2025-26/index.php,https://www.indiabudget.gov.in/budget2025-26/doc/rec/annex5.pdf,annex5.pdf,demands_for_grants
2025-2026,https://www.indiabudget.gov.in/budget2025-26/index.php,https://www.indiabudget.gov.in/budget2025-26/doc/rec/annex6.pdf,annex6.pdf,demands_for_grants
2025-2026,https://www.indiabudget.gov.in/budget2025-26/index.php,https://www.indiabudget.gov.in/budget2025-26/doc/rec/annex7.pdf,annex7.pdf,demands_for_grants
2025-2026,https://www.indiabudget.gov.in/budget2025-26/index.php,https://www.indiabudget.gov.in/budget2025-26/doc/rec/annex8.pdf,annex8.pdf,demands_for_grants
2025-2026,https://www.indiabudget.gov.in/budget2025-26/index.php,https://www.indiabudget.gov.in/budget2025-26/doc/rec/annex9.pdf,annex9.pdf,demands_for_grants
2025-2026,https://www.indiabudget.gov.in/budget2025-26/index.php,https://www.indiabudget.gov.in/budget2025-26/doc/rec/annex91.pdf,annex91.pdf,demands_for_grants
2025-2026,https://www.indiabudget.gov.in/budget2025-26/index.php,https://www.indiabudget.gov.in/budget2025-26/doc/rec/annex92.pdf,annex92.pdf,demands_for_grants
2025-2026,https://www.indiabudget.gov.in/budget2025-26/index.php,https://www.indiabudget.gov.in/budget2025-26/doc/rec/annex93.pdf,annex93.pdf,demands_for_grants
2025-2026,https://www.indiabudget.gov.in/budget2025-26/index.php,https://www.indiabudget.gov.in/budget2025-26/doc/rec/annex94.pdf,annex94.pdf,demands_for_grants
2025-2026,https://www.indiabudget.gov.in/budget2025-26/index.php,https://www.indiabudget.gov.in/budget2025-26/doc/rec/annex10.pdf,annex10.pdf,demands_for_grants
2025-2026,https://www.indiabudget.gov.in/budget2025-26/index.php,https://www.indiabudget.gov.in/budget2025-26/doc/rec/annex10a.pdf,annex10a.pdf,demands_for_grants
2025-2026,https://www.indiabudget.gov.in/budget2025-26/index.php,https://www.indiabudget.gov.in/budget2025-26/doc/rec/annex10b.pdf,annex10b.pdf,demands_for_grants
2025-2026,https://www.indiabudget.gov.in/budget2025-26/index.php,https://www.indiabudget.gov.in/budget2025-26/doc/rec/annex10c.pdf,annex10c.pdf,demands_for_grants
2025-2026,https://www.indiabudget.gov.in/budget2025-26/index.php,https://www.indiabudget.gov.in/budget2025-26/doc/rec/annex10d.pdf,annex10d.pdf,demands_for_grants
2025-2026,https://www.indiabudget.gov.in/budget2025-26/index.php,https://www.indiabudget.gov.in/budget2025-26/doc/rec/annex10e.pdf,annex10e.pdf,demands_for_grants
2025-2026,https://www.indiabudget.gov.in/budget2025-26/index.php,https://www.indiabudget.gov.in/budget2025-26/doc/rec/annex10f.pdf,annex10f.pdf,demands_for_grants
2025-2026,https://www.indiabudget.gov.in/budget2025-26/index.php,https://www.indiabudget.gov.in/budget2025-26/doc/rec/annex10g.pdf,annex10g.pdf,demands_for_grants
2025-2026,https://www.indiabudget.gov.in/budget2025-26/index.php,https://www.indiabudget.gov.in/budget2025-26/doc/rec/annex10h.pdf,annex10h.pdf,demands_for_grants
2025-2026,https://www.indiabudget.gov.in/budget2025-26/index.php,https://www.indiabudget.gov.in/budget2025-26/doc/rec/annex10i.pdf,annex10i.pdf,demands_for_grants
2025-2026,https://www.indiabudget.gov.in/budget2025-26/index.php,https://www.indiabudget.gov.in/budget2025-26/doc/rec/annex10j.pdf,annex10j.pdf,demands_for_grants
2025-2026,https://www.indiabudget.gov.in/budget2025-26/index.php,https://www.indiabudget.gov.in/budget2025-26/doc/rec/annex10k.pdf,annex10k.pdf,demands_for_grants
2025-2026,https://www.indiabudget.gov.in/budget2025-26/index.php,https://www.indiabudget.gov.in/budget2025-26/doc/rec/annex11.pdf,annex11.pdf,demands_for_grants
2025-2026,https://www.indiabudget.gov.in/budget2025-26/index.php,https://www.indiabudget.gov.in/budget2025-26/doc/rec/annex12.pdf,annex12.pdf,demands_for_grants
2025-2026,https://www.indiabudget.gov.in/budget2025-26/index.php,https://www.indiabudget.gov.in/budget2025-26/doc/rec/annex13.pdf,annex13.pdf,demands_for_grants
2025-2026,https://www.indiabudget.gov.in/budget2025-26/index.php,https://www.indiabudget.gov.in/budget2025-26/doc/rec/annex14.pdf,annex14.pdf,demands_for_grants
2024-2025,https://www.indiabudget.gov.in/budget2024-25/index.php,https://www.indiabudget.gov.in/budget2024-25/doc/bh1.pdf,bh1.pdf,demands_for_grants
2024-2025,https://www.indiabudget.gov.in/budget2024-25/index.php,https://www.indiabudget.gov.in/budget2024-25/doc/Key_to_Budget_Document_2024.pdf,Key_to_Budget_Document_2024.pdf,full_budget_document
2024-2025,https://www.indiabudget.gov.in/budget2024-25/index.php,https://www.indiabudget.gov.in/budget2024-25/doc/AFS/allafs.pdf,allafs.pdf,demands_for_grants
2024-2025,https://www.indiabudget.gov.in/budget2024-25/index.php,https://www.indiabudget.gov.in/budget2024-25/doc/AFS/allafs.xlsx,allafs.xlsx,demands_for_grants
2024-2025,https://www.indiabudget.gov.in/budget2024-25/index.php,https://www.indiabudget.gov.in/budget2024-25/doc/AFS/afs1.pdf,afs1.pdf,demands_for_grants
2024-2025,https://www.indiabudget.gov.in/budget2024-25/index.php,https://www.indiabudget.gov.in/budget2024-25/doc/AFS/afs1.xlsx,afs1.xlsx,demands_for_grants
2024-2025,https://www.indiabudget.gov.in/budget2024-25/index.php,https://www.indiabudget.gov.in/budget2024-25/doc/AFS/afs2.pdf,afs2.pdf,demands_for_grants
2024-2025,https://www.indiabudget.gov.in/budget2024-25/index.php,https://www.indiabudget.gov.in/budget2024-25/doc/AFS/afs2.xlsx,afs2.xlsx,demands_for_grants
2024-2025,https://www.indiabudget.gov.in/budget2024-25/index.php,https://www.indiabudget.gov.in/budget2024-25/doc/AFS/afs3.pdf,afs3.pdf,demands_for_grants
2024-2025,https://www.indiabudget.gov.in/budget2024-25/index.php,https://www.indiabudget.gov.in/budget2024-25/doc/AFS/afs3.xlsx,afs3.xlsx,demands_for_grants
2024-2025,https://www.indiabudget.gov.in/budget2024-25/index.php,https://www.indiabudget.gov.in/budget2024-25/doc/AFS/afs4.pdf,afs4.pdf,demands_for_grants
2024-2025,https://www.indiabudget.gov.in/budget2024-25/index.php,https://www.indiabudget.gov.in/budget2024-25/doc/AFS/afs4.xlsx,afs4.xlsx,demands_for_grants
2024-2025,https://www.indiabudget.gov.in/budget2024-25/index.php,https://www.indiabudget.gov.in/budget2024-25/doc/AFS/afs5.pdf,afs5.pdf,demands_for_grants
2024-2025,https://www.indiabudget.gov.in/budget2024-25/index.php,https://www.indiabudget.gov.in/budget2024-25/doc/AFS/afs5.xlsx,afs5.xlsx,demands_for_grants
2024-2025,https://www.indiabudget.gov.in/budget2024-25/index.php,https://www.indiabudget.gov.in/budget2024-25/doc/AFS/afs6.pdf,afs6.pdf,demands_for_grants
2024-2025,https://www.indiabudget.gov.in/budget2024-25/index.php,https://www.indiabudget.gov.in/budget2024-25/doc/AFS/afs6.xlsx,afs6.xlsx,demands_for_grants
2024-2025,https://www.indiabudget.gov.in/budget2024-25/index.php,https://www.indiabudget.gov.in/budget2024-25/doc/AFS/afs7.pdf,afs7.pdf,demands_for_grants
2024-2025,https://www.indiabudget.gov.in/budget2024-25/index.php,https://www.indiabudget.gov.in/budget2024-25/doc/AFS/afs7.xlsx,afs7.xlsx,demands_for_grants
2024-2025,https://www.indiabudget.gov.in/budget2024-25/index.php,https://www.indiabudget.gov.in/budget2024-25/doc/AFS/afs8.pdf,afs8.pdf,demands_for_grants
2024-2025,https://www.indiabudget.gov.in/budget2024-25/index.php,https://www.indiabudget.gov.in/budget2024-25/doc/AFS/afs8.xlsx,afs8.xlsx,demands_for_grants
2024-2025,https://www.indiabudget.gov.in/budget2024-25/index.php,https://www.indiabudget.gov.in/budget2024-25/doc/AFS/afs9.pdf,afs9.pdf,demands_for_grants
2024-2025,https://www.indiabudget.gov.in/budget2024-25/index.php,https://www.indiabudget.gov.in/budget2024-25/doc/AFS/afs9.xlsx,afs9.xlsx,demands_for_grants
2024-2025,https://www.indiabudget.gov.in/budget2024-25/index.php,https://www.indiabudget.gov.in/budget2024-25/doc/memo.pdf,memo.pdf,demands_for_grants
2024-2025,https://www.indiabudget.gov.in/budget2024-25/index.php,https://www.indiabudget.gov.in/budget2024-25/doc/Finance_Bill.pdf,Finance_Bill.pdf,demands_for_grants
2024-2025,https://www.indiabudget.gov.in/budget2024-25/index.php,https://www.indiabudget.gov.in/budget2024-25/doc/frbm1.pdf,frbm1.pdf,demands_for_grants
2024-2025,https://www.indiabudget.gov.in/budget2024-25/index.php,https://www.indiabudget.gov.in/budget2024-25/doc/OutcomeBudgetE2024_2025.pdf,OutcomeBudgetE2024_2025.pdf,demands_for_grants
2024-2025,https://www.indiabudget.gov.in/budget2024-25/index.php,https://www.indiabudget.gov.in/budget2024-25/doc/cen/cus292024.pdf,cus292024.pdf,demands_for_grants
2024-2025,https://www.indiabudget.gov.in/budget2024-25/index.php,https://www.indiabudget.gov.in/budget2024-25/doc/cen/cus302024.pdf,cus302024.pdf,demands_for_grants
2024-2025,https://www.indiabudget.gov.in/budget2024-25/index.php,https://www.indiabudget.gov.in/budget2024-25/doc/cen/cus312024.pdf,cus312024.pdf,demands_for_grants
2024-2025,https://www.indiabudget.gov.in/budget2024-25/index.php,https://www.indiabudget.gov.in/budget2024-25/doc/cen/cus322024.pdf,cus322024.pdf,demands_for_grants
2024-2025,https://www.indiabudget.gov.in/budget2024-25/index.php,https://www.indiabudget.gov.in/budget2024-25/doc/cen/cus332024.pdf,cus332024.pdf,demands_for_grants
2024-2025,https://www.indiabudget.gov.in/budget2024-25/index.php,https://www.indiabudget.gov.in/budget2024-25/doc/cen/cus342024.pdf,cus342024.pdf,demands_for_grants
2024-2025,https://www.indiabudget.gov.in/budget2024-25/index.php,https://www.indiabudget.gov.in/budget2024-25/doc/cen/cus352024.pdf,cus352024.pdf,demands_for_grants
2024-2025,https://www.indiabudget.gov.in/budget2024-25/index.php,https://www.indiabudget.gov.in/budget2024-25/doc/cen/cus362024.pdf,cus362024.pdf,demands_for_grants
2024-2025,https://www.indiabudget.gov.in/budget2024-25/index.php,https://www.indiabudget.gov.in/budget2024-25/doc/cen/cus372024.pdf,cus372024.pdf,demands_for_grants
2024-2025,https://www.indiabudget.gov.in/budget2024-25/index.php,https://www.indiabudget.gov.in/budget2024-25/doc/cen/cus382024.pdf,cus382024.pdf,demands_for_grants
2024-2025,https://www.indiabudget.gov.in/budget2024-25/index.php,https://www.indiabudget.gov.in/budget2024-25/doc/cen/cus392024.pdf,cus392024.pdf,demands_for_grants
2024-2025,https://www.indiabudget.gov.in/budget2024-25/index.php,https://www.indiabudget.gov.in/budget2024-25/doc/cen/cus512024.pdf,cus512024.pdf,demands_for_grants
2024-2025,https://www.indiabudget.gov.in/budget2024-25/index.php,https://www.indiabudget.gov.in/budget2024-25/doc/cen/explanatorynote.pdf,explanatorynote.pdf,demands_for_grants
2024-2025,https://www.indiabudget.gov.in/budget2024-25/index.php,https://www.indiabudget.gov.in/budget2024-25/doc/cen/dojstru1.pdf,dojstru1.pdf,demands_for_grants
2024-2025,https://www.indiabudget.gov.in/budget2024-25/index.php,https://www.indiabudget.gov.in/budget2024-25/doc/Budget_at_Glance/budget_at_a_glance.pdf,budget_at_a_glance.pdf,full_budget_document
2024-2025,https://www.indiabudget.gov.in/budget2024-25/index.php,https://www.indiabudget.gov.in/budget2024-25/doc/Budget_at_Glance/bag1.pdf,bag1.pdf,demands_for_grants
2024-2025,https://www.indiabudget.gov.in/budget2024-25/index.php,https://www.indiabudget.gov.in/budget2024-25/doc/Budget_at_Glance/bag1.xls,bag1.xls,demands_for_grants
2024-2025,https://www.indiabudget.gov.in/budget2024-25/index.php,https://www.indiabudget.gov.in/budget2024-25/doc/Budget_at_Glance/bag2.pdf,bag2.pdf,demands_for_grants
2024-2025,https://www.indiabudget.gov.in/budget2024-25/index.php,https://www.indiabudget.gov.in/budget2024-25/doc/Budget_at_Glance/bag2.xls,bag2.xls,demands_for_grants
2024-2025,https://www.indiabudget.gov.in/budget2024-25/index.php,https://www.indiabudget.gov.in/budget2024-25/doc/Budget_at_Glance/bag5.pdf,bag5.pdf,demands_for_grants
2024-2025,https://www.indiabudget.gov.in/budget2024-25/index.php,https://www.indiabudget.gov.in/budget2024-25/doc/Budget_at_Glance/bag5.xls,bag5.xls,demands_for_grants
2024-2025,https://www.indiabudget.gov.in/budget2024-25/index.php,https://www.indiabudget.gov.in/budget2024-25/doc/Budget_at_Glance/bag6.pdf,bag6.pdf,demands_for_grants
2024-2025,https://www.indiabudget.gov.in/budget2024-25/index.php,https://www.indiabudget.gov.in/budget2024-25/doc/Budget_at_Glance/bag6.xls,bag6.xls,demands_for_grants
2024-2025,https://www.indiabudget.gov.in/budget2024-25/index.php,https://www.indiabudget.gov.in/budget2024-25/doc/Budget_at_Glance/bag3.pdf,bag3.pdf,demands_for_grants
2024-2025,https://www.indiabudget.gov.in/budget2024-25/index.php,https://www.indiabudget.gov.in/budget2024-25/doc/Budget_at_Glance/bag3.xls,bag3.xls,demands_for_grants
2024-2025,https://www.indiabudget.gov.in/budget2024-25/index.php,https://www.indiabudget.gov.in/budget2024-25/doc/Budget_at_Glance/bag4.pdf,bag4.pdf,demands_for_grants
2024-2025,https://www.indiabudget.gov.in/budget2024-25/index.php,https://www.indiabudget.gov.in/budget2024-25/doc/Budget_at_Glance/bag7.pdf,bag7.pdf,demands_for_grants
2024-2025,https://www.indiabudget.gov.in/budget2024-25/index.php,https://www.indiabudget.gov.in/budget2024-25/doc/Budget_at_Glance/bag7.xls,bag7.xls,demands_for_grants
2024-2025,https://www.indiabudget.gov.in/budget2024-25/index.php,https://www.indiabudget.gov.in/budget2024-25/doc/eb/vol1.pdf,vol1.pdf,demands_for_grants
2024-2025,https://www.indiabudget.gov.in/budget2024-25/index.php,https://www.indiabudget.gov.in/budget2024-25/doc/eb/intro.pdf,intro.pdf,demands_for_grants
2024-2025,https://www.indiabudget.gov.in/budget2024-25/index.php,https://www.indiabudget.gov.in/budget2024-25/doc/eb/stat1.pdf,stat1.pdf,demands_for_grants
2024-2025,https://www.indiabudget.gov.in/budget2024-25/index.php,https://www.indiabudget.gov.in/budget2024-25/doc/eb/stat1.xlsx,stat1.xlsx,demands_for_grants
2024-2025,https://www.indiabudget.gov.in/budget2024-25/index.php,https://www.indiabudget.gov.in/budget2024-25/doc/eb/stat2a.pdf,stat2a.pdf,demands_for_grants
2024-2025,https://www.indiabudget.gov.in/budget2024-25/index.php,https://www.indiabudget.gov.in/budget2024-25/doc/eb/stat2b.pdf,stat2b.pdf,demands_for_grants
2024-2025,https://www.indiabudget.gov.in/budget2024-25/index.php,https://www.indiabudget.gov.in/budget2024-25/doc/eb/stat3a.pdf,stat3a.pdf,demands_for_grants
2024-2025,https://www.indiabudget.gov.in/budget2024-25/index.php,https://www.indiabudget.gov.in/budget2024-25/doc/eb/stat3a.xlsx,stat3a.xlsx,demands_for_grants
2024-2025,https://www.indiabudget.gov.in/budget2024-25/index.php,https://www.indiabudget.gov.in/budget2024-25/doc/eb/stat4a.pdf,stat4a.pdf,demands_for_grants
2024-2025,https://www.indiabudget.gov.in/budget2024-25/index.php,https://www.indiabudget.gov.in/budget2024-25/doc/eb/stat4a.xlsx,stat4a.xlsx,demands_for_grants
2024-2025,https://www.indiabudget.gov.in/budget2024-25/index.php,https://www.indiabudget.gov.in/budget2024-25/doc/eb/stat4b.pdf,stat4b.pdf,demands_for_grants
2024-2025,https://www.indiabudget.gov.in/budget2024-25/index.php,https://www.indiabudget.gov.in/budget2024-25/doc/eb/stat4b.xlsx,stat4b.xlsx,demands_for_grants
2024-2025,https://www.indiabudget.gov.in/budget2024-25/index.php,https://www.indiabudget.gov.in/budget2024-25/doc/eb/stat4c.pdf,stat4c.pdf,demands_for_grants
2024-2025,https://www.indiabudget.gov.in/budget2024-25/index.php,https://www.indiabudget.gov.in/budget2024-25/doc/eb/stat4c.xlsx,stat4c.xlsx,demands_for_grants
2024-2025,https://www.indiabudget.gov.in/budget2024-25/index.php,https://www.indiabudget.gov.in/budget2024-25/doc/eb/stat4d.pdf,stat4d.pdf,demands_for_grants
2024-2025,https://www.indiabudget.gov.in/budget2024-25/index.php,https://www.indiabudget.gov.in/budget2024-25/doc/eb/stat4d.xlsx,stat4d.xlsx,demands_for_grants
2024-2025,https://www.indiabudget.gov.in/budget2024-25/index.php,https://www.indiabudget.gov.in/budget2024-25/doc/eb/stat5.pdf,stat5.pdf,demands_for_grants
2024-2025,https://www.indiabudget.gov.in/budget2024-25/index.php,https://www.indiabudget.gov.in/budget2024-25/doc/eb/stat5.xlsx,stat5.xlsx,demands_for_grants
2024-2025,https://www.indiabudget.gov.in/budget2024-25/index.php,https://www.indiabudget.gov.in/budget2024-25/doc/eb/stat6.pdf,stat6.pdf,demands_for_grants
2024-2025,https://www.indiabudget.gov.in/budget2024-25/index.php,https://www.indiabudget.gov.in/budget2024-25/doc/eb/stat6.xlsx,stat6.xlsx,demands_for_grants
2024-2025,https://www.indiabudget.gov.in/budget2024-25/index.php,https://www.indiabudget.gov.in/budget2024-25/doc/eb/stat7.pdf,stat7.pdf,demands_for_grants
2024-2025,https://www.indiabudget.gov.in/budget2024-25/index.php,https://www.indiabudget.gov.in/budget2024-25/doc/eb/stat7.xlsx,stat7.xlsx,demands_for_grants
2024-2025,https://www.indiabudget.gov.in/budget2024-25/index.php,https://www.indiabudget.gov.in/budget2024-25/doc/eb/stat8.pdf,stat8.pdf,demands_for_grants
2024-2025,https://www.indiabudget.gov.in/budget2024-25/index.php,https://www.indiabudget.gov.in/budget2024-25/doc/eb/stat8.xlsx,stat8.xlsx,demands_for_grants
2024-2025,https://www.indiabudget.gov.in/budget2024-25/index.php,https://www.indiabudget.gov.in/budget2024-25/doc/eb/stat9.pdf,stat9.pdf,demands_for_grants
2024-2025,https://www.indiabudget.gov.in/budget2024-25/index.php,https://www.indiabudget.gov.in/budget2024-25/doc/eb/stat9.xlsx,stat9.xlsx,demands_for_grants
2024-2025,https://www.indiabudget.gov.in/budget2024-25/index.php,https://www.indiabudget.gov.in/budget2024-25/doc/eb/stat10a.pdf,stat10a.pdf,demands_for_grants
2024-2025,https://www.indiabudget.gov.in/budget2024-25/index.php,https://www.indiabudget.gov.in/budget2024-25/doc/eb/stat10a.xlsx,stat10a.xlsx,demands_for_grants
2024-2025,https://www.indiabudget.gov.in/budget2024-25/index.php,https://www.indiabudget.gov.in/budget2024-25/doc/eb/stat10b.pdf,stat10b.pdf,demands_for_grants
2024-2025,https://www.indiabudget.gov.in/budget2024-25/index.php,https://www.indiabudget.gov.in/budget2024-25/doc/eb/stat10b.xlsx,stat10b.xlsx,demands_for_grants
2024-2025,https://www.indiabudget.gov.in/budget2024-25/index.php,https://www.indiabudget.gov.in/budget2024-25/doc/eb/stat10bb.pdf,stat10bb.pdf,demands_for_grants
2024-2025,https://www.indiabudget.gov.in/budget2024-25/index.php,https://www.indiabudget.gov.in/budget2024-25/doc/eb/stat10bb.xlsx,stat10bb.xlsx,demands_for_grants
2024-2025,https://www.indiabudget.gov.in/budget2024-25/index.php,https://www.indiabudget.gov.in/budget2024-25/doc/eb/stat11.pdf,stat11.pdf,demands_for_grants
2024-2025,https://www.indiabudget.gov.in/budget2024-25/index.php,https://www.indiabudget.gov.in/budget2024-25/doc/eb/stat11.xlsx,stat11.xlsx,demands_for_grants
2024-2025,https://www.indiabudget.gov.in/budget2024-25/index.php,https://www.indiabudget.gov.in/budget2024-25/doc/eb/stat12.pdf,stat12.pdf,demands_for_grants
2024-2025,https://www.indiabudget.gov.in/budget2024-25/index.php,https://www.indiabudget.gov.in/budget2024-25/doc/eb/stat12.xlsx,stat12.xlsx,demands_for_grants
2024-2025,https://www.indiabudget.gov.in/budget2024-25/index.php,https://www.indiabudget.gov.in/budget2024-25/doc/eb/stat13.pdf,stat13.pdf,demands_for_grants
2024-2025,https://www.indiabudget.gov.in/budget2024-25/index.php,https://www.indiabudget.gov.in/budget2024-25/doc/eb/stat13.xlsx,stat13.xlsx,demands_for_grants
2024-2025,https://www.indiabudget.gov.in/budget2024-25/index.php,https://www.indiabudget.gov.in/budget2024-25/doc/eb/stat14.pdf,stat14.pdf,demands_for_grants
2024-2025,https://www.indiabudget.gov.in/budget2024-25/index.php,https://www.indiabudget.gov.in/budget2024-25/doc/eb/stat14.xlsx,stat14.xlsx,demands_for_grants
2024-2025,https://www.indiabudget.gov.in/budget2024-25/index.php,https://www.indiabudget.gov.in/budget2024-25/doc/eb/stat15.pdf,stat15.pdf,demands_for_grants
2024-2025,https://www.indiabudget.gov.in/budget2024-25/index.php,https://www.indiabudget.gov.in/budget2024-25/doc/eb/stat15.xlsx,stat15.xlsx,demands_for_grants
2024-2025,https://www.indiabudget.gov.in/budget2024-25/index.php,https://www.indiabudget.gov.in/budget2024-25/doc/eb/stat15a.pdf,stat15a.pdf,demands_for_grants
2024-2025,https://www.indiabudget.gov.in/budget2024-25/index.php,https://www.indiabudget.gov.in/budget2024-25/doc/eb/stat16.pdf,stat16.pdf,demands_for_grants
2024-2025,https://www.indiabudget.gov.in/budget2024-25/index.php,https://www.indiabudget.gov.in/budget2024-25/doc/eb/stat16.xlsx,stat16.xlsx,demands_for_grants
2024-2025,https://www.indiabudget.gov.in/budget2024-25/index.php,https://www.indiabudget.gov.in/budget2024-25/doc/eb/stat17.pdf,stat17.pdf,demands_for_grants
2024-2025,https://www.indiabudget.gov.in/budget2024-25/index.php,https://www.indiabudget.gov.in/budget2024-25/doc/eb/stat17.xlsx,stat17.xlsx,demands_for_grants
2024-2025,https://www.indiabudget.gov.in/budget2024-25/index.php,https://www.indiabudget.gov.in/budget2024-25/doc/eb/stat18.pdf,stat18.pdf,demands_for_grants
2024-2025,https://www.indiabudget.gov.in/budget2024-25/index.php,https://www.indiabudget.gov.in/budget2024-25/doc/eb/stat18.xlsx,stat18.xlsx,demands_for_grants
2024-2025,https://www.indiabudget.gov.in/budget2024-25/index.php,https://www.indiabudget.gov.in/budget2024-25/doc/eb/stat19.pdf,stat19.pdf,demands_for_grants
2024-2025,https://www.indiabudget.gov.in/budget2024-25/index.php,https://www.indiabudget.gov.in/budget2024-25/doc/eb/stat20.pdf,stat20.pdf,demands_for_grants
2024-2025,https://www.indiabudget.gov.in/budget2024-25/index.php,https://www.indiabudget.gov.in/budget2024-25/doc/eb/stat20.xlsx,stat20.xlsx,demands_for_grants
2024-2025,https://www.indiabudget.gov.in/budget2024-25/index.php,https://www.indiabudget.gov.in/budget2024-25/doc/eb/stat21.pdf,stat21.pdf,demands_for_grants
2024-2025,https://www.indiabudget.gov.in/budget2024-25/index.php,https://www.indiabudget.gov.in/budget2024-25/doc/eb/stat21.xlsx,stat21.xlsx,demands_for_grants
2024-2025,https://www.indiabudget.gov.in/budget2024-25/index.php,https://www.indiabudget.gov.in/budget2024-25/doc/eb/stat22.pdf,stat22.pdf,demands_for_grants
2024-2025,https://www.indiabudget.gov.in/budget2024-25/index.php,https://www.indiabudget.gov.in/budget2024-25/doc/eb/stat22.xlsx,stat22.xlsx,demands_for_grants
2024-2025,https://www.indiabudget.gov.in/budget2024-25/index.php,https://www.indiabudget.gov.in/budget2024-25/doc/eb/stat23.pdf,stat23.pdf,demands_for_grants
2024-2025,https://www.indiabudget.gov.in/budget2024-25/index.php,https://www.indiabudget.gov.in/budget2024-25/doc/eb/stat23.xlsx,stat23.xlsx,demands_for_grants
2024-2025,https://www.indiabudget.gov.in/budget2024-25/index.php,https://www.indiabudget.gov.in/budget2024-25/doc/eb/stat24.pdf,stat24.pdf,demands_for_grants
2024-2025,https://www.indiabudget.gov.in/budget2024-25/index.php,https://www.indiabudget.gov.in/budget2024-25/doc/eb/stat24.xlsx,stat24.xlsx,demands_for_grants
2024-2025,https://www.indiabudget.gov.in/budget2024-25/index.php,https://www.indiabudget.gov.in/budget2024-25/doc/eb/stat25.pdf,stat25.pdf,demands_for_grants
2024-2025,https://www.indiabudget.gov.in/budget2024-25/index.php,https://www.indiabudget.gov.in/budget2024-25/doc/eb/stat25.xlsx,stat25.xlsx,demands_for_grants
2024-2025,https://www.indiabudget.gov.in/budget2024-25/index.php,https://www.indiabudget.gov.in/budget2024-25/doc/eb/stat26.pdf,stat26.pdf,demands_for_grants
2024-2025,https://www.indiabudget.gov.in/budget2024-25/index.php,https://www.indiabudget.gov.in/budget2024-25/doc/eb/stat26.xlsx,stat26.xlsx,demands_for_grants
2024-2025,https://www.indiabudget.gov.in/budget2024-25/index.php,https://www.indiabudget.gov.in/budget2024-25/doc/eb/stat27.pdf,stat27.pdf,demands_for_grants
2024-2025,https://www.indiabudget.gov.in/budget2024-25/index.php,https://www.indiabudget.gov.in/budget2024-25/doc/eb/stat27a.pdf,stat27a.pdf,demands_for_grants
2024-2025,https://www.indiabudget.gov.in/budget2024-25/index.php,https://www.indiabudget.gov.in/budget2024-25/doc/eb/railstat1.pdf,railstat1.pdf,demands_for_grants
2024-2025,https://www.indiabudget.gov.in/budget2024-25/index.php,https://www.indiabudget.gov.in/budget2024-25/doc/eb/railstat1.xlsx,railstat1.xlsx,demands_for_grants
2024-2025,https://www.indiabudget.gov.in/budget2024-25/index.php,https://www.indiabudget.gov.in/budget2024-25/doc/eb/railstat2.pdf,railstat2.pdf,demands_for_grants
2024-2025,https://www.indiabudget.gov.in/budget2024-25/index.php,https://www.indiabudget.gov.in/budget2024-25/doc/eb/railstat2.xlsx,railstat2.xlsx,demands_for_grants
2024-2025,https://www.indiabudget.gov.in/budget2024-25/index.php,https://www.indiabudget.gov.in/budget2024-25/doc/eb/railstat3.pdf,railstat3.pdf,demands_for_grants
2024-2025,https://www.indiabudget.gov.in/budget2024-25/index.php,https://www.indiabudget.gov.in/budget2024-25/doc/eb/railstat3.xlsx,railstat3.xlsx,demands_for_grants
2024-2025,https://www.indiabudget.gov.in/budget2024-25/index.php,https://www.indiabudget.gov.in/budget2024-25/doc/eb/railstat4.pdf,railstat4.pdf,demands_for_grants
2024-2025,https://www.indiabudget.gov.in/budget2024-25/index.php,https://www.indiabudget.gov.in/budget2024-25/doc/eb/railstat4.xlsx,railstat4.xlsx,demands_for_grants
2024-2025,https://www.indiabudget.gov.in/budget2024-25/index.php,https://www.indiabudget.gov.in/budget2024-25/doc/eb/railstat5.pdf,railstat5.pdf,demands_for_grants
2024-2025,https://www.indiabudget.gov.in/budget2024-25/index.php,https://www.indiabudget.gov.in/budget2024-25/doc/eb/railstat5.xlsx,railstat5.xlsx,demands_for_grants
2024-2025,https://www.indiabudget.gov.in/budget2024-25/index.php,https://www.indiabudget.gov.in/budget2024-25/doc/eb/railstat6.pdf,railstat6.pdf,demands_for_grants
2024-2025,https://www.indiabudget.gov.in/budget2024-25/index.php,https://www.indiabudget.gov.in/budget2024-25/doc/eb/railstat6.xlsx,railstat6.xlsx,demands_for_grants
2024-2025,https://www.indiabudget.gov.in/budget2024-25/index.php,https://www.indiabudget.gov.in/budget2024-25/doc/eb/railstat7.pdf,railstat7.pdf,demands_for_grants
2024-2025,https://www.indiabudget.gov.in/budget2024-25/index.php,https://www.indiabudget.gov.in/budget2024-25/doc/eb/railstat7.xlsx,railstat7.xlsx,demands_for_grants
2024-2025,https://www.indiabudget.gov.in/budget2024-25/index.php,https://www.indiabudget.gov.in/budget2024-25/doc/eb/allsbe.pdf,allsbe.pdf,expenditure_budget
2024-2025,https://www.indiabudget.gov.in/budget2024-25/index.php,https://www.indiabudget.gov.in/budget2024-25/doc/eb/allsbe.xls,allsbe.xls,expenditure_budget
2024-2025,https://www.indiabudget.gov.in/budget2024-25/index.php,https://www.indiabudget.gov.in/budget2024-25/doc/eb/sumsbe.pdf,sumsbe.pdf,expenditure_budget
2024-2025,https://www.indiabudget.gov.in/budget2024-25/index.php,https://www.indiabudget.gov.in/budget2024-25/doc/eb/sbe1.pdf,sbe1.pdf,expenditure_budget
2024-2025,https://www.indiabudget.gov.in/budget2024-25/index.php,https://www.indiabudget.gov.in/budget2024-25/doc/eb/sbe1.xlsx,sbe1.xlsx,expenditure_budget
2024-2025,https://www.indiabudget.gov.in/budget2024-25/index.php,https://www.indiabudget.gov.in/budget2024-25/doc/eb/sbe2.pdf,sbe2.pdf,expenditure_budget
2024-2025,https://www.indiabudget.gov.in/budget2024-25/index.php,https://www.indiabudget.gov.in/budget2024-25/doc/eb/sbe2.xlsx,sbe2.xlsx,expenditure_budget
2024-2025,https://www.indiabudget.gov.in/budget2024-25/index.php,https://www.indiabudget.gov.in/budget2024-25/doc/eb/sbe3.pdf,sbe3.pdf,expenditure_budget
2024-2025,https://www.indiabudget.gov.in/budget2024-25/index.php,https://www.indiabudget.gov.in/budget2024-25/doc/eb/sbe3.xlsx,sbe3.xlsx,expenditure_budget
2024-2025,https://www.indiabudget.gov.in/budget2024-25/index.php,https://www.indiabudget.gov.in/budget2024-25/doc/eb/sbe4.pdf,sbe4.pdf,expenditure_budget
2024-2025,https://www.indiabudget.gov.in/budget2024-25/index.php,https://www.indiabudget.gov.in/budget2024-25/doc/eb/sbe4.xlsx,sbe4.xlsx,expenditure_budget
2024-2025,https://www.indiabudget.gov.in/budget2024-25/index.php,https://www.indiabudget.gov.in/budget2024-25/doc/eb/sbe5.pdf,sbe5.pdf,expenditure_budget
2024-2025,https://www.indiabudget.gov.in/budget2024-25/index.php,https://www.indiabudget.gov.in/budget2024-25/doc/eb/sbe5.xlsx,sbe5.xlsx,expenditure_budget
2024-2025,https://www.indiabudget.gov.in/budget2024-25/index.php,https://www.indiabudget.gov.in/budget2024-25/doc/eb/sbe6.pdf,sbe6.pdf,expenditure_budget
2024-2025,https://www.indiabudget.gov.in/budget2024-25/index.php,https://www.indiabudget.gov.in/budget2024-25/doc/eb/sbe6.xlsx,sbe6.xlsx,expenditure_budget
2024-2025,https://www.indiabudget.gov.in/budget2024-25/index.php,https://www.indiabudget.gov.in/budget2024-25/doc/eb/sbe7.pdf,sbe7.pdf,expenditure_budget
2024-2025,https://www.indiabudget.gov.in/budget2024-25/index.php,https://www.indiabudget.gov.in/budget2024-25/doc/eb/sbe7.xlsx,sbe7.xlsx,expenditure_budget
2024-2025,https://www.indiabudget.gov.in/budget2024-25/index.php,https://www.indiabudget.gov.in/budget2024-25/doc/eb/sbe8.pdf,sbe8.pdf,expenditure_budget
2024-2025,https://www.indiabudget.gov.in/budget2024-25/index.php,https://www.indiabudget.gov.in/budget2024-25/doc/eb/sbe8.xlsx,sbe8.xlsx,expenditure_budget
2024-2025,https://www.indiabudget.gov.in/budget2024-25/index.php,https://www.indiabudget.gov.in/budget2024-25/doc/eb/sbe9.pdf,sbe9.pdf,expenditure_budget
2024-2025,https://www.indiabudget.gov.in/budget2024-25/index.php,https://www.indiabudget.gov.in/budget2024-25/doc/eb/sbe9.xlsx,sbe9.xlsx,expenditure_budget
2024-2025,https://www.indiabudget.gov.in/budget2024-25/index.php,https://www.indiabudget.gov.in/budget2024-25/doc/eb/sbe10.pdf,sbe10.pdf,expenditure_budget
2024-2025,https://www.indiabudget.gov.in/budget2024-25/index.php,https://www.indiabudget.gov.in/budget2024-25/doc/eb/sbe10.xlsx,sbe10.xlsx,expenditure_budget
2024-2025,https://www.indiabudget.gov.in/budget2024-25/index.php,https://www.indiabudget.gov.in/budget2024-25/doc/eb/sbe11.pdf,sbe11.pdf,expenditure_budget
2024-2025,https://www.indiabudget.gov.in/budget2024-25/index.php,https://www.indiabudget.gov.in/budget2024-25/doc/eb/sbe11.xlsx,sbe11.xlsx,expenditure_budget
2024-2025,https://www.indiabudget.gov.in/budget2024-25/index.php,https://www.indiabudget.gov.in/budget2024-25/doc/eb/sbe12.pdf,sbe12.pdf,expenditure_budget
2024-2025,https://www.indiabudget.gov.in/budget2024-25/index.php,https://www.indiabudget.gov.in/budget2024-25/doc/eb/sbe12.xlsx,sbe12.xlsx,expenditure_budget
2024-2025,https://www.indiabudget.gov.in/budget2024-25/index.php,https://www.indiabudget.gov.in/budget2024-25/doc/eb/sbe13.pdf,sbe13.pdf,expenditure_budget
2024-2025,https://www.indiabudget.gov.in/budget2024-25/index.php,https://www.indiabudget.gov.in/budget2024-25/doc/eb/sbe13.xlsx,sbe13.xlsx,expenditure_budget
2024-2025,https://www.indiabudget.gov.in/budget2024-25/index.php,https://www.indiabudget.gov.in/budget2024-25/doc/eb/sbe14.pdf,sbe14.pdf,expenditure_budget
2024-2025,https://www.indiabudget.gov.in/budget2024-25/index.php,https://www.indiabudget.gov.in/budget2024-25/doc/eb/sbe14.xlsx,sbe14.xlsx,expenditure_budget
2024-2025,https://www.indiabudget.gov.in/budget2024-25/index.php,https://www.indiabudget.gov.in/budget2024-25/doc/eb/sbe15.pdf,sbe15.pdf,expenditure_budget
2024-2025,https://www.indiabudget.gov.in/budget2024-25/index.php,https://www.indiabudget.gov.in/budget2024-25/doc/eb/sbe15.xlsx,sbe15.xlsx,expenditure_budget
2024-2025,https://www.indiabudget.gov.in/budget2024-25/index.php,https://www.indiabudget.gov.in/budget2024-25/doc/eb/sbe16.pdf,sbe16.pdf,expenditure_budget
2024-2025,https://www.indiabudget.gov.in/budget2024-25/index.php,https://www.indiabudget.gov.in/budget2024-25/doc/eb/sbe16.xlsx,sbe16.xlsx,expenditure_budget
2024-2025,https://www.indiabudget.gov.in/budget2024-25/index.php,https://www.indiabudget.gov.in/budget2024-25/doc/eb/sbe17.pdf,sbe17.pdf,expenditure_budget
2024-2025,https://www.indiabudget.gov.in/budget2024-25/index.php,https://www.indiabudget.gov.in/budget2024-25/doc/eb/sbe17.xlsx,sbe17.xlsx,expenditure_budget
2024-2025,https://www.indiabudget.gov.in/budget2024-25/index.php,https://www.indiabudget.gov.in/budget2024-25/doc/eb/sbe18.pdf,sbe18.pdf,expenditure_budget
2024-2025,https://www.indiabudget.gov.in/budget2024-25/index.php,https://www.indiabudget.gov.in/budget2024-25/doc/eb/sbe18.xlsx,sbe18.xlsx,expenditure_budget
2024-2025,https://www.indiabudget.gov.in/budget2024-25/index.php,https://www.indiabudget.gov.in/budget2024-25/doc/eb/sbe19.pdf,sbe19.pdf,expenditure_budget
2024-2025,https://www.indiabudget.gov.in/budget2024-25/index.php,https://www.indiabudget.gov.in/budget2024-25/doc/eb/sbe19.xlsx,sbe19.xlsx,expenditure_budget
2024-2025,https://www.indiabudget.gov.in/budget2024-25/index.php,https://www.indiabudget.gov.in/budget2024-25/doc/eb/sbe20.pdf,sbe20.pdf,expenditure_budget
2024-2025,https://www.indiabudget.gov.in/budget2024-25/index.php,https://www.indiabudget.gov.in/budget2024-25/doc/eb/sbe20.xlsx,sbe20.xlsx,expenditure_budget
2024-2025,https://www.indiabudget.gov.in/budget2024-25/index.php,https://www.indiabudget.gov.in/budget2024-25/doc/eb/sbe21.pdf,sbe21.pdf,expenditure_budget
2024-2025,https://www.indiabudget.gov.in/budget2024-25/index.php,https://www.indiabudget.gov.in/budget2024-25/doc/eb/sbe21.xlsx,sbe21.xlsx,expenditure_budget
2024-2025,https://www.indiabudget.gov.in/budget2024-25/index.php,https://www.indiabudget.gov.in/budget2024-25/doc/eb/sbe22.pdf,sbe22.pdf,expenditure_budget
2024-2025,https://www.indiabudget.gov.in/budget2024-25/index.php,https://www.indiabudget.gov.in/budget2024-25/doc/eb/sbe22.xlsx,sbe22.xlsx,expenditure_budget
2024-2025,https://www.indiabudget.gov.in/budget2024-25/index.php,https://www.indiabudget.gov.in/budget2024-25/doc/eb/sbe23.pdf,sbe23.pdf,expenditure_budget
2024-2025,https://www.indiabudget.gov.in/budget2024-25/index.php,https://www.indiabudget.gov.in/budget2024-25/doc/eb/sbe23.xlsx,sbe23.xlsx,expenditure_budget
2024-2025,https://www.indiabudget.gov.in/budget2024-25/index.php,https://www.indiabudget.gov.in/budget2024-25/doc/eb/sbe24.pdf,sbe24.pdf,expenditure_budget
2024-2025,https://www.indiabudget.gov.in/budget2024-25/index.php,https://www.indiabudget.gov.in/budget2024-25/doc/eb/sbe24.xlsx,sbe24.xlsx,expenditure_budget
2024-2025,https://www.indiabudget.gov.in/budget2024-25/index.php,https://www.indiabudget.gov.in/budget2024-25/doc/eb/sbe25.pdf,sbe25.pdf,expenditure_budget
2024-2025,https://www.indiabudget.gov.in/budget2024-25/index.php,https://www.indiabudget.gov.in/budget2024-25/doc/eb/sbe25.xlsx,sbe25.xlsx,expenditure_budget
2024-2025,https://www.indiabudget.gov.in/budget2024-25/index.php,https://www.indiabudget.gov.in/budget2024-25/doc/eb/sbe26.pdf,sbe26.pdf,expenditure_budget
2024-2025,https://www.indiabudget.gov.in/budget2024-25/index.php,https://www.indiabudget.gov.in/budget2024-25/doc/eb/sbe26.xlsx,sbe26.xlsx,expenditure_budget
2024-2025,https://www.indiabudget.gov.in/budget2024-25/index.php,https://www.indiabudget.gov.in/budget2024-25/doc/eb/sbe27.pdf,sbe27.pdf,expenditure_budget
2024-2025,https://www.indiabudget.gov.in/budget2024-25/index.php,https://www.indiabudget.gov.in/budget2024-25/doc/eb/sbe27.xlsx,sbe27.xlsx,expenditure_budget
2024-2025,https://www.indiabudget.gov.in/budget2024-25/index.php,https://www.indiabudget.gov.in/budget2024-25/doc/eb/sbe28.pdf,sbe28.pdf,expenditure_budget
2024-2025,https://www.indiabudget.gov.in/budget2024-25/index.php,https://www.indiabudget.gov.in/budget2024-25/doc/eb/sbe28.xlsx,sbe28.xlsx,expenditure_budget
2024-2025,https://www.indiabudget.gov.in/budget2024-25/index.php,https://www.indiabudget.gov.in/budget2024-25/doc/eb/sbe29.pdf,sbe29.pdf,expenditure_budget
2024-2025,https://www.indiabudget.gov.in/budget2024-25/index.php,https://www.indiabudget.gov.in/budget2024-25/doc/eb/sbe29.xlsx,sbe29.xlsx,expenditure_budget
2024-2025,https://www.indiabudget.gov.in/budget2024-25/index.php,https://www.indiabudget.gov.in/budget2024-25/doc/eb/sbe30.pdf,sbe30.pdf,expenditure_budget
2024-2025,https://www.indiabudget.gov.in/budget2024-25/index.php,https://www.indiabudget.gov.in/budget2024-25/doc/eb/sbe30.xlsx,sbe30.xlsx,expenditure_budget
2024-2025,https://www.indiabudget.gov.in/budget2024-25/index.php,https://www.indiabudget.gov.in/budget2024-25/doc/eb/sbe31.pdf,sbe31.pdf,expenditure_budget
2024-2025,https://www.indiabudget.gov.in/budget2024-25/index.php,https://www.indiabudget.gov.in/budget2024-25/doc/eb/sbe31.xlsx,sbe31.xlsx,expenditure_budget
2024-2025,https://www.indiabudget.gov.in/budget2024-25/index.php,https://www.indiabudget.gov.in/budget2024-25/doc/eb/sbe32.pdf,sbe32.pdf,expenditure_budget
2024-2025,https://www.indiabudget.gov.in/budget2024-25/index.php,https://www.indiabudget.gov.in/budget2024-25/doc/eb/sbe32.xlsx,sbe32.xlsx,expenditure_budget
2024-2025,https://www.indiabudget.gov.in/budget2024-25/index.php,https://www.indiabudget.gov.in/budget2024-25/doc/eb/sbe33.pdf,sbe33.pdf,expenditure_budget
2024-2025,https://www.indiabudget.gov.in/budget2024-25/index.php,https://www.indiabudget.gov.in/budget2024-25/doc/eb/sbe33.xlsx,sbe33.xlsx,expenditure_budget
2024-2025,https://www.indiabudget.gov.in/budget2024-25/index.php,https://www.indiabudget.gov.in/budget2024-25/doc/eb/sbe34.pdf,sbe34.pdf,expenditure_budget
2024-2025,https://www.indiabudget.gov.in/budget2024-25/index.php,https://www.indiabudget.gov.in/budget2024-25/doc/eb/sbe34.xlsx,sbe34.xlsx,expenditure_budget
2024-2025,https://www.indiabudget.gov.in/budget2024-25/index.php,https://www.indiabudget.gov.in/budget2024-25/doc/eb/sbe35.pdf,sbe35.pdf,expenditure_budget
2024-2025,https://www.indiabudget.gov.in/budget2024-25/index.php,https://www.indiabudget.gov.in/budget2024-25/doc/eb/sbe35.xlsx,sbe35.xlsx,expenditure_budget
2024-2025,https://www.indiabudget.gov.in/budget2024-25/index.php,https://www.indiabudget.gov.in/budget2024-25/doc/eb/sbe36.pdf,sbe36.pdf,expenditure_budget
2024-2025,https://www.indiabudget.gov.in/budget2024-25/index.php,https://www.indiabudget.gov.in/budget2024-25/doc/eb/sbe36.xlsx,sbe36.xlsx,expenditure_budget
2024-2025,https://www.indiabudget.gov.in/budget2024-25/index.php,https://www.indiabudget.gov.in/budget2024-25/doc/eb/sbe37.pdf,sbe37.pdf,expenditure_budget
2024-2025,https://www.indiabudget.gov.in/budget2024-25/index.php,https://www.indiabudget.gov.in/budget2024-25/doc/eb/sbe37.xlsx,sbe37.xlsx,expenditure_budget
2024-2025,https://www.indiabudget.gov.in/budget2024-25/index.php,https://www.indiabudget.gov.in/budget2024-25/doc/eb/sbe38.pdf,sbe38.pdf,expenditure_budget
2024-2025,https://www.indiabudget.gov.in/budget2024-25/index.php,https://www.indiabudget.gov.in/budget2024-25/doc/eb/sbe38.xlsx,sbe38.xlsx,expenditure_budget
2024-2025,https://www.indiabudget.gov.in/budget2024-25/index.php,https://www.indiabudget.gov.in/budget2024-25/doc/eb/sbe39.pdf,sbe39.pdf,expenditure_budget
2024-2025,https://www.indiabudget.gov.in/budget2024-25/index.php,https://www.indiabudget.gov.in/budget2024-25/doc/eb/sbe39.xlsx,sbe39.xlsx,expenditure_budget
2024-2025,https://www.indiabudget.gov.in/budget2024-25/index.php,https://www.indiabudget.gov.in/budget2024-25/doc/eb/sbe40.pdf,sbe40.pdf,expenditure_budget
2024-2025,https://www.indiabudget.gov.in/budget2024-25/index.php,https://www.indiabudget.gov.in/budget2024-25/doc/eb/sbe40.xlsx,sbe40.xlsx,expenditure_budget
2024-2025,https://www.indiabudget.gov.in/budget2024-25/index.php,https://www.indiabudget.gov.in/budget2024-25/doc/eb/sbe41.pdf,sbe41.pdf,expenditure_budget
2024-2025,https://www.indiabudget.gov.in/budget2024-25/index.php,https://www.indiabudget.gov.in/budget2024-25/doc/eb/sbe41.xlsx,sbe41.xlsx,expenditure_budget
2024-2025,https://www.indiabudget.gov.in/budget2024-25/index.php,https://www.indiabudget.gov.in/budget2024-25/doc/eb/sbe42.pdf,sbe42.pdf,expenditure_budget
2024-2025,https://www.indiabudget.gov.in/budget2024-25/index.php,https://www.indiabudget.gov.in/budget2024-25/doc/eb/sbe42.xlsx,sbe42.xlsx,expenditure_budget
2024-2025,https://www.indiabudget.gov.in/budget2024-25/index.php,https://www.indiabudget.gov.in/budget2024-25/doc/eb/sbe43.pdf,sbe43.pdf,expenditure_budget
2024-2025,https://www.indiabudget.gov.in/budget2024-25/index.php,https://www.indiabudget.gov.in/budget2024-25/doc/eb/sbe43.xlsx,sbe43.xlsx,expenditure_budget
2024-2025,https://www.indiabudget.gov.in/budget2024-25/index.php,https://www.indiabudget.gov.in/budget2024-25/doc/eb/sbe44.pdf,sbe44.pdf,expenditure_budget
2024-2025,https://www.indiabudget.gov.in/budget2024-25/index.php,https://www.indiabudget.gov.in/budget2024-25/doc/eb/sbe44.xlsx,sbe44.xlsx,expenditure_budget
2024-2025,https://www.indiabudget.gov.in/budget2024-25/index.php,https://www.indiabudget.gov.in/budget2024-25/doc/eb/sbe45.pdf,sbe45.pdf,expenditure_budget
2024-2025,https://www.indiabudget.gov.in/budget2024-25/index.php,https://www.indiabudget.gov.in/budget2024-25/doc/eb/sbe45.xlsx,sbe45.xlsx,expenditure_budget
2024-2025,https://www.indiabudget.gov.in/budget2024-25/index.php,https://www.indiabudget.gov.in/budget2024-25/doc/eb/sbe46.pdf,sbe46.pdf,expenditure_budget
2024-2025,https://www.indiabudget.gov.in/budget2024-25/index.php,https://www.indiabudget.gov.in/budget2024-25/doc/eb/sbe46.xlsx,sbe46.xlsx,expenditure_budget
2024-2025,https://www.indiabudget.gov.in/budget2024-25/index.php,https://www.indiabudget.gov.in/budget2024-25/doc/eb/sbe47.pdf,sbe47.pdf,expenditure_budget
2024-2025,https://www.indiabudget.gov.in/budget2024-25/index.php,https://www.indiabudget.gov.in/budget2024-25/doc/eb/sbe47.xlsx,sbe47.xlsx,expenditure_budget
2024-2025,https://www.indiabudget.gov.in/budget2024-25/index.php,https://www.indiabudget.gov.in/budget2024-25/doc/eb/sbe48.pdf,sbe48.pdf,expenditure_budget
2024-2025,https://www.indiabudget.gov.in/budget2024-25/index.php,https://www.indiabudget.gov.in/budget2024-25/doc/eb/sbe48.xlsx,sbe48.xlsx,expenditure_budget
2024-2025,https://www.indiabudget.gov.in/budget2024-25/index.php,https://www.indiabudget.gov.in/budget2024-25/doc/eb/sbe49.pdf,sbe49.pdf,expenditure_budget
2024-2025,https://www.indiabudget.gov.in/budget2024-25/index.php,https://www.indiabudget.gov.in/budget2024-25/doc/eb/sbe49.xlsx,sbe49.xlsx,expenditure_budget
2024-2025,https://www.indiabudget.gov.in/budget2024-25/index.php,https://www.indiabudget.gov.in/budget2024-25/doc/eb/sbe50.pdf,sbe50.pdf,expenditure_budget
2024-2025,https://www.indiabudget.gov.in/budget2024-25/index.php,https://www.indiabudget.gov.in/budget2024-25/doc/eb/sbe50.xlsx,sbe50.xlsx,expenditure_budget
2024-2025,https://www.indiabudget.gov.in/budget2024-25/index.php,https://www.indiabudget.gov.in/budget2024-25/doc/eb/sbe51.pdf,sbe51.pdf,expenditure_budget
2024-2025,https://www.indiabudget.gov.in/budget2024-25/index.php,https://www.indiabudget.gov.in/budget2024-25/doc/eb/sbe51.xlsx,sbe51.xlsx,expenditure_budget
2024-2025,https://www.indiabudget.gov.in/budget2024-25/index.php,https://www.indiabudget.gov.in/budget2024-25/doc/eb/sbe52.pdf,sbe52.pdf,expenditure_budget
2024-2025,https://www.indiabudget.gov.in/budget2024-25/index.php,https://www.indiabudget.gov.in/budget2024-25/doc/eb/sbe52.xlsx,sbe52.xlsx,expenditure_budget
2024-2025,https://www.indiabudget.gov.in/budget2024-25/index.php,https://www.indiabudget.gov.in/budget2024-25/doc/eb/sbe53.pdf,sbe53.pdf,expenditure_budget
2024-2025,https://www.indiabudget.gov.in/budget2024-25/index.php,https://www.indiabudget.gov.in/budget2024-25/doc/eb/sbe53.xlsx,sbe53.xlsx,expenditure_budget
2024-2025,https://www.indiabudget.gov.in/budget2024-25/index.php,https://www.indiabudget.gov.in/budget2024-25/doc/eb/sbe54.pdf,sbe54.pdf,expenditure_budget
2024-2025,https://www.indiabudget.gov.in/budget2024-25/index.php,https://www.indiabudget.gov.in/budget2024-25/doc/eb/sbe54.xlsx,sbe54.xlsx,expenditure_budget
2024-2025,https://www.indiabudget.gov.in/budget2024-25/index.php,https://www.indiabudget.gov.in/budget2024-25/doc/eb/sbe55.pdf,sbe55.pdf,expenditure_budget
2024-2025,https://www.indiabudget.gov.in/budget2024-25/index.php,https://www.indiabudget.gov.in/budget2024-25/doc/eb/sbe55.xlsx,sbe55.xlsx,expenditure_budget
2024-2025,https://www.indiabudget.gov.in/budget2024-25/index.php,https://www.indiabudget.gov.in/budget2024-25/doc/eb/sbe56.pdf,sbe56.pdf,expenditure_budget
2024-2025,https://www.indiabudget.gov.in/budget2024-25/index.php,https://www.indiabudget.gov.in/budget2024-25/doc/eb/sbe56.xlsx,sbe56.xlsx,expenditure_budget
2024-2025,https://www.indiabudget.gov.in/budget2024-25/index.php,https://www.indiabudget.gov.in/budget2024-25/doc/eb/sbe57.pdf,sbe57.pdf,expenditure_budget
2024-2025,https://www.indiabudget.gov.in/budget2024-25/index.php,https://www.indiabudget.gov.in/budget2024-25/doc/eb/sbe57.xlsx,sbe57.xlsx,expenditure_budget
2024-2025,https://www.indiabudget.gov.in/budget2024-25/index.php,https://www.indiabudget.gov.in/budget2024-25/doc/eb/sbe58.pdf,sbe58.pdf,expenditure_budget
2024-2025,https://www.indiabudget.gov.in/budget2024-25/index.php,https://www.indiabudget.gov.in/budget2024-25/doc/eb/sbe58.xlsx,sbe58.xlsx,expenditure_budget
2024-2025,https://www.indiabudget.gov.in/budget2024-25/index.php,https://www.indiabudget.gov.in/budget2024-25/doc/eb/sbe59.pdf,sbe59.pdf,expenditure_budget
2024-2025,https://www.indiabudget.gov.in/budget2024-25/index.php,https://www.indiabudget.gov.in/budget2024-25/doc/eb/sbe59.xlsx,sbe59.xlsx,expenditure_budget
2024-2025,https://www.indiabudget.gov.in/budget2024-25/index.php,https://www.indiabudget.gov.in/budget2024-25/doc/eb/sbe60.pdf,sbe60.pdf,expenditure_budget
2024-2025,https://www.indiabudget.gov.in/budget2024-25/index.php,https://www.indiabudget.gov.in/budget2024-25/doc/eb/sbe60.xlsx,sbe60.xlsx,expenditure_budget
2024-2025,https://www.indiabudget.gov.in/budget2024-25/index.php,https://www.indiabudget.gov.in/budget2024-25/doc/eb/sbe61.pdf,sbe61.pdf,expenditure_budget
2024-2025,https://www.indiabudget.gov.in/budget2024-25/index.php,https://www.indiabudget.gov.in/budget2024-25/doc/eb/sbe61.xlsx,sbe61.xlsx,expenditure_budget
2024-2025,https://www.indiabudget.gov.in/budget2024-25/index.php,https://www.indiabudget.gov.in/budget2024-25/doc/eb/sbe62.pdf,sbe62.pdf,expenditure_budget
2024-2025,https://www.indiabudget.gov.in/budget2024-25/index.php,https://www.indiabudget.gov.in/budget2024-25/doc/eb/sbe62.xlsx,sbe62.xlsx,expenditure_budget
2024-2025,https://www.indiabudget.gov.in/budget2024-25/index.php,https://www.indiabudget.gov.in/budget2024-25/doc/eb/sbe63.pdf,sbe63.pdf,expenditure_budget
2024-2025,https://www.indiabudget.gov.in/budget2024-25/index.php,https://www.indiabudget.gov.in/budget2024-25/doc/eb/sbe63.xlsx,sbe63.xlsx,expenditure_budget
2024-2025,https://www.indiabudget.gov.in/budget2024-25/index.php,https://www.indiabudget.gov.in/budget2024-25/doc/eb/sbe64.pdf,sbe64.pdf,expenditure_budget
2024-2025,https://www.indiabudget.gov.in/budget2024-25/index.php,https://www.indiabudget.gov.in/budget2024-25/doc/eb/sbe64.xlsx,sbe64.xlsx,expenditure_budget
2024-2025,https://www.indiabudget.gov.in/budget2024-25/index.php,https://www.indiabudget.gov.in/budget2024-25/doc/eb/sbe65.pdf,sbe65.pdf,expenditure_budget
2024-2025,https://www.indiabudget.gov.in/budget2024-25/index.php,https://www.indiabudget.gov.in/budget2024-25/doc/eb/sbe65.xlsx,sbe65.xlsx,expenditure_budget
2024-2025,https://www.indiabudget.gov.in/budget2024-25/index.php,https://www.indiabudget.gov.in/budget2024-25/doc/eb/sbe66.pdf,sbe66.pdf,expenditure_budget
2024-2025,https://www.indiabudget.gov.in/budget2024-25/index.php,https://www.indiabudget.gov.in/budget2024-25/doc/eb/sbe66.xlsx,sbe66.xlsx,expenditure_budget
2024-2025,https://www.indiabudget.gov.in/budget2024-25/index.php,https://www.indiabudget.gov.in/budget2024-25/doc/eb/sbe67.pdf,sbe67.pdf,expenditure_budget
2024-2025,https://www.indiabudget.gov.in/budget2024-25/index.php,https://www.indiabudget.gov.in/budget2024-25/doc/eb/sbe67.xlsx,sbe67.xlsx,expenditure_budget
2024-2025,https://www.indiabudget.gov.in/budget2024-25/index.php,https://www.indiabudget.gov.in/budget2024-25/doc/eb/sbe68.pdf,sbe68.pdf,expenditure_budget
2024-2025,https://www.indiabudget.gov.in/budget2024-25/index.php,https://www.indiabudget.gov.in/budget2024-25/doc/eb/sbe68.xlsx,sbe68.xlsx,expenditure_budget
2024-2025,https://www.indiabudget.gov.in/budget2024-25/index.php,https://www.indiabudget.gov.in/budget2024-25/doc/eb/sbe69.pdf,sbe69.pdf,expenditure_budget
2024-2025,https://www.indiabudget.gov.in/budget2024-25/index.php,https://www.indiabudget.gov.in/budget2024-25/doc/eb/sbe69.xlsx,sbe69.xlsx,expenditure_budget
2024-2025,https://www.indiabudget.gov.in/budget2024-25/index.php,https://www.indiabudget.gov.in/budget2024-25/doc/eb/sbe70.pdf,sbe70.pdf,expenditure_budget
2024-2025,https://www.indiabudget.gov.in/budget2024-25/index.php,https://www.indiabudget.gov.in/budget2024-25/doc/eb/sbe70.xlsx,sbe70.xlsx,expenditure_budget
2024-2025,https://www.indiabudget.gov.in/budget2024-25/index.php,https://www.indiabudget.gov.in/budget2024-25/doc/eb/sbe71.pdf,sbe71.pdf,expenditure_budget
2024-2025,https://www.indiabudget.gov.in/budget2024-25/index.php,https://www.indiabudget.gov.in/budget2024-25/doc/eb/sbe71.xlsx,sbe71.xlsx,expenditure_budget
2024-2025,https://www.indiabudget.gov.in/budget2024-25/index.php,https://www.indiabudget.gov.in/budget2024-25/doc/eb/sbe72.pdf,sbe72.pdf,expenditure_budget
2024-2025,https://www.indiabudget.gov.in/budget2024-25/index.php,https://www.indiabudget.gov.in/budget2024-25/doc/eb/sbe72.xlsx,sbe72.xlsx,expenditure_budget
2024-2025,https://www.indiabudget.gov.in/budget2024-25/index.php,https://www.indiabudget.gov.in/budget2024-25/doc/eb/sbe73.pdf,sbe73.pdf,expenditure_budget
2024-2025,https://www.indiabudget.gov.in/budget2024-25/index.php,https://www.indiabudget.gov.in/budget2024-25/doc/eb/sbe73.xlsx,sbe73.xlsx,expenditure_budget
2024-2025,https://www.indiabudget.gov.in/budget2024-25/index.php,https://www.indiabudget.gov.in/budget2024-25/doc/eb/sbe74.pdf,sbe74.pdf,expenditure_budget
2024-2025,https://www.indiabudget.gov.in/budget2024-25/index.php,https://www.indiabudget.gov.in/budget2024-25/doc/eb/sbe74.xlsx,sbe74.xlsx,expenditure_budget
2024-2025,https://www.indiabudget.gov.in/budget2024-25/index.php,https://www.indiabudget.gov.in/budget2024-25/doc/eb/sbe75.pdf,sbe75.pdf,expenditure_budget
2024-2025,https://www.indiabudget.gov.in/budget2024-25/index.php,https://www.indiabudget.gov.in/budget2024-25/doc/eb/sbe75.xlsx,sbe75.xlsx,expenditure_budget
2024-2025,https://www.indiabudget.gov.in/budget2024-25/index.php,https://www.indiabudget.gov.in/budget2024-25/doc/eb/sbe76.pdf,sbe76.pdf,expenditure_budget
2024-2025,https://www.indiabudget.gov.in/budget2024-25/index.php,https://www.indiabudget.gov.in/budget2024-25/doc/eb/sbe76.xlsx,sbe76.xlsx,expenditure_budget
2024-2025,https://www.indiabudget.gov.in/budget2024-25/index.php,https://www.indiabudget.gov.in/budget2024-25/doc/eb/sbe77.pdf,sbe77.pdf,expenditure_budget
2024-2025,https://www.indiabudget.gov.in/budget2024-25/index.php,https://www.indiabudget.gov.in/budget2024-25/doc/eb/sbe77.xlsx,sbe77.xlsx,expenditure_budget
2024-2025,https://www.indiabudget.gov.in/budget2024-25/index.php,https://www.indiabudget.gov.in/budget2024-25/doc/eb/sbe78.pdf,sbe78.pdf,expenditure_budget
2024-2025,https://www.indiabudget.gov.in/budget2024-25/index.php,https://www.indiabudget.gov.in/budget2024-25/doc/eb/sbe78.xlsx,sbe78.xlsx,expenditure_budget
2024-2025,https://www.indiabudget.gov.in/budget2024-25/index.php,https://www.indiabudget.gov.in/budget2024-25/doc/eb/sbe79.pdf,sbe79.pdf,expenditure_budget
2024-2025,https://www.indiabudget.gov.in/budget2024-25/index.php,https://www.indiabudget.gov.in/budget2024-25/doc/eb/sbe79.xlsx,sbe79.xlsx,expenditure_budget
2024-2025,https://www.indiabudget.gov.in/budget2024-25/index.php,https://www.indiabudget.gov.in/budget2024-25/doc/eb/sbe80.pdf,sbe80.pdf,expenditure_budget
2024-2025,https://www.indiabudget.gov.in/budget2024-25/index.php,https://www.indiabudget.gov.in/budget2024-25/doc/eb/sbe80.xlsx,sbe80.xlsx,expenditure_budget
2024-2025,https://www.indiabudget.gov.in/budget2024-25/index.php,https://www.indiabudget.gov.in/budget2024-25/doc/eb/sbe81.pdf,sbe81.pdf,expenditure_budget
2024-2025,https://www.indiabudget.gov.in/budget2024-25/index.php,https://www.indiabudget.gov.in/budget2024-25/doc/eb/sbe81.xlsx,sbe81.xlsx,expenditure_budget
2024-2025,https://www.indiabudget.gov.in/budget2024-25/index.php,https://www.indiabudget.gov.in/budget2024-25/doc/eb/sbe82.pdf,sbe82.pdf,expenditure_budget
2024-2025,https://www.indiabudget.gov.in/budget2024-25/index.php,https://www.indiabudget.gov.in/budget2024-25/doc/eb/sbe82.xlsx,sbe82.xlsx,expenditure_budget
2024-2025,https://www.indiabudget.gov.in/budget2024-25/index.php,https://www.indiabudget.gov.in/budget2024-25/doc/eb/sbe83.pdf,sbe83.pdf,expenditure_budget
2024-2025,https://www.indiabudget.gov.in/budget2024-25/index.php,https://www.indiabudget.gov.in/budget2024-25/doc/eb/sbe83.xlsx,sbe83.xlsx,expenditure_budget
2024-2025,https://www.indiabudget.gov.in/budget2024-25/index.php,https://www.indiabudget.gov.in/budget2024-25/doc/eb/sbe84.pdf,sbe84.pdf,expenditure_budget
2024-2025,https://www.indiabudget.gov.in/budget2024-25/index.php,https://www.indiabudget.gov.in/budget2024-25/doc/eb/sbe84.xlsx,sbe84.xlsx,expenditure_budget
2024-2025,https://www.indiabudget.gov.in/budget2024-25/index.php,https://www.indiabudget.gov.in/budget2024-25/doc/eb/sbe85.pdf,sbe85.pdf,expenditure_budget
2024-2025,https://www.indiabudget.gov.in/budget2024-25/index.php,https://www.indiabudget.gov.in/budget2024-25/doc/eb/sbe85.xlsx,sbe85.xlsx,expenditure_budget
2024-2025,https://www.indiabudget.gov.in/budget2024-25/index.php,https://www.indiabudget.gov.in/budget2024-25/doc/eb/sbe86.pdf,sbe86.pdf,expenditure_budget
2024-2025,https://www.indiabudget.gov.in/budget2024-25/index.php,https://www.indiabudget.gov.in/budget2024-25/doc/eb/sbe86.xlsx,sbe86.xlsx,expenditure_budget
2024-2025,https://www.indiabudget.gov.in/budget2024-25/index.php,https://www.indiabudget.gov.in/budget2024-25/doc/eb/sbe87.pdf,sbe87.pdf,expenditure_budget
2024-2025,https://www.indiabudget.gov.in/budget2024-25/index.php,https://www.indiabudget.gov.in/budget2024-25/doc/eb/sbe87.xlsx,sbe87.xlsx,expenditure_budget
2024-2025,https://www.indiabudget.gov.in/budget2024-25/index.php,https://www.indiabudget.gov.in/budget2024-25/doc/eb/sbe88.pdf,sbe88.pdf,expenditure_budget
2024-2025,https://www.indiabudget.gov.in/budget2024-25/index.php,https://www.indiabudget.gov.in/budget2024-25/doc/eb/sbe88.xlsx,sbe88.xlsx,expenditure_budget
2024-2025,https://www.indiabudget.gov.in/budget2024-25/index.php,https://www.indiabudget.gov.in/budget2024-25/doc/eb/sbe89.pdf,sbe89.pdf,expenditure_budget
2024-2025,https://www.indiabudget.gov.in/budget2024-25/index.php,https://www.indiabudget.gov.in/budget2024-25/doc/eb/sbe89.xlsx,sbe89.xlsx,expenditure_budget
2024-2025,https://www.indiabudget.gov.in/budget2024-25/index.php,https://www.indiabudget.gov.in/budget2024-25/doc/eb/sbe90.pdf,sbe90.pdf,expenditure_budget
2024-2025,https://www.indiabudget.gov.in/budget2024-25/index.php,https://www.indiabudget.gov.in/budget2024-25/doc/eb/sbe90.xlsx,sbe90.xlsx,expenditure_budget
2024-2025,https://www.indiabudget.gov.in/budget2024-25/index.php,https://www.indiabudget.gov.in/budget2024-25/doc/eb/sbe91.pdf,sbe91.pdf,expenditure_budget
2024-2025,https://www.indiabudget.gov.in/budget2024-25/index.php,https://www.indiabudget.gov.in/budget2024-25/doc/eb/sbe91.xlsx,sbe91.xlsx,expenditure_budget
2024-2025,https://www.indiabudget.gov.in/budget2024-25/index.php,https://www.indiabudget.gov.in/budget2024-25/doc/eb/sbe92.pdf,sbe92.pdf,expenditure_budget
2024-2025,https://www.indiabudget.gov.in/budget2024-25/index.php,https://www.indiabudget.gov.in/budget2024-25/doc/eb/sbe92.xlsx,sbe92.xlsx,expenditure_budget
2024-2025,https://www.indiabudget.gov.in/budget2024-25/index.php,https://www.indiabudget.gov.in/budget2024-25/doc/eb/sbe93.pdf,sbe93.pdf,expenditure_budget
2024-2025,https://www.indiabudget.gov.in/budget2024-25/index.php,https://www.indiabudget.gov.in/budget2024-25/doc/eb/sbe93.xlsx,sbe93.xlsx,expenditure_budget
2024-2025,https://www.indiabudget.gov.in/budget2024-25/index.php,https://www.indiabudget.gov.in/budget2024-25/doc/eb/sbe94.pdf,sbe94.pdf,expenditure_budget
2024-2025,https://www.indiabudget.gov.in/budget2024-25/index.php,https://www.indiabudget.gov.in/budget2024-25/doc/eb/sbe94.xlsx,sbe94.xlsx,expenditure_budget
2024-2025,https://www.indiabudget.gov.in/budget2024-25/index.php,https://www.indiabudget.gov.in/budget2024-25/doc/eb/sbe95.pdf,sbe95.pdf,expenditure_budget
2024-2025,https://www.indiabudget.gov.in/budget2024-25/index.php,https://www.indiabudget.gov.in/budget2024-25/doc/eb/sbe95.xlsx,sbe95.xlsx,expenditure_budget
2024-2025,https://www.indiabudget.gov.in/budget2024-25/index.php,https://www.indiabudget.gov.in/budget2024-25/doc/eb/sbe96.pdf,sbe96.pdf,expenditure_budget
2024-2025,https://www.indiabudget.gov.in/budget2024-25/index.php,https://www.indiabudget.gov.in/budget2024-25/doc/eb/sbe96.xlsx,sbe96.xlsx,expenditure_budget
2024-2025,https://www.indiabudget.gov.in/budget2024-25/index.php,https://www.indiabudget.gov.in/budget2024-25/doc/eb/sbe97.pdf,sbe97.pdf,expenditure_budget
2024-2025,https://www.indiabudget.gov.in/budget2024-25/index.php,https://www.indiabudget.gov.in/budget2024-25/doc/eb/sbe97.xlsx,sbe97.xlsx,expenditure_budget
2024-2025,https://www.indiabudget.gov.in/budget2024-25/index.php,https://www.indiabudget.gov.in/budget2024-25/doc/eb/sbe98.pdf,sbe98.pdf,expenditure_budget
2024-2025,https://www.indiabudget.gov.in/budget2024-25/index.php,https://www.indiabudget.gov.in/budget2024-25/doc/eb/sbe98.xlsx,sbe98.xlsx,expenditure_budget
2024-2025,https://www.indiabudget.gov.in/budget2024-25/index.php,https://www.indiabudget.gov.in/budget2024-25/doc/eb/sbe99.pdf,sbe99.pdf,expenditure_budget
2024-2025,https://www.indiabudget.gov.in/budget2024-25/index.php,https://www.indiabudget.gov.in/budget2024-25/doc/eb/sbe99.xlsx,sbe99.xlsx,expenditure_budget
2024-2025,https://www.indiabudget.gov.in/budget2024-25/index.php,https://www.indiabudget.gov.in/budget2024-25/doc/eb/sbe100.pdf,sbe100.pdf,expenditure_budget
2024-2025,https://www.indiabudget.gov.in/budget2024-25/index.php,https://www.indiabudget.gov.in/budget2024-25/doc/eb/sbe100.xlsx,sbe100.xlsx,expenditure_budget
2024-2025,https://www.indiabudget.gov.in/budget2024-25/index.php,https://www.indiabudget.gov.in/budget2024-25/doc/eb/sbe101.pdf,sbe101.pdf,expenditure_budget
2024-2025,https://www.indiabudget.gov.in/budget2024-25/index.php,https://www.indiabudget.gov.in/budget2024-25/doc/eb/sbe101.xlsx,sbe101.xlsx,expenditure_budget
2024-2025,https://www.indiabudget.gov.in/budget2024-25/index.php,https://www.indiabudget.gov.in/budget2024-25/doc/eb/sbe102.pdf,sbe102.pdf,expenditure_budget
2024-2025,https://www.indiabudget.gov.in/budget2024-25/index.php,https://www.indiabudget.gov.in/budget2024-25/doc/eb/sbe102.xlsx,sbe102.xlsx,expenditure_budget
2024-2025,https://www.indiabudget.gov.in/budget2024-25/index.php,https://www.indiabudget.gov.in/budget2024-25/doc/eb/dgsum.pdf,dgsum.pdf,demands_for_grants
2024-2025,https://www.indiabudget.gov.in/budget2024-25/index.php,https://www.indiabudget.gov.in/budget2024-25/doc/eb/alldg.pdf,alldg.pdf,demands_for_grants
2024-2025,https://www.indiabudget.gov.in/budget2024-25/index.php,https://www.indiabudget.gov.in/budget2024-25/doc/eb/alldg.xlsx,alldg.xlsx,demands_for_grants
2024-2025,https://www.indiabudget.gov.in/budget2024-25/index.php,https://www.indiabudget.gov.in/budget2024-25/doc/eb/dg1.pdf,dg1.pdf,demands_for_grants
2024-2025,https://www.indiabudget.gov.in/budget2024-25/index.php,https://www.indiabudget.gov.in/budget2024-25/doc/eb/dg1.xlsx,dg1.xlsx,demands_for_grants
2024-2025,https://www.indiabudget.gov.in/budget2024-25/index.php,https://www.indiabudget.gov.in/budget2024-25/doc/eb/dg2.pdf,dg2.pdf,demands_for_grants
2024-2025,https://www.indiabudget.gov.in/budget2024-25/index.php,https://www.indiabudget.gov.in/budget2024-25/doc/eb/dg2.xlsx,dg2.xlsx,demands_for_grants
2024-2025,https://www.indiabudget.gov.in/budget2024-25/index.php,https://www.indiabudget.gov.in/budget2024-25/doc/eb/dg3.pdf,dg3.pdf,demands_for_grants
2024-2025,https://www.indiabudget.gov.in/budget2024-25/index.php,https://www.indiabudget.gov.in/budget2024-25/doc/eb/dg3.xlsx,dg3.xlsx,demands_for_grants
2024-2025,https://www.indiabudget.gov.in/budget2024-25/index.php,https://www.indiabudget.gov.in/budget2024-25/doc/eb/dg4.pdf,dg4.pdf,demands_for_grants
2024-2025,https://www.indiabudget.gov.in/budget2024-25/index.php,https://www.indiabudget.gov.in/budget2024-25/doc/eb/dg4.xlsx,dg4.xlsx,demands_for_grants
2024-2025,https://www.indiabudget.gov.in/budget2024-25/index.php,https://www.indiabudget.gov.in/budget2024-25/doc/eb/dg5.pdf,dg5.pdf,demands_for_grants
2024-2025,https://www.indiabudget.gov.in/budget2024-25/index.php,https://www.indiabudget.gov.in/budget2024-25/doc/eb/dg5.xlsx,dg5.xlsx,demands_for_grants
2024-2025,https://www.indiabudget.gov.in/budget2024-25/index.php,https://www.indiabudget.gov.in/budget2024-25/doc/eb/dg6.pdf,dg6.pdf,demands_for_grants
2024-2025,https://www.indiabudget.gov.in/budget2024-25/index.php,https://www.indiabudget.gov.in/budget2024-25/doc/eb/dg6.xlsx,dg6.xlsx,demands_for_grants
2024-2025,https://www.indiabudget.gov.in/budget2024-25/index.php,https://www.indiabudget.gov.in/budget2024-25/doc/eb/dg7.pdf,dg7.pdf,demands_for_grants
2024-2025,https://www.indiabudget.gov.in/budget2024-25/index.php,https://www.indiabudget.gov.in/budget2024-25/doc/eb/dg7.xlsx,dg7.xlsx,demands_for_grants
2024-2025,https://www.indiabudget.gov.in/budget2024-25/index.php,https://www.indiabudget.gov.in/budget2024-25/doc/eb/dg8.pdf,dg8.pdf,demands_for_grants
2024-2025,https://www.indiabudget.gov.in/budget2024-25/index.php,https://www.indiabudget.gov.in/budget2024-25/doc/eb/dg8.xlsx,dg8.xlsx,demands_for_grants
2024-2025,https://www.indiabudget.gov.in/budget2024-25/index.php,https://www.indiabudget.gov.in/budget2024-25/doc/eb/dg9.pdf,dg9.pdf,demands_for_grants
2024-2025,https://www.indiabudget.gov.in/budget2024-25/index.php,https://www.indiabudget.gov.in/budget2024-25/doc/eb/dg9.xlsx,dg9.xlsx,demands_for_grants
2024-2025,https://www.indiabudget.gov.in/budget2024-25/index.php,https://www.indiabudget.gov.in/budget2024-25/doc/eb/dg10.pdf,dg10.pdf,demands_for_grants
2024-2025,https://www.indiabudget.gov.in/budget2024-25/index.php,https://www.indiabudget.gov.in/budget2024-25/doc/eb/dg11.pdf,dg11.pdf,demands_for_grants
2024-2025,https://www.indiabudget.gov.in/budget2024-25/index.php,https://www.indiabudget.gov.in/budget2024-25/doc/eb/dg11.xlsx,dg11.xlsx,demands_for_grants
2024-2025,https://www.indiabudget.gov.in/budget2024-25/index.php,https://www.indiabudget.gov.in/budget2024-25/doc/eb/dg12.pdf,dg12.pdf,demands_for_grants
2024-2025,https://www.indiabudget.gov.in/budget2024-25/index.php,https://www.indiabudget.gov.in/budget2024-25/doc/eb/dg12.xlsx,dg12.xlsx,demands_for_grants
2024-2025,https://www.indiabudget.gov.in/budget2024-25/index.php,https://www.indiabudget.gov.in/budget2024-25/doc/eb/dg13.pdf,dg13.pdf,demands_for_grants
2024-2025,https://www.indiabudget.gov.in/budget2024-25/index.php,https://www.indiabudget.gov.in/budget2024-25/doc/eb/dg13.xlsx,dg13.xlsx,demands_for_grants
2024-2025,https://www.indiabudget.gov.in/budget2024-25/index.php,https://www.indiabudget.gov.in/budget2024-25/doc/eb/dg14.pdf,dg14.pdf,demands_for_grants
2024-2025,https://www.indiabudget.gov.in/budget2024-25/index.php,https://www.indiabudget.gov.in/budget2024-25/doc/eb/dg14.xlsx,dg14.xlsx,demands_for_grants
2024-2025,https://www.indiabudget.gov.in/budget2024-25/index.php,https://www.indiabudget.gov.in/budget2024-25/doc/eb/dg15.pdf,dg15.pdf,demands_for_grants
2024-2025,https://www.indiabudget.gov.in/budget2024-25/index.php,https://www.indiabudget.gov.in/budget2024-25/doc/eb/dg15.xlsx,dg15.xlsx,demands_for_grants
2024-2025,https://www.indiabudget.gov.in/budget2024-25/index.php,https://www.indiabudget.gov.in/budget2024-25/doc/eb/dg16.pdf,dg16.pdf,demands_for_grants
2024-2025,https://www.indiabudget.gov.in/budget2024-25/index.php,https://www.indiabudget.gov.in/budget2024-25/doc/eb/dg16.xlsx,dg16.xlsx,demands_for_grants
2024-2025,https://www.indiabudget.gov.in/budget2024-25/index.php,https://www.indiabudget.gov.in/budget2024-25/doc/eb/dg17.pdf,dg17.pdf,demands_for_grants
2024-2025,https://www.indiabudget.gov.in/budget2024-25/index.php,https://www.indiabudget.gov.in/budget2024-25/doc/eb/dg17.xlsx,dg17.xlsx,demands_for_grants
2024-2025,https://www.indiabudget.gov.in/budget2024-25/index.php,https://www.indiabudget.gov.in/budget2024-25/doc/eb/dg18.pdf,dg18.pdf,demands_for_grants
2024-2025,https://www.indiabudget.gov.in/budget2024-25/index.php,https://www.indiabudget.gov.in/budget2024-25/doc/eb/dg18.xlsx,dg18.xlsx,demands_for_grants
2024-2025,https://www.indiabudget.gov.in/budget2024-25/index.php,https://www.indiabudget.gov.in/budget2024-25/doc/eb/dg19.pdf,dg19.pdf,demands_for_grants
2024-2025,https://www.indiabudget.gov.in/budget2024-25/index.php,https://www.indiabudget.gov.in/budget2024-25/doc/eb/dg19.xlsx,dg19.xlsx,demands_for_grants
2024-2025,https://www.indiabudget.gov.in/budget2024-25/index.php,https://www.indiabudget.gov.in/budget2024-25/doc/eb/dg20.pdf,dg20.pdf,demands_for_grants
2024-2025,https://www.indiabudget.gov.in/budget2024-25/index.php,https://www.indiabudget.gov.in/budget2024-25/doc/eb/dg20.xlsx,dg20.xlsx,demands_for_grants
2024-2025,https://www.indiabudget.gov.in/budget2024-25/index.php,https://www.indiabudget.gov.in/budget2024-25/doc/eb/dg21.pdf,dg21.pdf,demands_for_grants
2024-2025,https://www.indiabudget.gov.in/budget2024-25/index.php,https://www.indiabudget.gov.in/budget2024-25/doc/eb/dg21.xlsx,dg21.xlsx,demands_for_grants
2024-2025,https://www.indiabudget.gov.in/budget2024-25/index.php,https://www.indiabudget.gov.in/budget2024-25/doc/eb/dg22.pdf,dg22.pdf,demands_for_grants
2024-2025,https://www.indiabudget.gov.in/budget2024-25/index.php,https://www.indiabudget.gov.in/budget2024-25/doc/eb/dg22.xlsx,dg22.xlsx,demands_for_grants
2024-2025,https://www.indiabudget.gov.in/budget2024-25/index.php,https://www.indiabudget.gov.in/budget2024-25/doc/eb/dg23.pdf,dg23.pdf,demands_for_grants
2024-2025,https://www.indiabudget.gov.in/budget2024-25/index.php,https://www.indiabudget.gov.in/budget2024-25/doc/eb/dg23.xlsx,dg23.xlsx,demands_for_grants
2024-2025,https://www.indiabudget.gov.in/budget2024-25/index.php,https://www.indiabudget.gov.in/budget2024-25/doc/eb/dg24.pdf,dg24.pdf,demands_for_grants
2024-2025,https://www.indiabudget.gov.in/budget2024-25/index.php,https://www.indiabudget.gov.in/budget2024-25/doc/eb/dg24.xlsx,dg24.xlsx,demands_for_grants
2024-2025,https://www.indiabudget.gov.in/budget2024-25/index.php,https://www.indiabudget.gov.in/budget2024-25/doc/eb/dg25.pdf,dg25.pdf,demands_for_grants
2024-2025,https://www.indiabudget.gov.in/budget2024-25/index.php,https://www.indiabudget.gov.in/budget2024-25/doc/eb/dg25.xlsx,dg25.xlsx,demands_for_grants
2024-2025,https://www.indiabudget.gov.in/budget2024-25/index.php,https://www.indiabudget.gov.in/budget2024-25/doc/eb/dg26.pdf,dg26.pdf,demands_for_grants
2024-2025,https://www.indiabudget.gov.in/budget2024-25/index.php,https://www.indiabudget.gov.in/budget2024-25/doc/eb/dg26.xlsx,dg26.xlsx,demands_for_grants
2024-2025,https://www.indiabudget.gov.in/budget2024-25/index.php,https://www.indiabudget.gov.in/budget2024-25/doc/eb/dg27.pdf,dg27.pdf,demands_for_grants
2024-2025,https://www.indiabudget.gov.in/budget2024-25/index.php,https://www.indiabudget.gov.in/budget2024-25/doc/eb/dg27.xlsx,dg27.xlsx,demands_for_grants
2024-2025,https://www.indiabudget.gov.in/budget2024-25/index.php,https://www.indiabudget.gov.in/budget2024-25/doc/eb/dg28.pdf,dg28.pdf,demands_for_grants
2024-2025,https://www.indiabudget.gov.in/budget2024-25/index.php,https://www.indiabudget.gov.in/budget2024-25/doc/eb/dg28.xlsx,dg28.xlsx,demands_for_grants
2024-2025,https://www.indiabudget.gov.in/budget2024-25/index.php,https://www.indiabudget.gov.in/budget2024-25/doc/eb/dg29.pdf,dg29.pdf,demands_for_grants
2024-2025,https://www.indiabudget.gov.in/budget2024-25/index.php,https://www.indiabudget.gov.in/budget2024-25/doc/eb/dg29.xlsx,dg29.xlsx,demands_for_grants
2024-2025,https://www.indiabudget.gov.in/budget2024-25/index.php,https://www.indiabudget.gov.in/budget2024-25/doc/eb/dg30.pdf,dg30.pdf,demands_for_grants
2024-2025,https://www.indiabudget.gov.in/budget2024-25/index.php,https://www.indiabudget.gov.in/budget2024-25/doc/eb/dg30.xlsx,dg30.xlsx,demands_for_grants
2024-2025,https://www.indiabudget.gov.in/budget2024-25/index.php,https://www.indiabudget.gov.in/budget2024-25/doc/eb/dg31.pdf,dg31.pdf,demands_for_grants
2024-2025,https://www.indiabudget.gov.in/budget2024-25/index.php,https://www.indiabudget.gov.in/budget2024-25/doc/eb/dg31.xlsx,dg31.xlsx,demands_for_grants
2024-2025,https://www.indiabudget.gov.in/budget2024-25/index.php,https://www.indiabudget.gov.in/budget2024-25/doc/eb/dg32.pdf,dg32.pdf,demands_for_grants
2024-2025,https://www.indiabudget.gov.in/budget2024-25/index.php,https://www.indiabudget.gov.in/budget2024-25/doc/eb/dg32.xlsx,dg32.xlsx,demands_for_grants
2024-2025,https://www.indiabudget.gov.in/budget2024-25/index.php,https://www.indiabudget.gov.in/budget2024-25/doc/eb/dg33.pdf,dg33.pdf,demands_for_grants
2024-2025,https://www.indiabudget.gov.in/budget2024-25/index.php,https://www.indiabudget.gov.in/budget2024-25/doc/eb/dg33.xlsx,dg33.xlsx,demands_for_grants
2024-2025,https://www.indiabudget.gov.in/budget2024-25/index.php,https://www.indiabudget.gov.in/budget2024-25/doc/eb/dg34.pdf,dg34.pdf,demands_for_grants
2024-2025,https://www.indiabudget.gov.in/budget2024-25/index.php,https://www.indiabudget.gov.in/budget2024-25/doc/eb/dg34.xlsx,dg34.xlsx,demands_for_grants
2024-2025,https://www.indiabudget.gov.in/budget2024-25/index.php,https://www.indiabudget.gov.in/budget2024-25/doc/eb/dg35.pdf,dg35.pdf,demands_for_grants
2024-2025,https://www.indiabudget.gov.in/budget2024-25/index.php,https://www.indiabudget.gov.in/budget2024-25/doc/eb/dg35.xlsx,dg35.xlsx,demands_for_grants
2024-2025,https://www.indiabudget.gov.in/budget2024-25/index.php,https://www.indiabudget.gov.in/budget2024-25/doc/eb/dg36.pdf,dg36.pdf,demands_for_grants
2024-2025,https://www.indiabudget.gov.in/budget2024-25/index.php,https://www.indiabudget.gov.in/budget2024-25/doc/eb/dg36.xlsx,dg36.xlsx,demands_for_grants
2024-2025,https://www.indiabudget.gov.in/budget2024-25/index.php,https://www.indiabudget.gov.in/budget2024-25/doc/eb/dg37.pdf,dg37.pdf,demands_for_grants
2024-2025,https://www.indiabudget.gov.in/budget2024-25/index.php,https://www.indiabudget.gov.in/budget2024-25/doc/eb/dg37.xlsx,dg37.xlsx,demands_for_grants
2024-2025,https://www.indiabudget.gov.in/budget2024-25/index.php,https://www.indiabudget.gov.in/budget2024-25/doc/eb/dg38.pdf,dg38.pdf,demands_for_grants
2024-2025,https://www.indiabudget.gov.in/budget2024-25/index.php,https://www.indiabudget.gov.in/budget2024-25/doc/eb/dg38.xlsx,dg38.xlsx,demands_for_grants
2024-2025,https://www.indiabudget.gov.in/budget2024-25/index.php,https://www.indiabudget.gov.in/budget2024-25/doc/eb/dg39.pdf,dg39.pdf,demands_for_grants
2024-2025,https://www.indiabudget.gov.in/budget2024-25/index.php,https://www.indiabudget.gov.in/budget2024-25/doc/eb/dg39.xlsx,dg39.xlsx,demands_for_grants
2024-2025,https://www.indiabudget.gov.in/budget2024-25/index.php,https://www.indiabudget.gov.in/budget2024-25/doc/eb/dg40.pdf,dg40.pdf,demands_for_grants
2024-2025,https://www.indiabudget.gov.in/budget2024-25/index.php,https://www.indiabudget.gov.in/budget2024-25/doc/eb/dg40.xlsx,dg40.xlsx,demands_for_grants
2024-2025,https://www.indiabudget.gov.in/budget2024-25/index.php,https://www.indiabudget.gov.in/budget2024-25/doc/eb/dg41.pdf,dg41.pdf,demands_for_grants
2024-2025,https://www.indiabudget.gov.in/budget2024-25/index.php,https://www.indiabudget.gov.in/budget2024-25/doc/eb/dg41.xlsx,dg41.xlsx,demands_for_grants
2024-2025,https://www.indiabudget.gov.in/budget2024-25/index.php,https://www.indiabudget.gov.in/budget2024-25/doc/eb/dg42.pdf,dg42.pdf,demands_for_grants
2024-2025,https://www.indiabudget.gov.in/budget2024-25/index.php,https://www.indiabudget.gov.in/budget2024-25/doc/eb/dg42.xlsx,dg42.xlsx,demands_for_grants
2024-2025,https://www.indiabudget.gov.in/budget2024-25/index.php,https://www.indiabudget.gov.in/budget2024-25/doc/eb/dg43.pdf,dg43.pdf,demands_for_grants
2024-2025,https://www.indiabudget.gov.in/budget2024-25/index.php,https://www.indiabudget.gov.in/budget2024-25/doc/eb/dg43.xlsx,dg43.xlsx,demands_for_grants
2024-2025,https://www.indiabudget.gov.in/budget2024-25/index.php,https://www.indiabudget.gov.in/budget2024-25/doc/eb/dg44.pdf,dg44.pdf,demands_for_grants
2024-2025,https://www.indiabudget.gov.in/budget2024-25/index.php,https://www.indiabudget.gov.in/budget2024-25/doc/eb/dg44.xlsx,dg44.xlsx,demands_for_grants
2024-2025,https://www.indiabudget.gov.in/budget2024-25/index.php,https://www.indiabudget.gov.in/budget2024-25/doc/eb/dg45.pdf,dg45.pdf,demands_for_grants
2024-2025,https://www.indiabudget.gov.in/budget2024-25/index.php,https://www.indiabudget.gov.in/budget2024-25/doc/eb/dg45.xlsx,dg45.xlsx,demands_for_grants
2024-2025,https://www.indiabudget.gov.in/budget2024-25/index.php,https://www.indiabudget.gov.in/budget2024-25/doc/eb/dg46.pdf,dg46.pdf,demands_for_grants
2024-2025,https://www.indiabudget.gov.in/budget2024-25/index.php,https://www.indiabudget.gov.in/budget2024-25/doc/eb/dg46.xlsx,dg46.xlsx,demands_for_grants
2024-2025,https://www.indiabudget.gov.in/budget2024-25/index.php,https://www.indiabudget.gov.in/budget2024-25/doc/eb/dg47.pdf,dg47.pdf,demands_for_grants
2024-2025,https://www.indiabudget.gov.in/budget2024-25/index.php,https://www.indiabudget.gov.in/budget2024-25/doc/eb/dg47.xlsx,dg47.xlsx,demands_for_grants
2024-2025,https://www.indiabudget.gov.in/budget2024-25/index.php,https://www.indiabudget.gov.in/budget2024-25/doc/eb/dg48.pdf,dg48.pdf,demands_for_grants
2024-2025,https://www.indiabudget.gov.in/budget2024-25/index.php,https://www.indiabudget.gov.in/budget2024-25/doc/eb/dg48.xlsx,dg48.xlsx,demands_for_grants
2024-2025,https://www.indiabudget.gov.in/budget2024-25/index.php,https://www.indiabudget.gov.in/budget2024-25/doc/eb/dg49.pdf,dg49.pdf,demands_for_grants
2024-2025,https://www.indiabudget.gov.in/budget2024-25/index.php,https://www.indiabudget.gov.in/budget2024-25/doc/eb/dg49.xlsx,dg49.xlsx,demands_for_grants
2024-2025,https://www.indiabudget.gov.in/budget2024-25/index.php,https://www.indiabudget.gov.in/budget2024-25/doc/eb/dg50.pdf,dg50.pdf,demands_for_grants
2024-2025,https://www.indiabudget.gov.in/budget2024-25/index.php,https://www.indiabudget.gov.in/budget2024-25/doc/eb/dg50.xlsx,dg50.xlsx,demands_for_grants
2024-2025,https://www.indiabudget.gov.in/budget2024-25/index.php,https://www.indiabudget.gov.in/budget2024-25/doc/eb/dg51.pdf,dg51.pdf,demands_for_grants
2024-2025,https://www.indiabudget.gov.in/budget2024-25/index.php,https://www.indiabudget.gov.in/budget2024-25/doc/eb/dg51.xlsx,dg51.xlsx,demands_for_grants
2024-2025,https://www.indiabudget.gov.in/budget2024-25/index.php,https://www.indiabudget.gov.in/budget2024-25/doc/eb/dg52.pdf,dg52.pdf,demands_for_grants
2024-2025,https://www.indiabudget.gov.in/budget2024-25/index.php,https://www.indiabudget.gov.in/budget2024-25/doc/eb/dg52.xlsx,dg52.xlsx,demands_for_grants
2024-2025,https://www.indiabudget.gov.in/budget2024-25/index.php,https://www.indiabudget.gov.in/budget2024-25/doc/eb/dg53.pdf,dg53.pdf,demands_for_grants
2024-2025,https://www.indiabudget.gov.in/budget2024-25/index.php,https://www.indiabudget.gov.in/budget2024-25/doc/eb/dg53.xlsx,dg53.xlsx,demands_for_grants
2024-2025,https://www.indiabudget.gov.in/budget2024-25/index.php,https://www.indiabudget.gov.in/budget2024-25/doc/eb/dg54.pdf,dg54.pdf,demands_for_grants
2024-2025,https://www.indiabudget.gov.in/budget2024-25/index.php,https://www.indiabudget.gov.in/budget2024-25/doc/eb/dg54.xlsx,dg54.xlsx,demands_for_grants
2024-2025,https://www.indiabudget.gov.in/budget2024-25/index.php,https://www.indiabudget.gov.in/budget2024-25/doc/eb/dg55.pdf,dg55.pdf,demands_for_grants
2024-2025,https://www.indiabudget.gov.in/budget2024-25/index.php,https://www.indiabudget.gov.in/budget2024-25/doc/eb/dg55.xlsx,dg55.xlsx,demands_for_grants
2024-2025,https://www.indiabudget.gov.in/budget2024-25/index.php,https://www.indiabudget.gov.in/budget2024-25/doc/eb/dg56.pdf,dg56.pdf,demands_for_grants
2024-2025,https://www.indiabudget.gov.in/budget2024-25/index.php,https://www.indiabudget.gov.in/budget2024-25/doc/eb/dg56.xlsx,dg56.xlsx,demands_for_grants
2024-2025,https://www.indiabudget.gov.in/budget2024-25/index.php,https://www.indiabudget.gov.in/budget2024-25/doc/eb/dg57.pdf,dg57.pdf,demands_for_grants
2024-2025,https://www.indiabudget.gov.in/budget2024-25/index.php,https://www.indiabudget.gov.in/budget2024-25/doc/eb/dg57.xlsx,dg57.xlsx,demands_for_grants
2024-2025,https://www.indiabudget.gov.in/budget2024-25/index.php,https://www.indiabudget.gov.in/budget2024-25/doc/eb/dg58.pdf,dg58.pdf,demands_for_grants
2024-2025,https://www.indiabudget.gov.in/budget2024-25/index.php,https://www.indiabudget.gov.in/budget2024-25/doc/eb/dg58.xlsx,dg58.xlsx,demands_for_grants
2024-2025,https://www.indiabudget.gov.in/budget2024-25/index.php,https://www.indiabudget.gov.in/budget2024-25/doc/eb/dg59.pdf,dg59.pdf,demands_for_grants
2024-2025,https://www.indiabudget.gov.in/budget2024-25/index.php,https://www.indiabudget.gov.in/budget2024-25/doc/eb/dg59.xlsx,dg59.xlsx,demands_for_grants
2024-2025,https://www.indiabudget.gov.in/budget2024-25/index.php,https://www.indiabudget.gov.in/budget2024-25/doc/eb/dg60.pdf,dg60.pdf,demands_for_grants
2024-2025,https://www.indiabudget.gov.in/budget2024-25/index.php,https://www.indiabudget.gov.in/budget2024-25/doc/eb/dg60.xlsx,dg60.xlsx,demands_for_grants
2024-2025,https://www.indiabudget.gov.in/budget2024-25/index.php,https://www.indiabudget.gov.in/budget2024-25/doc/eb/dg61.pdf,dg61.pdf,demands_for_grants
2024-2025,https://www.indiabudget.gov.in/budget2024-25/index.php,https://www.indiabudget.gov.in/budget2024-25/doc/eb/dg61.xlsx,dg61.xlsx,demands_for_grants
2024-2025,https://www.indiabudget.gov.in/budget2024-25/index.php,https://www.indiabudget.gov.in/budget2024-25/doc/eb/dg62.pdf,dg62.pdf,demands_for_grants
2024-2025,https://www.indiabudget.gov.in/budget2024-25/index.php,https://www.indiabudget.gov.in/budget2024-25/doc/eb/dg62.xlsx,dg62.xlsx,demands_for_grants
2024-2025,https://www.indiabudget.gov.in/budget2024-25/index.php,https://www.indiabudget.gov.in/budget2024-25/doc/eb/dg63.pdf,dg63.pdf,demands_for_grants
2024-2025,https://www.indiabudget.gov.in/budget2024-25/index.php,https://www.indiabudget.gov.in/budget2024-25/doc/eb/dg63.xlsx,dg63.xlsx,demands_for_grants
2024-2025,https://www.indiabudget.gov.in/budget2024-25/index.php,https://www.indiabudget.gov.in/budget2024-25/doc/eb/dg64.pdf,dg64.pdf,demands_for_grants
2024-2025,https://www.indiabudget.gov.in/budget2024-25/index.php,https://www.indiabudget.gov.in/budget2024-25/doc/eb/dg64.xlsx,dg64.xlsx,demands_for_grants
2024-2025,https://www.indiabudget.gov.in/budget2024-25/index.php,https://www.indiabudget.gov.in/budget2024-25/doc/eb/dg65.pdf,dg65.pdf,demands_for_grants
2024-2025,https://www.indiabudget.gov.in/budget2024-25/index.php,https://www.indiabudget.gov.in/budget2024-25/doc/eb/dg66.pdf,dg66.pdf,demands_for_grants
2024-2025,https://www.indiabudget.gov.in/budget2024-25/index.php,https://www.indiabudget.gov.in/budget2024-25/doc/eb/dg66.xlsx,dg66.xlsx,demands_for_grants
2024-2025,https://www.indiabudget.gov.in/budget2024-25/index.php,https://www.indiabudget.gov.in/budget2024-25/doc/eb/dg67.pdf,dg67.pdf,demands_for_grants
2024-2025,https://www.indiabudget.gov.in/budget2024-25/index.php,https://www.indiabudget.gov.in/budget2024-25/doc/eb/dg67.xlsx,dg67.xlsx,demands_for_grants
2024-2025,https://www.indiabudget.gov.in/budget2024-25/index.php,https://www.indiabudget.gov.in/budget2024-25/doc/eb/dg68.pdf,dg68.pdf,demands_for_grants
2024-2025,https://www.indiabudget.gov.in/budget2024-25/index.php,https://www.indiabudget.gov.in/budget2024-25/doc/eb/dg68.xlsx,dg68.xlsx,demands_for_grants
2024-2025,https://www.indiabudget.gov.in/budget2024-25/index.php,https://www.indiabudget.gov.in/budget2024-25/doc/eb/dg69.pdf,dg69.pdf,demands_for_grants
2024-2025,https://www.indiabudget.gov.in/budget2024-25/index.php,https://www.indiabudget.gov.in/budget2024-25/doc/eb/dg69.xlsx,dg69.xlsx,demands_for_grants
2024-2025,https://www.indiabudget.gov.in/budget2024-25/index.php,https://www.indiabudget.gov.in/budget2024-25/doc/eb/dg70.pdf,dg70.pdf,demands_for_grants
2024-2025,https://www.indiabudget.gov.in/budget2024-25/index.php,https://www.indiabudget.gov.in/budget2024-25/doc/eb/dg70.xlsx,dg70.xlsx,demands_for_grants
2024-2025,https://www.indiabudget.gov.in/budget2024-25/index.php,https://www.indiabudget.gov.in/budget2024-25/doc/eb/dg71.pdf,dg71.pdf,demands_for_grants
2024-2025,https://www.indiabudget.gov.in/budget2024-25/index.php,https://www.indiabudget.gov.in/budget2024-25/doc/eb/dg71.xlsx,dg71.xlsx,demands_for_grants
2024-2025,https://www.indiabudget.gov.in/budget2024-25/index.php,https://www.indiabudget.gov.in/budget2024-25/doc/eb/dg72.pdf,dg72.pdf,demands_for_grants
2024-2025,https://www.indiabudget.gov.in/budget2024-25/index.php,https://www.indiabudget.gov.in/budget2024-25/doc/eb/dg72.xlsx,dg72.xlsx,demands_for_grants
2024-2025,https://www.indiabudget.gov.in/budget2024-25/index.php,https://www.indiabudget.gov.in/budget2024-25/doc/eb/dg73.pdf,dg73.pdf,demands_for_grants
2024-2025,https://www.indiabudget.gov.in/budget2024-25/index.php,https://www.indiabudget.gov.in/budget2024-25/doc/eb/dg73.xlsx,dg73.xlsx,demands_for_grants
2024-2025,https://www.indiabudget.gov.in/budget2024-25/index.php,https://www.indiabudget.gov.in/budget2024-25/doc/eb/dg74.pdf,dg74.pdf,demands_for_grants
2024-2025,https://www.indiabudget.gov.in/budget2024-25/index.php,https://www.indiabudget.gov.in/budget2024-25/doc/eb/dg74.xlsx,dg74.xlsx,demands_for_grants
2024-2025,https://www.indiabudget.gov.in/budget2024-25/index.php,https://www.indiabudget.gov.in/budget2024-25/doc/eb/dg75.pdf,dg75.pdf,demands_for_grants
2024-2025,https://www.indiabudget.gov.in/budget2024-25/index.php,https://www.indiabudget.gov.in/budget2024-25/doc/eb/dg75.xlsx,dg75.xlsx,demands_for_grants
2024-2025,https://www.indiabudget.gov.in/budget2024-25/index.php,https://www.indiabudget.gov.in/budget2024-25/doc/eb/dg76.pdf,dg76.pdf,demands_for_grants
2024-2025,https://www.indiabudget.gov.in/budget2024-25/index.php,https://www.indiabudget.gov.in/budget2024-25/doc/eb/dg76.xlsx,dg76.xlsx,demands_for_grants
2024-2025,https://www.indiabudget.gov.in/budget2024-25/index.php,https://www.indiabudget.gov.in/budget2024-25/doc/eb/dg77.pdf,dg77.pdf,demands_for_grants
2024-2025,https://www.indiabudget.gov.in/budget2024-25/index.php,https://www.indiabudget.gov.in/budget2024-25/doc/eb/dg77.xlsx,dg77.xlsx,demands_for_grants
2024-2025,https://www.indiabudget.gov.in/budget2024-25/index.php,https://www.indiabudget.gov.in/budget2024-25/doc/eb/dg78.pdf,dg78.pdf,demands_for_grants
2024-2025,https://www.indiabudget.gov.in/budget2024-25/index.php,https://www.indiabudget.gov.in/budget2024-25/doc/eb/dg78.xlsx,dg78.xlsx,demands_for_grants
2024-2025,https://www.indiabudget.gov.in/budget2024-25/index.php,https://www.indiabudget.gov.in/budget2024-25/doc/eb/dg79.pdf,dg79.pdf,demands_for_grants
2024-2025,https://www.indiabudget.gov.in/budget2024-25/index.php,https://www.indiabudget.gov.in/budget2024-25/doc/eb/dg79.xlsx,dg79.xlsx,demands_for_grants
2024-2025,https://www.indiabudget.gov.in/budget2024-25/index.php,https://www.indiabudget.gov.in/budget2024-25/doc/eb/dg80.pdf,dg80.pdf,demands_for_grants
2024-2025,https://www.indiabudget.gov.in/budget2024-25/index.php,https://www.indiabudget.gov.in/budget2024-25/doc/eb/dg80.xlsx,dg80.xlsx,demands_for_grants
2024-2025,https://www.indiabudget.gov.in/budget2024-25/index.php,https://www.indiabudget.gov.in/budget2024-25/doc/eb/dg81.pdf,dg81.pdf,demands_for_grants
2024-2025,https://www.indiabudget.gov.in/budget2024-25/index.php,https://www.indiabudget.gov.in/budget2024-25/doc/eb/dg81.xlsx,dg81.xlsx,demands_for_grants
2024-2025,https://www.indiabudget.gov.in/budget2024-25/index.php,https://www.indiabudget.gov.in/budget2024-25/doc/eb/dg82.pdf,dg82.pdf,demands_for_grants
2024-2025,https://www.indiabudget.gov.in/budget2024-25/index.php,https://www.indiabudget.gov.in/budget2024-25/doc/eb/dg82.xlsx,dg82.xlsx,demands_for_grants
2024-2025,https://www.indiabudget.gov.in/budget2024-25/index.php,https://www.indiabudget.gov.in/budget2024-25/doc/eb/dg83.pdf,dg83.pdf,demands_for_grants
2024-2025,https://www.indiabudget.gov.in/budget2024-25/index.php,https://www.indiabudget.gov.in/budget2024-25/doc/eb/dg83.xlsx,dg83.xlsx,demands_for_grants
2024-2025,https://www.indiabudget.gov.in/budget2024-25/index.php,https://www.indiabudget.gov.in/budget2024-25/doc/eb/dg84.pdf,dg84.pdf,demands_for_grants
2024-2025,https://www.indiabudget.gov.in/budget2024-25/index.php,https://www.indiabudget.gov.in/budget2024-25/doc/eb/dg84.xlsx,dg84.xlsx,demands_for_grants
2024-2025,https://www.indiabudget.gov.in/budget2024-25/index.php,https://www.indiabudget.gov.in/budget2024-25/doc/eb/dg85.pdf,dg85.pdf,demands_for_grants
2024-2025,https://www.indiabudget.gov.in/budget2024-25/index.php,https://www.indiabudget.gov.in/budget2024-25/doc/eb/dg85.xlsx,dg85.xlsx,demands_for_grants
2024-2025,https://www.indiabudget.gov.in/budget2024-25/index.php,https://www.indiabudget.gov.in/budget2024-25/doc/eb/dg86.pdf,dg86.pdf,demands_for_grants
2024-2025,https://www.indiabudget.gov.in/budget2024-25/index.php,https://www.indiabudget.gov.in/budget2024-25/doc/eb/dg86.xlsx,dg86.xlsx,demands_for_grants
2024-2025,https://www.indiabudget.gov.in/budget2024-25/index.php,https://www.indiabudget.gov.in/budget2024-25/doc/eb/dg87.pdf,dg87.pdf,demands_for_grants
2024-2025,https://www.indiabudget.gov.in/budget2024-25/index.php,https://www.indiabudget.gov.in/budget2024-25/doc/eb/dg87.xlsx,dg87.xlsx,demands_for_grants
2024-2025,https://www.indiabudget.gov.in/budget2024-25/index.php,https://www.indiabudget.gov.in/budget2024-25/doc/eb/dg88.pdf,dg88.pdf,demands_for_grants
2024-2025,https://www.indiabudget.gov.in/budget2024-25/index.php,https://www.indiabudget.gov.in/budget2024-25/doc/eb/dg88.xlsx,dg88.xlsx,demands_for_grants
2024-2025,https://www.indiabudget.gov.in/budget2024-25/index.php,https://www.indiabudget.gov.in/budget2024-25/doc/eb/dg89.pdf,dg89.pdf,demands_for_grants
2024-2025,https://www.indiabudget.gov.in/budget2024-25/index.php,https://www.indiabudget.gov.in/budget2024-25/doc/eb/dg89.xlsx,dg89.xlsx,demands_for_grants
2024-2025,https://www.indiabudget.gov.in/budget2024-25/index.php,https://www.indiabudget.gov.in/budget2024-25/doc/eb/dg90.pdf,dg90.pdf,demands_for_grants
2024-2025,https://www.indiabudget.gov.in/budget2024-25/index.php,https://www.indiabudget.gov.in/budget2024-25/doc/eb/dg90.xlsx,dg90.xlsx,demands_for_grants
2024-2025,https://www.indiabudget.gov.in/budget2024-25/index.php,https://www.indiabudget.gov.in/budget2024-25/doc/eb/dg91.pdf,dg91.pdf,demands_for_grants
2024-2025,https://www.indiabudget.gov.in/budget2024-25/index.php,https://www.indiabudget.gov.in/budget2024-25/doc/eb/dg91.xlsx,dg91.xlsx,demands_for_grants
2024-2025,https://www.indiabudget.gov.in/budget2024-25/index.php,https://www.indiabudget.gov.in/budget2024-25/doc/eb/dg92.pdf,dg92.pdf,demands_for_grants
2024-2025,https://www.indiabudget.gov.in/budget2024-25/index.php,https://www.indiabudget.gov.in/budget2024-25/doc/eb/dg92.xlsx,dg92.xlsx,demands_for_grants
2024-2025,https://www.indiabudget.gov.in/budget2024-25/index.php,https://www.indiabudget.gov.in/budget2024-25/doc/eb/dg93.pdf,dg93.pdf,demands_for_grants
2024-2025,https://www.indiabudget.gov.in/budget2024-25/index.php,https://www.indiabudget.gov.in/budget2024-25/doc/eb/dg93.xlsx,dg93.xlsx,demands_for_grants
2024-2025,https://www.indiabudget.gov.in/budget2024-25/index.php,https://www.indiabudget.gov.in/budget2024-25/doc/eb/dg94.pdf,dg94.pdf,demands_for_grants
2024-2025,https://www.indiabudget.gov.in/budget2024-25/index.php,https://www.indiabudget.gov.in/budget2024-25/doc/eb/dg94.xlsx,dg94.xlsx,demands_for_grants
2024-2025,https://www.indiabudget.gov.in/budget2024-25/index.php,https://www.indiabudget.gov.in/budget2024-25/doc/eb/dg95.pdf,dg95.pdf,demands_for_grants
2024-2025,https://www.indiabudget.gov.in/budget2024-25/index.php,https://www.indiabudget.gov.in/budget2024-25/doc/eb/dg95.xlsx,dg95.xlsx,demands_for_grants
2024-2025,https://www.indiabudget.gov.in/budget2024-25/index.php,https://www.indiabudget.gov.in/budget2024-25/doc/eb/dg96.pdf,dg96.pdf,demands_for_grants
2024-2025,https://www.indiabudget.gov.in/budget2024-25/index.php,https://www.indiabudget.gov.in/budget2024-25/doc/eb/dg96.xlsx,dg96.xlsx,demands_for_grants
2024-2025,https://www.indiabudget.gov.in/budget2024-25/index.php,https://www.indiabudget.gov.in/budget2024-25/doc/eb/dg97.pdf,dg97.pdf,demands_for_grants
2024-2025,https://www.indiabudget.gov.in/budget2024-25/index.php,https://www.indiabudget.gov.in/budget2024-25/doc/eb/dg97.xlsx,dg97.xlsx,demands_for_grants
2024-2025,https://www.indiabudget.gov.in/budget2024-25/index.php,https://www.indiabudget.gov.in/budget2024-25/doc/eb/dg98.pdf,dg98.pdf,demands_for_grants
2024-2025,https://www.indiabudget.gov.in/budget2024-25/index.php,https://www.indiabudget.gov.in/budget2024-25/doc/eb/dg98.xlsx,dg98.xlsx,demands_for_grants
2024-2025,https://www.indiabudget.gov.in/budget2024-25/index.php,https://www.indiabudget.gov.in/budget2024-25/doc/eb/dg99.pdf,dg99.pdf,demands_for_grants
2024-2025,https://www.indiabudget.gov.in/budget2024-25/index.php,https://www.indiabudget.gov.in/budget2024-25/doc/eb/dg99.xlsx,dg99.xlsx,demands_for_grants
2024-2025,https://www.indiabudget.gov.in/budget2024-25/index.php,https://www.indiabudget.gov.in/budget2024-25/doc/eb/dg100.pdf,dg100.pdf,demands_for_grants
2024-2025,https://www.indiabudget.gov.in/budget2024-25/index.php,https://www.indiabudget.gov.in/budget2024-25/doc/eb/dg100.xlsx,dg100.xlsx,demands_for_grants
2024-2025,https://www.indiabudget.gov.in/budget2024-25/index.php,https://www.indiabudget.gov.in/budget2024-25/doc/eb/dg101.pdf,dg101.pdf,demands_for_grants
2024-2025,https://www.indiabudget.gov.in/budget2024-25/index.php,https://www.indiabudget.gov.in/budget2024-25/doc/eb/dg101.xlsx,dg101.xlsx,demands_for_grants
2024-2025,https://www.indiabudget.gov.in/budget2024-25/index.php,https://www.indiabudget.gov.in/budget2024-25/doc/eb/dg102.pdf,dg102.pdf,demands_for_grants
2024-2025,https://www.indiabudget.gov.in/budget2024-25/index.php,https://www.indiabudget.gov.in/budget2024-25/doc/eb/dg102.xlsx,dg102.xlsx,demands_for_grants
2024-2025,https://www.indiabudget.gov.in/budget2024-25/index.php,https://www.indiabudget.gov.in/budget2024-25/doc/rec/allrec.pdf,allrec.pdf,demands_for_grants
2024-2025,https://www.indiabudget.gov.in/budget2024-25/index.php,https://www.indiabudget.gov.in/budget2024-25/doc/rec/int.pdf,int.pdf,demands_for_grants
2024-2025,https://www.indiabudget.gov.in/budget2024-25/index.php,https://www.indiabudget.gov.in/budget2024-25/doc/rec/ar.pdf,ar.pdf,demands_for_grants
2024-2025,https://www.indiabudget.gov.in/budget2024-25/index.php,https://www.indiabudget.gov.in/budget2024-25/doc/rec/tr.pdf,tr.pdf,demands_for_grants
2024-2025,https://www.indiabudget.gov.in/budget2024-25/index.php,https://www.indiabudget.gov.in/budget2024-25/doc/rec/tr.xlsx,tr.xlsx,demands_for_grants
2024-2025,https://www.indiabudget.gov.in/budget2024-25/index.php,https://www.indiabudget.gov.in/budget2024-25/doc/rec/ntr.pdf,ntr.pdf,demands_for_grants
2024-2025,https://www.indiabudget.gov.in/budget2024-25/index.php,https://www.indiabudget.gov.in/budget2024-25/doc/rec/ntr.xlsx,ntr.xlsx,demands_for_grants
2024-2025,https://www.indiabudget.gov.in/budget2024-25/index.php,https://www.indiabudget.gov.in/budget2024-25/doc/rec/cr.pdf,cr.pdf,demands_for_grants
2024-2025,https://www.indiabudget.gov.in/budget2024-25/index.php,https://www.indiabudget.gov.in/budget2024-25/doc/rec/ctr.xlsx,ctr.xlsx,demands_for_grants
2024-2025,https://www.indiabudget.gov.in/budget2024-25/index.php,https://www.indiabudget.gov.in/budget2024-25/doc/rec/annex1.pdf,annex1.pdf,demands_for_grants
2024-2025,https://www.indiabudget.gov.in/budget2024-25/index.php,https://www.indiabudget.gov.in/budget2024-25/doc/rec/annex2.pdf,annex2.pdf,demands_for_grants
2024-2025,https://www.indiabudget.gov.in/budget2024-25/index.php,https://www.indiabudget.gov.in/budget2024-25/doc/rec/annex3.pdf,annex3.pdf,demands_for_grants
2024-2025,https://www.indiabudget.gov.in/budget2024-25/index.php,https://www.indiabudget.gov.in/budget2024-25/doc/rec/annex4.pdf,annex4.pdf,demands_for_grants
2024-2025,https://www.indiabudget.gov.in/budget2024-25/index.php,https://www.indiabudget.gov.in/budget2024-25/doc/rec/annex4a.pdf,annex4a.pdf,demands_for_grants
2024-2025,https://www.indiabudget.gov.in/budget2024-25/index.php,https://www.indiabudget.gov.in/budget2024-25/doc/rec/annex4b.pdf,annex4b.pdf,demands_for_grants
2024-2025,https://www.indiabudget.gov.in/budget2024-25/index.php,https://www.indiabudget.gov.in/budget2024-25/doc/rec/annex5.pdf,annex5.pdf,demands_for_grants
2024-2025,https://www.indiabudget.gov.in/budget2024-25/index.php,https://www.indiabudget.gov.in/budget2024-25/doc/rec/annex6.pdf,annex6.pdf,demands_for_grants
2024-2025,https://www.indiabudget.gov.in/budget2024-25/index.php,https://www.indiabudget.gov.in/budget2024-25/doc/rec/annex8.pdf,annex8.pdf,demands_for_grants
2024-2025,https://www.indiabudget.gov.in/budget2024-25/index.php,https://www.indiabudget.gov.in/budget2024-25/doc/rec/annex9.pdf,annex9.pdf,demands_for_grants
2024-2025,https://www.indiabudget.gov.in/budget2024-25/index.php,https://www.indiabudget.gov.in/budget2024-25/doc/rec/annex91.pdf,annex91.pdf,demands_for_grants
2024-2025,https://www.indiabudget.gov.in/budget2024-25/index.php,https://www.indiabudget.gov.in/budget2024-25/doc/rec/annex92.pdf,annex92.pdf,demands_for_grants
2024-2025,https://www.indiabudget.gov.in/budget2024-25/index.php,https://www.indiabudget.gov.in/budget2024-25/doc/rec/annex93.pdf,annex93.pdf,demands_for_grants
2024-2025,https://www.indiabudget.gov.in/budget2024-25/index.php,https://www.indiabudget.gov.in/budget2024-25/doc/rec/annex94.pdf,annex94.pdf,demands_for_grants
2024-2025,https://www.indiabudget.gov.in/budget2024-25/index.php,https://www.indiabudget.gov.in/budget2024-25/doc/rec/annex10.pdf,annex10.pdf,demands_for_grants
2024-2025,https://www.indiabudget.gov.in/budget2024-25/index.php,https://www.indiabudget.gov.in/budget2024-25/doc/rec/annex10a.pdf,annex10a.pdf,demands_for_grants
2024-2025,https://www.indiabudget.gov.in/budget2024-25/index.php,https://www.indiabudget.gov.in/budget2024-25/doc/rec/annex10b.pdf,annex10b.pdf,demands_for_grants
2024-2025,https://www.indiabudget.gov.in/budget2024-25/index.php,https://www.indiabudget.gov.in/budget2024-25/doc/rec/annex10c.pdf,annex10c.pdf,demands_for_grants
2024-2025,https://www.indiabudget.gov.in/budget2024-25/index.php,https://www.indiabudget.gov.in/budget2024-25/doc/rec/annex10d.pdf,annex10d.pdf,demands_for_grants
2024-2025,https://www.indiabudget.gov.in/budget2024-25/index.php,https://www.indiabudget.gov.in/budget2024-25/doc/rec/annex10e.pdf,annex10e.pdf,demands_for_grants
2024-2025,https://www.indiabudget.gov.in/budget2024-25/index.php,https://www.indiabudget.gov.in/budget2024-25/doc/rec/annex10f.pdf,annex10f.pdf,demands_for_grants
2024-2025,https://www.indiabudget.gov.in/budget2024-25/index.php,https://www.indiabudget.gov.in/budget2024-25/doc/rec/annex10g.pdf,annex10g.pdf,demands_for_grants
2024-2025,https://www.indiabudget.gov.in/budget2024-25/index.php,https://www.indiabudget.gov.in/budget2024-25/doc/rec/annex10h.pdf,annex10h.pdf,demands_for_grants
2024-2025,https://www.indiabudget.gov.in/budget2024-25/index.php,https://www.indiabudget.gov.in/budget2024-25/doc/rec/annex10i.pdf,annex10i.pdf,demands_for_grants
2024-2025,https://www.indiabudget.gov.in/budget2024-25/index.php,https://www.indiabudget.gov.in/budget2024-25/doc/rec/annex10j.pdf,annex10j.pdf,demands_for_grants
2024-2025,https://www.indiabudget.gov.in/budget2024-25/index.php,https://www.indiabudget.gov.in/budget2024-25/doc/rec/annex11.pdf,annex11.pdf,demands_for_grants
2024-2025,https://www.indiabudget.gov.in/budget2024-25/index.php,https://www.indiabudget.gov.in/budget2024-25/doc/rec/annex12.pdf,annex12.pdf,demands_for_grants
2024-2025,https://www.indiabudget.gov.in/budget2024-25/index.php,https://www.indiabudget.gov.in/budget2024-25/doc/rec/annex13.pdf,annex13.pdf,demands_for_grants
2024-2025,https://www.indiabudget.gov.in/budget2024-25/index.php,https://www.indiabudget.gov.in/budget2024-25/doc/rec/annex14.pdf,annex14.pdf,demands_for_grants
2024-2025(I),https://www.indiabudget.gov.in/budget2024-25(I)/index.php,https://www.indiabudget.gov.in/budget2024-25(I)/doc/bh1.pdf,bh1.pdf,demands_for_grants
2024-2025(I),https://www.indiabudget.gov.in/budget2024-25(I)/index.php,https://www.indiabudget.gov.in/budget2024-25(I)/doc/Key_to_Budget_Document_2024.pdf,Key_to_Budget_Document_2024.pdf,full_budget_document
2024-2025(I),https://www.indiabudget.gov.in/budget2024-25(I)/index.php,https://www.indiabudget.gov.in/budget2024-25(I)/doc/AFS/allafs.pdf,allafs.pdf,demands_for_grants
2024-2025(I),https://www.indiabudget.gov.in/budget2024-25(I)/index.php,https://www.indiabudget.gov.in/budget2024-25(I)/doc/AFS/allafs.xls,allafs.xls,demands_for_grants
2024-2025(I),https://www.indiabudget.gov.in/budget2024-25(I)/index.php,https://www.indiabudget.gov.in/budget2024-25(I)/doc/AFS/afs1.pdf,afs1.pdf,demands_for_grants
2024-2025(I),https://www.indiabudget.gov.in/budget2024-25(I)/index.php,https://www.indiabudget.gov.in/budget2024-25(I)/doc/AFS/afs1.xls,afs1.xls,demands_for_grants
2024-2025(I),https://www.indiabudget.gov.in/budget2024-25(I)/index.php,https://www.indiabudget.gov.in/budget2024-25(I)/doc/AFS/afs2.pdf,afs2.pdf,demands_for_grants
2024-2025(I),https://www.indiabudget.gov.in/budget2024-25(I)/index.php,https://www.indiabudget.gov.in/budget2024-25(I)/doc/AFS/afs2.xls,afs2.xls,demands_for_grants
2024-2025(I),https://www.indiabudget.gov.in/budget2024-25(I)/index.php,https://www.indiabudget.gov.in/budget2024-25(I)/doc/AFS/afs3.pdf,afs3.pdf,demands_for_grants
2024-2025(I),https://www.indiabudget.gov.in/budget2024-25(I)/index.php,https://www.indiabudget.gov.in/budget2024-25(I)/doc/AFS/afs3.xls,afs3.xls,demands_for_grants
2024-2025(I),https://www.indiabudget.gov.in/budget2024-25(I)/index.php,https://www.indiabudget.gov.in/budget2024-25(I)/doc/AFS/afs4.pdf,afs4.pdf,demands_for_grants
2024-2025(I),https://www.indiabudget.gov.in/budget2024-25(I)/index.php,https://www.indiabudget.gov.in/budget2024-25(I)/doc/AFS/afs4.xls,afs4.xls,demands_for_grants
2024-2025(I),https://www.indiabudget.gov.in/budget2024-25(I)/index.php,https://www.indiabudget.gov.in/budget2024-25(I)/doc/AFS/afs5.pdf,afs5.pdf,demands_for_grants
2024-2025(I),https://www.indiabudget.gov.in/budget2024-25(I)/index.php,https://www.indiabudget.gov.in/budget2024-25(I)/doc/AFS/afs5.xls,afs5.xls,demands_for_grants
2024-2025(I),https://www.indiabudget.gov.in/budget2024-25(I)/index.php,https://www.indiabudget.gov.in/budget2024-25(I)/doc/AFS/afs6.pdf,afs6.pdf,demands_for_grants
2024-2025(I),https://www.indiabudget.gov.in/budget2024-25(I)/index.php,https://www.indiabudget.gov.in/budget2024-25(I)/doc/AFS/afs6.xls,afs6.xls,demands_for_grants
2024-2025(I),https://www.indiabudget.gov.in/budget2024-25(I)/index.php,https://www.indiabudget.gov.in/budget2024-25(I)/doc/AFS/afs7.pdf,afs7.pdf,demands_for_grants
2024-2025(I),https://www.indiabudget.gov.in/budget2024-25(I)/index.php,https://www.indiabudget.gov.in/budget2024-25(I)/doc/AFS/afs7.xls,afs7.xls,demands_for_grants
2024-2025(I),https://www.indiabudget.gov.in/budget2024-25(I)/index.php,https://www.indiabudget.gov.in/budget2024-25(I)/doc/AFS/afs8.pdf,afs8.pdf,demands_for_grants
2024-2025(I),https://www.indiabudget.gov.in/budget2024-25(I)/index.php,https://www.indiabudget.gov.in/budget2024-25(I)/doc/AFS/afs8.xls,afs8.xls,demands_for_grants
2024-2025(I),https://www.indiabudget.gov.in/budget2024-25(I)/index.php,https://www.indiabudget.gov.in/budget2024-25(I)/doc/AFS/afs9.pdf,afs9.pdf,demands_for_grants
2024-2025(I),https://www.indiabudget.gov.in/budget2024-25(I)/index.php,https://www.indiabudget.gov.in/budget2024-25(I)/doc/AFS/afs9.xls,afs9.xls,demands_for_grants
2024-2025(I),https://www.indiabudget.gov.in/budget2024-25(I)/index.php,https://www.indiabudget.gov.in/budget2024-25(I)/doc/Finance_Bill.pdf,Finance_Bill.pdf,demands_for_grants
2024-2025(I),https://www.indiabudget.gov.in/budget2024-25(I)/index.php,https://www.indiabudget.gov.in/budget2024-25(I)/doc/frbm1.pdf,frbm1.pdf,demands_for_grants
2024-2025(I),https://www.indiabudget.gov.in/budget2024-25(I)/index.php,https://www.indiabudget.gov.in/budget2024-25(I)/doc/impbud2023-24.pdf,impbud2023-24.pdf,demands_for_grants
2024-2025(I),https://www.indiabudget.gov.in/budget2024-25(I)/index.php,https://www.indiabudget.gov.in/budget2024-25(I)/doc/Budget_at_Glance/budget_at_a_glance.pdf,budget_at_a_glance.pdf,full_budget_document
2024-2025(I),https://www.indiabudget.gov.in/budget2024-25(I)/index.php,https://www.indiabudget.gov.in/budget2024-25(I)/doc/Budget_at_Glance/bag1.pdf,bag1.pdf,demands_for_grants
2024-2025(I),https://www.indiabudget.gov.in/budget2024-25(I)/index.php,https://www.indiabudget.gov.in/budget2024-25(I)/doc/Budget_at_Glance/bag1.xls,bag1.xls,demands_for_grants
2024-2025(I),https://www.indiabudget.gov.in/budget2024-25(I)/index.php,https://www.indiabudget.gov.in/budget2024-25(I)/doc/Budget_at_Glance/bag2.pdf,bag2.pdf,demands_for_grants
2024-2025(I),https://www.indiabudget.gov.in/budget2024-25(I)/index.php,https://www.indiabudget.gov.in/budget2024-25(I)/doc/Budget_at_Glance/bag2.xls,bag2.xls,demands_for_grants
2024-2025(I),https://www.indiabudget.gov.in/budget2024-25(I)/index.php,https://www.indiabudget.gov.in/budget2024-25(I)/doc/Budget_at_Glance/bag5.pdf,bag5.pdf,demands_for_grants
2024-2025(I),https://www.indiabudget.gov.in/budget2024-25(I)/index.php,https://www.indiabudget.gov.in/budget2024-25(I)/doc/Budget_at_Glance/bag5.xls,bag5.xls,demands_for_grants
2024-2025(I),https://www.indiabudget.gov.in/budget2024-25(I)/index.php,https://www.indiabudget.gov.in/budget2024-25(I)/doc/Budget_at_Glance/bag6.pdf,bag6.pdf,demands_for_grants
2024-2025(I),https://www.indiabudget.gov.in/budget2024-25(I)/index.php,https://www.indiabudget.gov.in/budget2024-25(I)/doc/Budget_at_Glance/bag6.xls,bag6.xls,demands_for_grants
2024-2025(I),https://www.indiabudget.gov.in/budget2024-25(I)/index.php,https://www.indiabudget.gov.in/budget2024-25(I)/doc/Budget_at_Glance/bag3.pdf,bag3.pdf,demands_for_grants
2024-2025(I),https://www.indiabudget.gov.in/budget2024-25(I)/index.php,https://www.indiabudget.gov.in/budget2024-25(I)/doc/Budget_at_Glance/bag3.xls,bag3.xls,demands_for_grants
2024-2025(I),https://www.indiabudget.gov.in/budget2024-25(I)/index.php,https://www.indiabudget.gov.in/budget2024-25(I)/doc/Budget_at_Glance/bag4.pdf,bag4.pdf,demands_for_grants
2024-2025(I),https://www.indiabudget.gov.in/budget2024-25(I)/index.php,https://www.indiabudget.gov.in/budget2024-25(I)/doc/Budget_at_Glance/bag7.pdf,bag7.pdf,demands_for_grants
2024-2025(I),https://www.indiabudget.gov.in/budget2024-25(I)/index.php,https://www.indiabudget.gov.in/budget2024-25(I)/doc/Budget_at_Glance/bag7.xls,bag7.xls,demands_for_grants
2024-2025(I),https://www.indiabudget.gov.in/budget2024-25(I)/index.php,https://www.indiabudget.gov.in/budget2024-25(I)/doc/eb/vol1.pdf,vol1.pdf,demands_for_grants
2024-2025(I),https://www.indiabudget.gov.in/budget2024-25(I)/index.php,https://www.indiabudget.gov.in/budget2024-25(I)/doc/eb/intro.pdf,intro.pdf,demands_for_grants
2024-2025(I),https://www.indiabudget.gov.in/budget2024-25(I)/index.php,https://www.indiabudget.gov.in/budget2024-25(I)/doc/eb/stat1.pdf,stat1.pdf,demands_for_grants
2024-2025(I),https://www.indiabudget.gov.in/budget2024-25(I)/index.php,https://www.indiabudget.gov.in/budget2024-25(I)/doc/eb/stat1.xls,stat1.xls,demands_for_grants
2024-2025(I),https://www.indiabudget.gov.in/budget2024-25(I)/index.php,https://www.indiabudget.gov.in/budget2024-25(I)/doc/eb/stat2a.pdf,stat2a.pdf,demands_for_grants
2024-2025(I),https://www.indiabudget.gov.in/budget2024-25(I)/index.php,https://www.indiabudget.gov.in/budget2024-25(I)/doc/eb/stat2b.pdf,stat2b.pdf,demands_for_grants
2024-2025(I),https://www.indiabudget.gov.in/budget2024-25(I)/index.php,https://www.indiabudget.gov.in/budget2024-25(I)/doc/eb/stat3a.pdf,stat3a.pdf,demands_for_grants
2024-2025(I),https://www.indiabudget.gov.in/budget2024-25(I)/index.php,https://www.indiabudget.gov.in/budget2024-25(I)/doc/eb/stat3a.xls,stat3a.xls,demands_for_grants
2024-2025(I),https://www.indiabudget.gov.in/budget2024-25(I)/index.php,https://www.indiabudget.gov.in/budget2024-25(I)/doc/eb/stat4a.pdf,stat4a.pdf,demands_for_grants
2024-2025(I),https://www.indiabudget.gov.in/budget2024-25(I)/index.php,https://www.indiabudget.gov.in/budget2024-25(I)/doc/eb/stat4a.xls,stat4a.xls,demands_for_grants
2024-2025(I),https://www.indiabudget.gov.in/budget2024-25(I)/index.php,https://www.indiabudget.gov.in/budget2024-25(I)/doc/eb/stat4b.pdf,stat4b.pdf,demands_for_grants
2024-2025(I),https://www.indiabudget.gov.in/budget2024-25(I)/index.php,https://www.indiabudget.gov.in/budget2024-25(I)/doc/eb/stat4b.xls,stat4b.xls,demands_for_grants
2024-2025(I),https://www.indiabudget.gov.in/budget2024-25(I)/index.php,https://www.indiabudget.gov.in/budget2024-25(I)/doc/eb/stat4c.pdf,stat4c.pdf,demands_for_grants
2024-2025(I),https://www.indiabudget.gov.in/budget2024-25(I)/index.php,https://www.indiabudget.gov.in/budget2024-25(I)/doc/eb/stat4c.xls,stat4c.xls,demands_for_grants
2024-2025(I),https://www.indiabudget.gov.in/budget2024-25(I)/index.php,https://www.indiabudget.gov.in/budget2024-25(I)/doc/eb/stat4d.pdf,stat4d.pdf,demands_for_grants
2024-2025(I),https://www.indiabudget.gov.in/budget2024-25(I)/index.php,https://www.indiabudget.gov.in/budget2024-25(I)/doc/eb/stat4d.xls,stat4d.xls,demands_for_grants
2024-2025(I),https://www.indiabudget.gov.in/budget2024-25(I)/index.php,https://www.indiabudget.gov.in/budget2024-25(I)/doc/eb/stat5.pdf,stat5.pdf,demands_for_grants
2024-2025(I),https://www.indiabudget.gov.in/budget2024-25(I)/index.php,https://www.indiabudget.gov.in/budget2024-25(I)/doc/eb/stat5.xls,stat5.xls,demands_for_grants
2024-2025(I),https://www.indiabudget.gov.in/budget2024-25(I)/index.php,https://www.indiabudget.gov.in/budget2024-25(I)/doc/eb/stat6.pdf,stat6.pdf,demands_for_grants
2024-2025(I),https://www.indiabudget.gov.in/budget2024-25(I)/index.php,https://www.indiabudget.gov.in/budget2024-25(I)/doc/eb/stat6.xls,stat6.xls,demands_for_grants
2024-2025(I),https://www.indiabudget.gov.in/budget2024-25(I)/index.php,https://www.indiabudget.gov.in/budget2024-25(I)/doc/eb/stat7.pdf,stat7.pdf,demands_for_grants
2024-2025(I),https://www.indiabudget.gov.in/budget2024-25(I)/index.php,https://www.indiabudget.gov.in/budget2024-25(I)/doc/eb/stat7.xls,stat7.xls,demands_for_grants
2024-2025(I),https://www.indiabudget.gov.in/budget2024-25(I)/index.php,https://www.indiabudget.gov.in/budget2024-25(I)/doc/eb/stat8.pdf,stat8.pdf,demands_for_grants
2024-2025(I),https://www.indiabudget.gov.in/budget2024-25(I)/index.php,https://www.indiabudget.gov.in/budget2024-25(I)/doc/eb/stat8.xls,stat8.xls,demands_for_grants
2024-2025(I),https://www.indiabudget.gov.in/budget2024-25(I)/index.php,https://www.indiabudget.gov.in/budget2024-25(I)/doc/eb/stat9.pdf,stat9.pdf,demands_for_grants
2024-2025(I),https://www.indiabudget.gov.in/budget2024-25(I)/index.php,https://www.indiabudget.gov.in/budget2024-25(I)/doc/eb/stat9.xls,stat9.xls,demands_for_grants
2024-2025(I),https://www.indiabudget.gov.in/budget2024-25(I)/index.php,https://www.indiabudget.gov.in/budget2024-25(I)/doc/eb/stat10a.pdf,stat10a.pdf,demands_for_grants
2024-2025(I),https://www.indiabudget.gov.in/budget2024-25(I)/index.php,https://www.indiabudget.gov.in/budget2024-25(I)/doc/eb/stat10a.xls,stat10a.xls,demands_for_grants
2024-2025(I),https://www.indiabudget.gov.in/budget2024-25(I)/index.php,https://www.indiabudget.gov.in/budget2024-25(I)/doc/eb/stat10b.pdf,stat10b.pdf,demands_for_grants
2024-2025(I),https://www.indiabudget.gov.in/budget2024-25(I)/index.php,https://www.indiabudget.gov.in/budget2024-25(I)/doc/eb/stat10b.xls,stat10b.xls,demands_for_grants
2024-2025(I),https://www.indiabudget.gov.in/budget2024-25(I)/index.php,https://www.indiabudget.gov.in/budget2024-25(I)/doc/eb/stat10bb.pdf,stat10bb.pdf,demands_for_grants
2024-2025(I),https://www.indiabudget.gov.in/budget2024-25(I)/index.php,https://www.indiabudget.gov.in/budget2024-25(I)/doc/eb/stat10bb.xls,stat10bb.xls,demands_for_grants
2024-2025(I),https://www.indiabudget.gov.in/budget2024-25(I)/index.php,https://www.indiabudget.gov.in/budget2024-25(I)/doc/eb/stat11.pdf,stat11.pdf,demands_for_grants
2024-2025(I),https://www.indiabudget.gov.in/budget2024-25(I)/index.php,https://www.indiabudget.gov.in/budget2024-25(I)/doc/eb/stat11.xls,stat11.xls,demands_for_grants
2024-2025(I),https://www.indiabudget.gov.in/budget2024-25(I)/index.php,https://www.indiabudget.gov.in/budget2024-25(I)/doc/eb/stat12.pdf,stat12.pdf,demands_for_grants
2024-2025(I),https://www.indiabudget.gov.in/budget2024-25(I)/index.php,https://www.indiabudget.gov.in/budget2024-25(I)/doc/eb/stat12.xls,stat12.xls,demands_for_grants
2024-2025(I),https://www.indiabudget.gov.in/budget2024-25(I)/index.php,https://www.indiabudget.gov.in/budget2024-25(I)/doc/eb/stat13.pdf,stat13.pdf,demands_for_grants
2024-2025(I),https://www.indiabudget.gov.in/budget2024-25(I)/index.php,https://www.indiabudget.gov.in/budget2024-25(I)/doc/eb/stat13.xls,stat13.xls,demands_for_grants
2024-2025(I),https://www.indiabudget.gov.in/budget2024-25(I)/index.php,https://www.indiabudget.gov.in/budget2024-25(I)/doc/eb/stat14.pdf,stat14.pdf,demands_for_grants
2024-2025(I),https://www.indiabudget.gov.in/budget2024-25(I)/index.php,https://www.indiabudget.gov.in/budget2024-25(I)/doc/eb/stat14.xls,stat14.xls,demands_for_grants
2024-2025(I),https://www.indiabudget.gov.in/budget2024-25(I)/index.php,https://www.indiabudget.gov.in/budget2024-25(I)/doc/eb/stat15.pdf,stat15.pdf,demands_for_grants
2024-2025(I),https://www.indiabudget.gov.in/budget2024-25(I)/index.php,https://www.indiabudget.gov.in/budget2024-25(I)/doc/eb/stat15.xls,stat15.xls,demands_for_grants
2024-2025(I),https://www.indiabudget.gov.in/budget2024-25(I)/index.php,https://www.indiabudget.gov.in/budget2024-25(I)/doc/eb/stat15a.pdf,stat15a.pdf,demands_for_grants
2024-2025(I),https://www.indiabudget.gov.in/budget2024-25(I)/index.php,https://www.indiabudget.gov.in/budget2024-25(I)/doc/eb/stat16.pdf,stat16.pdf,demands_for_grants
2024-2025(I),https://www.indiabudget.gov.in/budget2024-25(I)/index.php,https://www.indiabudget.gov.in/budget2024-25(I)/doc/eb/stat16.xls,stat16.xls,demands_for_grants
2024-2025(I),https://www.indiabudget.gov.in/budget2024-25(I)/index.php,https://www.indiabudget.gov.in/budget2024-25(I)/doc/eb/stat17.pdf,stat17.pdf,demands_for_grants
2024-2025(I),https://www.indiabudget.gov.in/budget2024-25(I)/index.php,https://www.indiabudget.gov.in/budget2024-25(I)/doc/eb/stat17.xls,stat17.xls,demands_for_grants
2024-2025(I),https://www.indiabudget.gov.in/budget2024-25(I)/index.php,https://www.indiabudget.gov.in/budget2024-25(I)/doc/eb/stat18.pdf,stat18.pdf,demands_for_grants
2024-2025(I),https://www.indiabudget.gov.in/budget2024-25(I)/index.php,https://www.indiabudget.gov.in/budget2024-25(I)/doc/eb/stat18.xls,stat18.xls,demands_for_grants
2024-2025(I),https://www.indiabudget.gov.in/budget2024-25(I)/index.php,https://www.indiabudget.gov.in/budget2024-25(I)/doc/eb/stat19.pdf,stat19.pdf,demands_for_grants
2024-2025(I),https://www.indiabudget.gov.in/budget2024-25(I)/index.php,https://www.indiabudget.gov.in/budget2024-25(I)/doc/eb/stat20.pdf,stat20.pdf,demands_for_grants
2024-2025(I),https://www.indiabudget.gov.in/budget2024-25(I)/index.php,https://www.indiabudget.gov.in/budget2024-25(I)/doc/eb/stat20.xls,stat20.xls,demands_for_grants
2024-2025(I),https://www.indiabudget.gov.in/budget2024-25(I)/index.php,https://www.indiabudget.gov.in/budget2024-25(I)/doc/eb/stat21.pdf,stat21.pdf,demands_for_grants
2024-2025(I),https://www.indiabudget.gov.in/budget2024-25(I)/index.php,https://www.indiabudget.gov.in/budget2024-25(I)/doc/eb/stat21.xls,stat21.xls,demands_for_grants
2024-2025(I),https://www.indiabudget.gov.in/budget2024-25(I)/index.php,https://www.indiabudget.gov.in/budget2024-25(I)/doc/eb/stat22.pdf,stat22.pdf,demands_for_grants
2024-2025(I),https://www.indiabudget.gov.in/budget2024-25(I)/index.php,https://www.indiabudget.gov.in/budget2024-25(I)/doc/eb/stat22.xls,stat22.xls,demands_for_grants
2024-2025(I),https://www.indiabudget.gov.in/budget2024-25(I)/index.php,https://www.indiabudget.gov.in/budget2024-25(I)/doc/eb/stat23.pdf,stat23.pdf,demands_for_grants
2024-2025(I),https://www.indiabudget.gov.in/budget2024-25(I)/index.php,https://www.indiabudget.gov.in/budget2024-25(I)/doc/eb/stat23.xls,stat23.xls,demands_for_grants
2024-2025(I),https://www.indiabudget.gov.in/budget2024-25(I)/index.php,https://www.indiabudget.gov.in/budget2024-25(I)/doc/eb/stat24.pdf,stat24.pdf,demands_for_grants
2024-2025(I),https://www.indiabudget.gov.in/budget2024-25(I)/index.php,https://www.indiabudget.gov.in/budget2024-25(I)/doc/eb/stat24.xls,stat24.xls,demands_for_grants
2024-2025(I),https://www.indiabudget.gov.in/budget2024-25(I)/index.php,https://www.indiabudget.gov.in/budget2024-25(I)/doc/eb/stat25.pdf,stat25.pdf,demands_for_grants
2024-2025(I),https://www.indiabudget.gov.in/budget2024-25(I)/index.php,https://www.indiabudget.gov.in/budget2024-25(I)/doc/eb/stat25.xls,stat25.xls,demands_for_grants
2024-2025(I),https://www.indiabudget.gov.in/budget2024-25(I)/index.php,https://www.indiabudget.gov.in/budget2024-25(I)/doc/eb/stat26.pdf,stat26.pdf,demands_for_grants
2024-2025(I),https://www.indiabudget.gov.in/budget2024-25(I)/index.php,https://www.indiabudget.gov.in/budget2024-25(I)/doc/eb/stat26.xls,stat26.xls,demands_for_grants
2024-2025(I),https://www.indiabudget.gov.in/budget2024-25(I)/index.php,https://www.indiabudget.gov.in/budget2024-25(I)/doc/eb/stat27.pdf,stat27.pdf,demands_for_grants
2024-2025(I),https://www.indiabudget.gov.in/budget2024-25(I)/index.php,https://www.indiabudget.gov.in/budget2024-25(I)/doc/eb/railstat1.pdf,railstat1.pdf,demands_for_grants
2024-2025(I),https://www.indiabudget.gov.in/budget2024-25(I)/index.php,https://www.indiabudget.gov.in/budget2024-25(I)/doc/eb/railstat1.xls,railstat1.xls,demands_for_grants
2024-2025(I),https://www.indiabudget.gov.in/budget2024-25(I)/index.php,https://www.indiabudget.gov.in/budget2024-25(I)/doc/eb/railstat2.pdf,railstat2.pdf,demands_for_grants
2024-2025(I),https://www.indiabudget.gov.in/budget2024-25(I)/index.php,https://www.indiabudget.gov.in/budget2024-25(I)/doc/eb/railstat2.xls,railstat2.xls,demands_for_grants
2024-2025(I),https://www.indiabudget.gov.in/budget2024-25(I)/index.php,https://www.indiabudget.gov.in/budget2024-25(I)/doc/eb/railstat3.pdf,railstat3.pdf,demands_for_grants
2024-2025(I),https://www.indiabudget.gov.in/budget2024-25(I)/index.php,https://www.indiabudget.gov.in/budget2024-25(I)/doc/eb/railstat3.xls,railstat3.xls,demands_for_grants
2024-2025(I),https://www.indiabudget.gov.in/budget2024-25(I)/index.php,https://www.indiabudget.gov.in/budget2024-25(I)/doc/eb/railstat4.pdf,railstat4.pdf,demands_for_grants
2024-2025(I),https://www.indiabudget.gov.in/budget2024-25(I)/index.php,https://www.indiabudget.gov.in/budget2024-25(I)/doc/eb/railstat4.xls,railstat4.xls,demands_for_grants
2024-2025(I),https://www.indiabudget.gov.in/budget2024-25(I)/index.php,https://www.indiabudget.gov.in/budget2024-25(I)/doc/eb/railstat5.pdf,railstat5.pdf,demands_for_grants
2024-2025(I),https://www.indiabudget.gov.in/budget2024-25(I)/index.php,https://www.indiabudget.gov.in/budget2024-25(I)/doc/eb/railstat5.xls,railstat5.xls,demands_for_grants
2024-2025(I),https://www.indiabudget.gov.in/budget2024-25(I)/index.php,https://www.indiabudget.gov.in/budget2024-25(I)/doc/eb/railstat6.pdf,railstat6.pdf,demands_for_grants
2024-2025(I),https://www.indiabudget.gov.in/budget2024-25(I)/index.php,https://www.indiabudget.gov.in/budget2024-25(I)/doc/eb/railstat6.xls,railstat6.xls,demands_for_grants
2024-2025(I),https://www.indiabudget.gov.in/budget2024-25(I)/index.php,https://www.indiabudget.gov.in/budget2024-25(I)/doc/eb/railstat7.pdf,railstat7.pdf,demands_for_grants
2024-2025(I),https://www.indiabudget.gov.in/budget2024-25(I)/index.php,https://www.indiabudget.gov.in/budget2024-25(I)/doc/eb/railstat7.xls,railstat7.xls,demands_for_grants
2024-2025(I),https://www.indiabudget.gov.in/budget2024-25(I)/index.php,https://www.indiabudget.gov.in/budget2024-25(I)/doc/eb/allsbe.pdf,allsbe.pdf,expenditure_budget
2024-2025(I),https://www.indiabudget.gov.in/budget2024-25(I)/index.php,https://www.indiabudget.gov.in/budget2024-25(I)/doc/eb/allsbe.xlsx,allsbe.xlsx,expenditure_budget
2024-2025(I),https://www.indiabudget.gov.in/budget2024-25(I)/index.php,https://www.indiabudget.gov.in/budget2024-25(I)/doc/eb/sumsbe.pdf,sumsbe.pdf,expenditure_budget
2024-2025(I),https://www.indiabudget.gov.in/budget2024-25(I)/index.php,https://www.indiabudget.gov.in/budget2024-25(I)/doc/eb/sbe1.pdf,sbe1.pdf,expenditure_budget
2024-2025(I),https://www.indiabudget.gov.in/budget2024-25(I)/index.php,https://www.indiabudget.gov.in/budget2024-25(I)/doc/eb/sbe1.xlsx,sbe1.xlsx,expenditure_budget
2024-2025(I),https://www.indiabudget.gov.in/budget2024-25(I)/index.php,https://www.indiabudget.gov.in/budget2024-25(I)/doc/eb/sbe2.pdf,sbe2.pdf,expenditure_budget
2024-2025(I),https://www.indiabudget.gov.in/budget2024-25(I)/index.php,https://www.indiabudget.gov.in/budget2024-25(I)/doc/eb/sbe2.xlsx,sbe2.xlsx,expenditure_budget
2024-2025(I),https://www.indiabudget.gov.in/budget2024-25(I)/index.php,https://www.indiabudget.gov.in/budget2024-25(I)/doc/eb/sbe3.pdf,sbe3.pdf,expenditure_budget
2024-2025(I),https://www.indiabudget.gov.in/budget2024-25(I)/index.php,https://www.indiabudget.gov.in/budget2024-25(I)/doc/eb/sbe3.xlsx,sbe3.xlsx,expenditure_budget
2024-2025(I),https://www.indiabudget.gov.in/budget2024-25(I)/index.php,https://www.indiabudget.gov.in/budget2024-25(I)/doc/eb/sbe4.pdf,sbe4.pdf,expenditure_budget
2024-2025(I),https://www.indiabudget.gov.in/budget2024-25(I)/index.php,https://www.indiabudget.gov.in/budget2024-25(I)/doc/eb/sbe4.xlsx,sbe4.xlsx,expenditure_budget
2024-2025(I),https://www.indiabudget.gov.in/budget2024-25(I)/index.php,https://www.indiabudget.gov.in/budget2024-25(I)/doc/eb/sbe5.pdf,sbe5.pdf,expenditure_budget
2024-2025(I),https://www.indiabudget.gov.in/budget2024-25(I)/index.php,https://www.indiabudget.gov.in/budget2024-25(I)/doc/eb/sbe5.xlsx,sbe5.xlsx,expenditure_budget
2024-2025(I),https://www.indiabudget.gov.in/budget2024-25(I)/index.php,https://www.indiabudget.gov.in/budget2024-25(I)/doc/eb/sbe6.pdf,sbe6.pdf,expenditure_budget
2024-2025(I),https://www.indiabudget.gov.in/budget2024-25(I)/index.php,https://www.indiabudget.gov.in/budget2024-25(I)/doc/eb/sbe6.xlsx,sbe6.xlsx,expenditure_budget
2024-2025(I),https://www.indiabudget.gov.in/budget2024-25(I)/index.php,https://www.indiabudget.gov.in/budget2024-25(I)/doc/eb/sbe7.pdf,sbe7.pdf,expenditure_budget
2024-2025(I),https://www.indiabudget.gov.in/budget2024-25(I)/index.php,https://www.indiabudget.gov.in/budget2024-25(I)/doc/eb/sbe7.xlsx,sbe7.xlsx,expenditure_budget
2024-2025(I),https://www.indiabudget.gov.in/budget2024-25(I)/index.php,https://www.indiabudget.gov.in/budget2024-25(I)/doc/eb/sbe8.pdf,sbe8.pdf,expenditure_budget
2024-2025(I),https://www.indiabudget.gov.in/budget2024-25(I)/index.php,https://www.indiabudget.gov.in/budget2024-25(I)/doc/eb/sbe8.xlsx,sbe8.xlsx,expenditure_budget
2024-2025(I),https://www.indiabudget.gov.in/budget2024-25(I)/index.php,https://www.indiabudget.gov.in/budget2024-25(I)/doc/eb/sbe9.pdf,sbe9.pdf,expenditure_budget
2024-2025(I),https://www.indiabudget.gov.in/budget2024-25(I)/index.php,https://www.indiabudget.gov.in/budget2024-25(I)/doc/eb/sbe9.xlsx,sbe9.xlsx,expenditure_budget
2024-2025(I),https://www.indiabudget.gov.in/budget2024-25(I)/index.php,https://www.indiabudget.gov.in/budget2024-25(I)/doc/eb/sbe10.pdf,sbe10.pdf,expenditure_budget
2024-2025(I),https://www.indiabudget.gov.in/budget2024-25(I)/index.php,https://www.indiabudget.gov.in/budget2024-25(I)/doc/eb/sbe10.xlsx,sbe10.xlsx,expenditure_budget
2024-2025(I),https://www.indiabudget.gov.in/budget2024-25(I)/index.php,https://www.indiabudget.gov.in/budget2024-25(I)/doc/eb/sbe11.pdf,sbe11.pdf,expenditure_budget
2024-2025(I),https://www.indiabudget.gov.in/budget2024-25(I)/index.php,https://www.indiabudget.gov.in/budget2024-25(I)/doc/eb/sbe11.xlsx,sbe11.xlsx,expenditure_budget
2024-2025(I),https://www.indiabudget.gov.in/budget2024-25(I)/index.php,https://www.indiabudget.gov.in/budget2024-25(I)/doc/eb/sbe12.pdf,sbe12.pdf,expenditure_budget
2024-2025(I),https://www.indiabudget.gov.in/budget2024-25(I)/index.php,https://www.indiabudget.gov.in/budget2024-25(I)/doc/eb/sbe12.xlsx,sbe12.xlsx,expenditure_budget
2024-2025(I),https://www.indiabudget.gov.in/budget2024-25(I)/index.php,https://www.indiabudget.gov.in/budget2024-25(I)/doc/eb/sbe13.pdf,sbe13.pdf,expenditure_budget
2024-2025(I),https://www.indiabudget.gov.in/budget2024-25(I)/index.php,https://www.indiabudget.gov.in/budget2024-25(I)/doc/eb/sbe13.xlsx,sbe13.xlsx,expenditure_budget
2024-2025(I),https://www.indiabudget.gov.in/budget2024-25(I)/index.php,https://www.indiabudget.gov.in/budget2024-25(I)/doc/eb/sbe14.pdf,sbe14.pdf,expenditure_budget
2024-2025(I),https://www.indiabudget.gov.in/budget2024-25(I)/index.php,https://www.indiabudget.gov.in/budget2024-25(I)/doc/eb/sbe14.xlsx,sbe14.xlsx,expenditure_budget
2024-2025(I),https://www.indiabudget.gov.in/budget2024-25(I)/index.php,https://www.indiabudget.gov.in/budget2024-25(I)/doc/eb/sbe15.pdf,sbe15.pdf,expenditure_budget
2024-2025(I),https://www.indiabudget.gov.in/budget2024-25(I)/index.php,https://www.indiabudget.gov.in/budget2024-25(I)/doc/eb/sbe15.xlsx,sbe15.xlsx,expenditure_budget
2024-2025(I),https://www.indiabudget.gov.in/budget2024-25(I)/index.php,https://www.indiabudget.gov.in/budget2024-25(I)/doc/eb/sbe16.pdf,sbe16.pdf,expenditure_budget
2024-2025(I),https://www.indiabudget.gov.in/budget2024-25(I)/index.php,https://www.indiabudget.gov.in/budget2024-25(I)/doc/eb/sbe16.xlsx,sbe16.xlsx,expenditure_budget
2024-2025(I),https://www.indiabudget.gov.in/budget2024-25(I)/index.php,https://www.indiabudget.gov.in/budget2024-25(I)/doc/eb/sbe17.pdf,sbe17.pdf,expenditure_budget
2024-2025(I),https://www.indiabudget.gov.in/budget2024-25(I)/index.php,https://www.indiabudget.gov.in/budget2024-25(I)/doc/eb/sbe17.xlsx,sbe17.xlsx,expenditure_budget
2024-2025(I),https://www.indiabudget.gov.in/budget2024-25(I)/index.php,https://www.indiabudget.gov.in/budget2024-25(I)/doc/eb/sbe18.pdf,sbe18.pdf,expenditure_budget
2024-2025(I),https://www.indiabudget.gov.in/budget2024-25(I)/index.php,https://www.indiabudget.gov.in/budget2024-25(I)/doc/eb/sbe18.xlsx,sbe18.xlsx,expenditure_budget
2024-2025(I),https://www.indiabudget.gov.in/budget2024-25(I)/index.php,https://www.indiabudget.gov.in/budget2024-25(I)/doc/eb/sbe19.pdf,sbe19.pdf,expenditure_budget
2024-2025(I),https://www.indiabudget.gov.in/budget2024-25(I)/index.php,https://www.indiabudget.gov.in/budget2024-25(I)/doc/eb/sbe19.xlsx,sbe19.xlsx,expenditure_budget
2024-2025(I),https://www.indiabudget.gov.in/budget2024-25(I)/index.php,https://www.indiabudget.gov.in/budget2024-25(I)/doc/eb/sbe20.pdf,sbe20.pdf,expenditure_budget
2024-2025(I),https://www.indiabudget.gov.in/budget2024-25(I)/index.php,https://www.indiabudget.gov.in/budget2024-25(I)/doc/eb/sbe20.xlsx,sbe20.xlsx,expenditure_budget
2024-2025(I),https://www.indiabudget.gov.in/budget2024-25(I)/index.php,https://www.indiabudget.gov.in/budget2024-25(I)/doc/eb/sbe21.pdf,sbe21.pdf,expenditure_budget
2024-2025(I),https://www.indiabudget.gov.in/budget2024-25(I)/index.php,https://www.indiabudget.gov.in/budget2024-25(I)/doc/eb/sbe21.xlsx,sbe21.xlsx,expenditure_budget
2024-2025(I),https://www.indiabudget.gov.in/budget2024-25(I)/index.php,https://www.indiabudget.gov.in/budget2024-25(I)/doc/eb/sbe22.pdf,sbe22.pdf,expenditure_budget
2024-2025(I),https://www.indiabudget.gov.in/budget2024-25(I)/index.php,https://www.indiabudget.gov.in/budget2024-25(I)/doc/eb/sbe22.xlsx,sbe22.xlsx,expenditure_budget
2024-2025(I),https://www.indiabudget.gov.in/budget2024-25(I)/index.php,https://www.indiabudget.gov.in/budget2024-25(I)/doc/eb/sbe23.pdf,sbe23.pdf,expenditure_budget
2024-2025(I),https://www.indiabudget.gov.in/budget2024-25(I)/index.php,https://www.indiabudget.gov.in/budget2024-25(I)/doc/eb/sbe23.xlsx,sbe23.xlsx,expenditure_budget
2024-2025(I),https://www.indiabudget.gov.in/budget2024-25(I)/index.php,https://www.indiabudget.gov.in/budget2024-25(I)/doc/eb/sbe24.pdf,sbe24.pdf,expenditure_budget
2024-2025(I),https://www.indiabudget.gov.in/budget2024-25(I)/index.php,https://www.indiabudget.gov.in/budget2024-25(I)/doc/eb/sbe24.xlsx,sbe24.xlsx,expenditure_budget
2024-2025(I),https://www.indiabudget.gov.in/budget2024-25(I)/index.php,https://www.indiabudget.gov.in/budget2024-25(I)/doc/eb/sbe25.pdf,sbe25.pdf,expenditure_budget
2024-2025(I),https://www.indiabudget.gov.in/budget2024-25(I)/index.php,https://www.indiabudget.gov.in/budget2024-25(I)/doc/eb/sbe25.xlsx,sbe25.xlsx,expenditure_budget
2024-2025(I),https://www.indiabudget.gov.in/budget2024-25(I)/index.php,https://www.indiabudget.gov.in/budget2024-25(I)/doc/eb/sbe26.pdf,sbe26.pdf,expenditure_budget
2024-2025(I),https://www.indiabudget.gov.in/budget2024-25(I)/index.php,https://www.indiabudget.gov.in/budget2024-25(I)/doc/eb/sbe26.xlsx,sbe26.xlsx,expenditure_budget
2024-2025(I),https://www.indiabudget.gov.in/budget2024-25(I)/index.php,https://www.indiabudget.gov.in/budget2024-25(I)/doc/eb/sbe27.pdf,sbe27.pdf,expenditure_budget
2024-2025(I),https://www.indiabudget.gov.in/budget2024-25(I)/index.php,https://www.indiabudget.gov.in/budget2024-25(I)/doc/eb/sbe27.xlsx,sbe27.xlsx,expenditure_budget
2024-2025(I),https://www.indiabudget.gov.in/budget2024-25(I)/index.php,https://www.indiabudget.gov.in/budget2024-25(I)/doc/eb/sbe28.pdf,sbe28.pdf,expenditure_budget
2024-2025(I),https://www.indiabudget.gov.in/budget2024-25(I)/index.php,https://www.indiabudget.gov.in/budget2024-25(I)/doc/eb/sbe28.xlsx,sbe28.xlsx,expenditure_budget
2024-2025(I),https://www.indiabudget.gov.in/budget2024-25(I)/index.php,https://www.indiabudget.gov.in/budget2024-25(I)/doc/eb/sbe29.pdf,sbe29.pdf,expenditure_budget
2024-2025(I),https://www.indiabudget.gov.in/budget2024-25(I)/index.php,https://www.indiabudget.gov.in/budget2024-25(I)/doc/eb/sbe29.xlsx,sbe29.xlsx,expenditure_budget
2024-2025(I),https://www.indiabudget.gov.in/budget2024-25(I)/index.php,https://www.indiabudget.gov.in/budget2024-25(I)/doc/eb/sbe30.pdf,sbe30.pdf,expenditure_budget
2024-2025(I),https://www.indiabudget.gov.in/budget2024-25(I)/index.php,https://www.indiabudget.gov.in/budget2024-25(I)/doc/eb/sbe30.xlsx,sbe30.xlsx,expenditure_budget
2024-2025(I),https://www.indiabudget.gov.in/budget2024-25(I)/index.php,https://www.indiabudget.gov.in/budget2024-25(I)/doc/eb/sbe31.pdf,sbe31.pdf,expenditure_budget
2024-2025(I),https://www.indiabudget.gov.in/budget2024-25(I)/index.php,https://www.indiabudget.gov.in/budget2024-25(I)/doc/eb/sbe31.xlsx,sbe31.xlsx,expenditure_budget
2024-2025(I),https://www.indiabudget.gov.in/budget2024-25(I)/index.php,https://www.indiabudget.gov.in/budget2024-25(I)/doc/eb/sbe32.pdf,sbe32.pdf,expenditure_budget
2024-2025(I),https://www.indiabudget.gov.in/budget2024-25(I)/index.php,https://www.indiabudget.gov.in/budget2024-25(I)/doc/eb/sbe32.xlsx,sbe32.xlsx,expenditure_budget
2024-2025(I),https://www.indiabudget.gov.in/budget2024-25(I)/index.php,https://www.indiabudget.gov.in/budget2024-25(I)/doc/eb/sbe33.pdf,sbe33.pdf,expenditure_budget
2024-2025(I),https://www.indiabudget.gov.in/budget2024-25(I)/index.php,https://www.indiabudget.gov.in/budget2024-25(I)/doc/eb/sbe33.xlsx,sbe33.xlsx,expenditure_budget
2024-2025(I),https://www.indiabudget.gov.in/budget2024-25(I)/index.php,https://www.indiabudget.gov.in/budget2024-25(I)/doc/eb/sbe34.pdf,sbe34.pdf,expenditure_budget
2024-2025(I),https://www.indiabudget.gov.in/budget2024-25(I)/index.php,https://www.indiabudget.gov.in/budget2024-25(I)/doc/eb/sbe34.xlsx,sbe34.xlsx,expenditure_budget
2024-2025(I),https://www.indiabudget.gov.in/budget2024-25(I)/index.php,https://www.indiabudget.gov.in/budget2024-25(I)/doc/eb/sbe35.pdf,sbe35.pdf,expenditure_budget
2024-2025(I),https://www.indiabudget.gov.in/budget2024-25(I)/index.php,https://www.indiabudget.gov.in/budget2024-25(I)/doc/eb/sbe35.xlsx,sbe35.xlsx,expenditure_budget
2024-2025(I),https://www.indiabudget.gov.in/budget2024-25(I)/index.php,https://www.indiabudget.gov.in/budget2024-25(I)/doc/eb/sbe36.pdf,sbe36.pdf,expenditure_budget
2024-2025(I),https://www.indiabudget.gov.in/budget2024-25(I)/index.php,https://www.indiabudget.gov.in/budget2024-25(I)/doc/eb/sbe36.xlsx,sbe36.xlsx,expenditure_budget
2024-2025(I),https://www.indiabudget.gov.in/budget2024-25(I)/index.php,https://www.indiabudget.gov.in/budget2024-25(I)/doc/eb/sbe37.pdf,sbe37.pdf,expenditure_budget
2024-2025(I),https://www.indiabudget.gov.in/budget2024-25(I)/index.php,https://www.indiabudget.gov.in/budget2024-25(I)/doc/eb/sbe37.xlsx,sbe37.xlsx,expenditure_budget
2024-2025(I),https://www.indiabudget.gov.in/budget2024-25(I)/index.php,https://www.indiabudget.gov.in/budget2024-25(I)/doc/eb/sbe38.pdf,sbe38.pdf,expenditure_budget
2024-2025(I),https://www.indiabudget.gov.in/budget2024-25(I)/index.php,https://www.indiabudget.gov.in/budget2024-25(I)/doc/eb/sbe38.xlsx,sbe38.xlsx,expenditure_budget
2024-2025(I),https://www.indiabudget.gov.in/budget2024-25(I)/index.php,https://www.indiabudget.gov.in/budget2024-25(I)/doc/eb/sbe39.pdf,sbe39.pdf,expenditure_budget
2024-2025(I),https://www.indiabudget.gov.in/budget2024-25(I)/index.php,https://www.indiabudget.gov.in/budget2024-25(I)/doc/eb/sbe39.xlsx,sbe39.xlsx,expenditure_budget
2024-2025(I),https://www.indiabudget.gov.in/budget2024-25(I)/index.php,https://www.indiabudget.gov.in/budget2024-25(I)/doc/eb/sbe40.pdf,sbe40.pdf,expenditure_budget
2024-2025(I),https://www.indiabudget.gov.in/budget2024-25(I)/index.php,https://www.indiabudget.gov.in/budget2024-25(I)/doc/eb/sbe40.xlsx,sbe40.xlsx,expenditure_budget
2024-2025(I),https://www.indiabudget.gov.in/budget2024-25(I)/index.php,https://www.indiabudget.gov.in/budget2024-25(I)/doc/eb/sbe41.pdf,sbe41.pdf,expenditure_budget
2024-2025(I),https://www.indiabudget.gov.in/budget2024-25(I)/index.php,https://www.indiabudget.gov.in/budget2024-25(I)/doc/eb/sbe41.xlsx,sbe41.xlsx,expenditure_budget
2024-2025(I),https://www.indiabudget.gov.in/budget2024-25(I)/index.php,https://www.indiabudget.gov.in/budget2024-25(I)/doc/eb/sbe42.pdf,sbe42.pdf,expenditure_budget
2024-2025(I),https://www.indiabudget.gov.in/budget2024-25(I)/index.php,https://www.indiabudget.gov.in/budget2024-25(I)/doc/eb/sbe42.xlsx,sbe42.xlsx,expenditure_budget
2024-2025(I),https://www.indiabudget.gov.in/budget2024-25(I)/index.php,https://www.indiabudget.gov.in/budget2024-25(I)/doc/eb/sbe43.pdf,sbe43.pdf,expenditure_budget
2024-2025(I),https://www.indiabudget.gov.in/budget2024-25(I)/index.php,https://www.indiabudget.gov.in/budget2024-25(I)/doc/eb/sbe43.xlsx,sbe43.xlsx,expenditure_budget
2024-2025(I),https://www.indiabudget.gov.in/budget2024-25(I)/index.php,https://www.indiabudget.gov.in/budget2024-25(I)/doc/eb/sbe44.pdf,sbe44.pdf,expenditure_budget
2024-2025(I),https://www.indiabudget.gov.in/budget2024-25(I)/index.php,https://www.indiabudget.gov.in/budget2024-25(I)/doc/eb/sbe44.xlsx,sbe44.xlsx,expenditure_budget
2024-2025(I),https://www.indiabudget.gov.in/budget2024-25(I)/index.php,https://www.indiabudget.gov.in/budget2024-25(I)/doc/eb/sbe45.pdf,sbe45.pdf,expenditure_budget
2024-2025(I),https://www.indiabudget.gov.in/budget2024-25(I)/index.php,https://www.indiabudget.gov.in/budget2024-25(I)/doc/eb/sbe45.xlsx,sbe45.xlsx,expenditure_budget
2024-2025(I),https://www.indiabudget.gov.in/budget2024-25(I)/index.php,https://www.indiabudget.gov.in/budget2024-25(I)/doc/eb/sbe46.pdf,sbe46.pdf,expenditure_budget
2024-2025(I),https://www.indiabudget.gov.in/budget2024-25(I)/index.php,https://www.indiabudget.gov.in/budget2024-25(I)/doc/eb/sbe46.xlsx,sbe46.xlsx,expenditure_budget
2024-2025(I),https://www.indiabudget.gov.in/budget2024-25(I)/index.php,https://www.indiabudget.gov.in/budget2024-25(I)/doc/eb/sbe47.pdf,sbe47.pdf,expenditure_budget
2024-2025(I),https://www.indiabudget.gov.in/budget2024-25(I)/index.php,https://www.indiabudget.gov.in/budget2024-25(I)/doc/eb/sbe47.xlsx,sbe47.xlsx,expenditure_budget
2024-2025(I),https://www.indiabudget.gov.in/budget2024-25(I)/index.php,https://www.indiabudget.gov.in/budget2024-25(I)/doc/eb/sbe48.pdf,sbe48.pdf,expenditure_budget
2024-2025(I),https://www.indiabudget.gov.in/budget2024-25(I)/index.php,https://www.indiabudget.gov.in/budget2024-25(I)/doc/eb/sbe48.xlsx,sbe48.xlsx,expenditure_budget
2024-2025(I),https://www.indiabudget.gov.in/budget2024-25(I)/index.php,https://www.indiabudget.gov.in/budget2024-25(I)/doc/eb/sbe49.pdf,sbe49.pdf,expenditure_budget
2024-2025(I),https://www.indiabudget.gov.in/budget2024-25(I)/index.php,https://www.indiabudget.gov.in/budget2024-25(I)/doc/eb/sbe49.xlsx,sbe49.xlsx,expenditure_budget
2024-2025(I),https://www.indiabudget.gov.in/budget2024-25(I)/index.php,https://www.indiabudget.gov.in/budget2024-25(I)/doc/eb/sbe50.pdf,sbe50.pdf,expenditure_budget
2024-2025(I),https://www.indiabudget.gov.in/budget2024-25(I)/index.php,https://www.indiabudget.gov.in/budget2024-25(I)/doc/eb/sbe50.xlsx,sbe50.xlsx,expenditure_budget
2024-2025(I),https://www.indiabudget.gov.in/budget2024-25(I)/index.php,https://www.indiabudget.gov.in/budget2024-25(I)/doc/eb/sbe51.pdf,sbe51.pdf,expenditure_budget
2024-2025(I),https://www.indiabudget.gov.in/budget2024-25(I)/index.php,https://www.indiabudget.gov.in/budget2024-25(I)/doc/eb/sbe51.xlsx,sbe51.xlsx,expenditure_budget
2024-2025(I),https://www.indiabudget.gov.in/budget2024-25(I)/index.php,https://www.indiabudget.gov.in/budget2024-25(I)/doc/eb/sbe52.pdf,sbe52.pdf,expenditure_budget
2024-2025(I),https://www.indiabudget.gov.in/budget2024-25(I)/index.php,https://www.indiabudget.gov.in/budget2024-25(I)/doc/eb/sbe52.xlsx,sbe52.xlsx,expenditure_budget
2024-2025(I),https://www.indiabudget.gov.in/budget2024-25(I)/index.php,https://www.indiabudget.gov.in/budget2024-25(I)/doc/eb/sbe53.pdf,sbe53.pdf,expenditure_budget
2024-2025(I),https://www.indiabudget.gov.in/budget2024-25(I)/index.php,https://www.indiabudget.gov.in/budget2024-25(I)/doc/eb/sbe53.xlsx,sbe53.xlsx,expenditure_budget
2024-2025(I),https://www.indiabudget.gov.in/budget2024-25(I)/index.php,https://www.indiabudget.gov.in/budget2024-25(I)/doc/eb/sbe54.pdf,sbe54.pdf,expenditure_budget
2024-2025(I),https://www.indiabudget.gov.in/budget2024-25(I)/index.php,https://www.indiabudget.gov.in/budget2024-25(I)/doc/eb/sbe54.xlsx,sbe54.xlsx,expenditure_budget
2024-2025(I),https://www.indiabudget.gov.in/budget2024-25(I)/index.php,https://www.indiabudget.gov.in/budget2024-25(I)/doc/eb/sbe55.pdf,sbe55.pdf,expenditure_budget
2024-2025(I),https://www.indiabudget.gov.in/budget2024-25(I)/index.php,https://www.indiabudget.gov.in/budget2024-25(I)/doc/eb/sbe55.xlsx,sbe55.xlsx,expenditure_budget
2024-2025(I),https://www.indiabudget.gov.in/budget2024-25(I)/index.php,https://www.indiabudget.gov.in/budget2024-25(I)/doc/eb/sbe56.pdf,sbe56.pdf,expenditure_budget
2024-2025(I),https://www.indiabudget.gov.in/budget2024-25(I)/index.php,https://www.indiabudget.gov.in/budget2024-25(I)/doc/eb/sbe56.xlsx,sbe56.xlsx,expenditure_budget
2024-2025(I),https://www.indiabudget.gov.in/budget2024-25(I)/index.php,https://www.indiabudget.gov.in/budget2024-25(I)/doc/eb/sbe57.pdf,sbe57.pdf,expenditure_budget
2024-2025(I),https://www.indiabudget.gov.in/budget2024-25(I)/index.php,https://www.indiabudget.gov.in/budget2024-25(I)/doc/eb/sbe57.xlsx,sbe57.xlsx,expenditure_budget
2024-2025(I),https://www.indiabudget.gov.in/budget2024-25(I)/index.php,https://www.indiabudget.gov.in/budget2024-25(I)/doc/eb/sbe58.pdf,sbe58.pdf,expenditure_budget
2024-2025(I),https://www.indiabudget.gov.in/budget2024-25(I)/index.php,https://www.indiabudget.gov.in/budget2024-25(I)/doc/eb/sbe58.xlsx,sbe58.xlsx,expenditure_budget
2024-2025(I),https://www.indiabudget.gov.in/budget2024-25(I)/index.php,https://www.indiabudget.gov.in/budget2024-25(I)/doc/eb/sbe59.pdf,sbe59.pdf,expenditure_budget
2024-2025(I),https://www.indiabudget.gov.in/budget2024-25(I)/index.php,https://www.indiabudget.gov.in/budget2024-25(I)/doc/eb/sbe59.xlsx,sbe59.xlsx,expenditure_budget
2024-2025(I),https://www.indiabudget.gov.in/budget2024-25(I)/index.php,https://www.indiabudget.gov.in/budget2024-25(I)/doc/eb/sbe60.pdf,sbe60.pdf,expenditure_budget
2024-2025(I),https://www.indiabudget.gov.in/budget2024-25(I)/index.php,https://www.indiabudget.gov.in/budget2024-25(I)/doc/eb/sbe60.xlsx,sbe60.xlsx,expenditure_budget
2024-2025(I),https://www.indiabudget.gov.in/budget2024-25(I)/index.php,https://www.indiabudget.gov.in/budget2024-25(I)/doc/eb/sbe61.pdf,sbe61.pdf,expenditure_budget
2024-2025(I),https://www.indiabudget.gov.in/budget2024-25(I)/index.php,https://www.indiabudget.gov.in/budget2024-25(I)/doc/eb/sbe61.xlsx,sbe61.xlsx,expenditure_budget
2024-2025(I),https://www.indiabudget.gov.in/budget2024-25(I)/index.php,https://www.indiabudget.gov.in/budget2024-25(I)/doc/eb/sbe62.pdf,sbe62.pdf,expenditure_budget
2024-2025(I),https://www.indiabudget.gov.in/budget2024-25(I)/index.php,https://www.indiabudget.gov.in/budget2024-25(I)/doc/eb/sbe62.xlsx,sbe62.xlsx,expenditure_budget
2024-2025(I),https://www.indiabudget.gov.in/budget2024-25(I)/index.php,https://www.indiabudget.gov.in/budget2024-25(I)/doc/eb/sbe63.pdf,sbe63.pdf,expenditure_budget
2024-2025(I),https://www.indiabudget.gov.in/budget2024-25(I)/index.php,https://www.indiabudget.gov.in/budget2024-25(I)/doc/eb/sbe63.xlsx,sbe63.xlsx,expenditure_budget
2024-2025(I),https://www.indiabudget.gov.in/budget2024-25(I)/index.php,https://www.indiabudget.gov.in/budget2024-25(I)/doc/eb/sbe64.pdf,sbe64.pdf,expenditure_budget
2024-2025(I),https://www.indiabudget.gov.in/budget2024-25(I)/index.php,https://www.indiabudget.gov.in/budget2024-25(I)/doc/eb/sbe64.xlsx,sbe64.xlsx,expenditure_budget
2024-2025(I),https://www.indiabudget.gov.in/budget2024-25(I)/index.php,https://www.indiabudget.gov.in/budget2024-25(I)/doc/eb/sbe65.pdf,sbe65.pdf,expenditure_budget
2024-2025(I),https://www.indiabudget.gov.in/budget2024-25(I)/index.php,https://www.indiabudget.gov.in/budget2024-25(I)/doc/eb/sbe65.xlsx,sbe65.xlsx,expenditure_budget
2024-2025(I),https://www.indiabudget.gov.in/budget2024-25(I)/index.php,https://www.indiabudget.gov.in/budget2024-25(I)/doc/eb/sbe66.pdf,sbe66.pdf,expenditure_budget
2024-2025(I),https://www.indiabudget.gov.in/budget2024-25(I)/index.php,https://www.indiabudget.gov.in/budget2024-25(I)/doc/eb/sbe66.xlsx,sbe66.xlsx,expenditure_budget
2024-2025(I),https://www.indiabudget.gov.in/budget2024-25(I)/index.php,https://www.indiabudget.gov.in/budget2024-25(I)/doc/eb/sbe67.pdf,sbe67.pdf,expenditure_budget
2024-2025(I),https://www.indiabudget.gov.in/budget2024-25(I)/index.php,https://www.indiabudget.gov.in/budget2024-25(I)/doc/eb/sbe67.xlsx,sbe67.xlsx,expenditure_budget
2024-2025(I),https://www.indiabudget.gov.in/budget2024-25(I)/index.php,https://www.indiabudget.gov.in/budget2024-25(I)/doc/eb/sbe68.pdf,sbe68.pdf,expenditure_budget
2024-2025(I),https://www.indiabudget.gov.in/budget2024-25(I)/index.php,https://www.indiabudget.gov.in/budget2024-25(I)/doc/eb/sbe68.xlsx,sbe68.xlsx,expenditure_budget
2024-2025(I),https://www.indiabudget.gov.in/budget2024-25(I)/index.php,https://www.indiabudget.gov.in/budget2024-25(I)/doc/eb/sbe69.pdf,sbe69.pdf,expenditure_budget
2024-2025(I),https://www.indiabudget.gov.in/budget2024-25(I)/index.php,https://www.indiabudget.gov.in/budget2024-25(I)/doc/eb/sbe69.xlsx,sbe69.xlsx,expenditure_budget
2024-2025(I),https://www.indiabudget.gov.in/budget2024-25(I)/index.php,https://www.indiabudget.gov.in/budget2024-25(I)/doc/eb/sbe70.pdf,sbe70.pdf,expenditure_budget
2024-2025(I),https://www.indiabudget.gov.in/budget2024-25(I)/index.php,https://www.indiabudget.gov.in/budget2024-25(I)/doc/eb/sbe70.xlsx,sbe70.xlsx,expenditure_budget
2024-2025(I),https://www.indiabudget.gov.in/budget2024-25(I)/index.php,https://www.indiabudget.gov.in/budget2024-25(I)/doc/eb/sbe71.pdf,sbe71.pdf,expenditure_budget
2024-2025(I),https://www.indiabudget.gov.in/budget2024-25(I)/index.php,https://www.indiabudget.gov.in/budget2024-25(I)/doc/eb/sbe71.xlsx,sbe71.xlsx,expenditure_budget
2024-2025(I),https://www.indiabudget.gov.in/budget2024-25(I)/index.php,https://www.indiabudget.gov.in/budget2024-25(I)/doc/eb/sbe72.pdf,sbe72.pdf,expenditure_budget
2024-2025(I),https://www.indiabudget.gov.in/budget2024-25(I)/index.php,https://www.indiabudget.gov.in/budget2024-25(I)/doc/eb/sbe72.xlsx,sbe72.xlsx,expenditure_budget
2024-2025(I),https://www.indiabudget.gov.in/budget2024-25(I)/index.php,https://www.indiabudget.gov.in/budget2024-25(I)/doc/eb/sbe73.pdf,sbe73.pdf,expenditure_budget
2024-2025(I),https://www.indiabudget.gov.in/budget2024-25(I)/index.php,https://www.indiabudget.gov.in/budget2024-25(I)/doc/eb/sbe73.xlsx,sbe73.xlsx,expenditure_budget
2024-2025(I),https://www.indiabudget.gov.in/budget2024-25(I)/index.php,https://www.indiabudget.gov.in/budget2024-25(I)/doc/eb/sbe74.pdf,sbe74.pdf,expenditure_budget
2024-2025(I),https://www.indiabudget.gov.in/budget2024-25(I)/index.php,https://www.indiabudget.gov.in/budget2024-25(I)/doc/eb/sbe74.xlsx,sbe74.xlsx,expenditure_budget
2024-2025(I),https://www.indiabudget.gov.in/budget2024-25(I)/index.php,https://www.indiabudget.gov.in/budget2024-25(I)/doc/eb/sbe75.pdf,sbe75.pdf,expenditure_budget
2024-2025(I),https://www.indiabudget.gov.in/budget2024-25(I)/index.php,https://www.indiabudget.gov.in/budget2024-25(I)/doc/eb/sbe75.xlsx,sbe75.xlsx,expenditure_budget
2024-2025(I),https://www.indiabudget.gov.in/budget2024-25(I)/index.php,https://www.indiabudget.gov.in/budget2024-25(I)/doc/eb/sbe76.pdf,sbe76.pdf,expenditure_budget
2024-2025(I),https://www.indiabudget.gov.in/budget2024-25(I)/index.php,https://www.indiabudget.gov.in/budget2024-25(I)/doc/eb/sbe76.xlsx,sbe76.xlsx,expenditure_budget
2024-2025(I),https://www.indiabudget.gov.in/budget2024-25(I)/index.php,https://www.indiabudget.gov.in/budget2024-25(I)/doc/eb/sbe77.pdf,sbe77.pdf,expenditure_budget
2024-2025(I),https://www.indiabudget.gov.in/budget2024-25(I)/index.php,https://www.indiabudget.gov.in/budget2024-25(I)/doc/eb/sbe77.xlsx,sbe77.xlsx,expenditure_budget
2024-2025(I),https://www.indiabudget.gov.in/budget2024-25(I)/index.php,https://www.indiabudget.gov.in/budget2024-25(I)/doc/eb/sbe78.pdf,sbe78.pdf,expenditure_budget
2024-2025(I),https://www.indiabudget.gov.in/budget2024-25(I)/index.php,https://www.indiabudget.gov.in/budget2024-25(I)/doc/eb/sbe78.xlsx,sbe78.xlsx,expenditure_budget
2024-2025(I),https://www.indiabudget.gov.in/budget2024-25(I)/index.php,https://www.indiabudget.gov.in/budget2024-25(I)/doc/eb/sbe79.pdf,sbe79.pdf,expenditure_budget
2024-2025(I),https://www.indiabudget.gov.in/budget2024-25(I)/index.php,https://www.indiabudget.gov.in/budget2024-25(I)/doc/eb/sbe79.xlsx,sbe79.xlsx,expenditure_budget
2024-2025(I),https://www.indiabudget.gov.in/budget2024-25(I)/index.php,https://www.indiabudget.gov.in/budget2024-25(I)/doc/eb/sbe80.pdf,sbe80.pdf,expenditure_budget
2024-2025(I),https://www.indiabudget.gov.in/budget2024-25(I)/index.php,https://www.indiabudget.gov.in/budget2024-25(I)/doc/eb/sbe80.xlsx,sbe80.xlsx,expenditure_budget
2024-2025(I),https://www.indiabudget.gov.in/budget2024-25(I)/index.php,https://www.indiabudget.gov.in/budget2024-25(I)/doc/eb/sbe81.pdf,sbe81.pdf,expenditure_budget
2024-2025(I),https://www.indiabudget.gov.in/budget2024-25(I)/index.php,https://www.indiabudget.gov.in/budget2024-25(I)/doc/eb/sbe81.xlsx,sbe81.xlsx,expenditure_budget
2024-2025(I),https://www.indiabudget.gov.in/budget2024-25(I)/index.php,https://www.indiabudget.gov.in/budget2024-25(I)/doc/eb/sbe82.pdf,sbe82.pdf,expenditure_budget
2024-2025(I),https://www.indiabudget.gov.in/budget2024-25(I)/index.php,https://www.indiabudget.gov.in/budget2024-25(I)/doc/eb/sbe82.xlsx,sbe82.xlsx,expenditure_budget
2024-2025(I),https://www.indiabudget.gov.in/budget2024-25(I)/index.php,https://www.indiabudget.gov.in/budget2024-25(I)/doc/eb/sbe83.pdf,sbe83.pdf,expenditure_budget
2024-2025(I),https://www.indiabudget.gov.in/budget2024-25(I)/index.php,https://www.indiabudget.gov.in/budget2024-25(I)/doc/eb/sbe83.xlsx,sbe83.xlsx,expenditure_budget
2024-2025(I),https://www.indiabudget.gov.in/budget2024-25(I)/index.php,https://www.indiabudget.gov.in/budget2024-25(I)/doc/eb/sbe84.pdf,sbe84.pdf,expenditure_budget
2024-2025(I),https://www.indiabudget.gov.in/budget2024-25(I)/index.php,https://www.indiabudget.gov.in/budget2024-25(I)/doc/eb/sbe84.xlsx,sbe84.xlsx,expenditure_budget
2024-2025(I),https://www.indiabudget.gov.in/budget2024-25(I)/index.php,https://www.indiabudget.gov.in/budget2024-25(I)/doc/eb/sbe85.pdf,sbe85.pdf,expenditure_budget
2024-2025(I),https://www.indiabudget.gov.in/budget2024-25(I)/index.php,https://www.indiabudget.gov.in/budget2024-25(I)/doc/eb/sbe85.xlsx,sbe85.xlsx,expenditure_budget
2024-2025(I),https://www.indiabudget.gov.in/budget2024-25(I)/index.php,https://www.indiabudget.gov.in/budget2024-25(I)/doc/eb/sbe86.pdf,sbe86.pdf,expenditure_budget
2024-2025(I),https://www.indiabudget.gov.in/budget2024-25(I)/index.php,https://www.indiabudget.gov.in/budget2024-25(I)/doc/eb/sbe86.xlsx,sbe86.xlsx,expenditure_budget
2024-2025(I),https://www.indiabudget.gov.in/budget2024-25(I)/index.php,https://www.indiabudget.gov.in/budget2024-25(I)/doc/eb/sbe87.pdf,sbe87.pdf,expenditure_budget
2024-2025(I),https://www.indiabudget.gov.in/budget2024-25(I)/index.php,https://www.indiabudget.gov.in/budget2024-25(I)/doc/eb/sbe87.xlsx,sbe87.xlsx,expenditure_budget
2024-2025(I),https://www.indiabudget.gov.in/budget2024-25(I)/index.php,https://www.indiabudget.gov.in/budget2024-25(I)/doc/eb/sbe88.pdf,sbe88.pdf,expenditure_budget
2024-2025(I),https://www.indiabudget.gov.in/budget2024-25(I)/index.php,https://www.indiabudget.gov.in/budget2024-25(I)/doc/eb/sbe88.xlsx,sbe88.xlsx,expenditure_budget
2024-2025(I),https://www.indiabudget.gov.in/budget2024-25(I)/index.php,https://www.indiabudget.gov.in/budget2024-25(I)/doc/eb/sbe89.pdf,sbe89.pdf,expenditure_budget
2024-2025(I),https://www.indiabudget.gov.in/budget2024-25(I)/index.php,https://www.indiabudget.gov.in/budget2024-25(I)/doc/eb/sbe89.xlsx,sbe89.xlsx,expenditure_budget
2024-2025(I),https://www.indiabudget.gov.in/budget2024-25(I)/index.php,https://www.indiabudget.gov.in/budget2024-25(I)/doc/eb/sbe90.pdf,sbe90.pdf,expenditure_budget
2024-2025(I),https://www.indiabudget.gov.in/budget2024-25(I)/index.php,https://www.indiabudget.gov.in/budget2024-25(I)/doc/eb/sbe90.xlsx,sbe90.xlsx,expenditure_budget
2024-2025(I),https://www.indiabudget.gov.in/budget2024-25(I)/index.php,https://www.indiabudget.gov.in/budget2024-25(I)/doc/eb/sbe91.pdf,sbe91.pdf,expenditure_budget
2024-2025(I),https://www.indiabudget.gov.in/budget2024-25(I)/index.php,https://www.indiabudget.gov.in/budget2024-25(I)/doc/eb/sbe91.xlsx,sbe91.xlsx,expenditure_budget
2024-2025(I),https://www.indiabudget.gov.in/budget2024-25(I)/index.php,https://www.indiabudget.gov.in/budget2024-25(I)/doc/eb/sbe92.pdf,sbe92.pdf,expenditure_budget
2024-2025(I),https://www.indiabudget.gov.in/budget2024-25(I)/index.php,https://www.indiabudget.gov.in/budget2024-25(I)/doc/eb/sbe92.xlsx,sbe92.xlsx,expenditure_budget
2024-2025(I),https://www.indiabudget.gov.in/budget2024-25(I)/index.php,https://www.indiabudget.gov.in/budget2024-25(I)/doc/eb/sbe93.pdf,sbe93.pdf,expenditure_budget
2024-2025(I),https://www.indiabudget.gov.in/budget2024-25(I)/index.php,https://www.indiabudget.gov.in/budget2024-25(I)/doc/eb/sbe93.xlsx,sbe93.xlsx,expenditure_budget
2024-2025(I),https://www.indiabudget.gov.in/budget2024-25(I)/index.php,https://www.indiabudget.gov.in/budget2024-25(I)/doc/eb/sbe94.pdf,sbe94.pdf,expenditure_budget
2024-2025(I),https://www.indiabudget.gov.in/budget2024-25(I)/index.php,https://www.indiabudget.gov.in/budget2024-25(I)/doc/eb/sbe94.xlsx,sbe94.xlsx,expenditure_budget
2024-2025(I),https://www.indiabudget.gov.in/budget2024-25(I)/index.php,https://www.indiabudget.gov.in/budget2024-25(I)/doc/eb/sbe95.pdf,sbe95.pdf,expenditure_budget
2024-2025(I),https://www.indiabudget.gov.in/budget2024-25(I)/index.php,https://www.indiabudget.gov.in/budget2024-25(I)/doc/eb/sbe95.xlsx,sbe95.xlsx,expenditure_budget
2024-2025(I),https://www.indiabudget.gov.in/budget2024-25(I)/index.php,https://www.indiabudget.gov.in/budget2024-25(I)/doc/eb/sbe96.pdf,sbe96.pdf,expenditure_budget
2024-2025(I),https://www.indiabudget.gov.in/budget2024-25(I)/index.php,https://www.indiabudget.gov.in/budget2024-25(I)/doc/eb/sbe96.xlsx,sbe96.xlsx,expenditure_budget
2024-2025(I),https://www.indiabudget.gov.in/budget2024-25(I)/index.php,https://www.indiabudget.gov.in/budget2024-25(I)/doc/eb/sbe97.pdf,sbe97.pdf,expenditure_budget
2024-2025(I),https://www.indiabudget.gov.in/budget2024-25(I)/index.php,https://www.indiabudget.gov.in/budget2024-25(I)/doc/eb/sbe97.xlsx,sbe97.xlsx,expenditure_budget
2024-2025(I),https://www.indiabudget.gov.in/budget2024-25(I)/index.php,https://www.indiabudget.gov.in/budget2024-25(I)/doc/eb/sbe98.pdf,sbe98.pdf,expenditure_budget
2024-2025(I),https://www.indiabudget.gov.in/budget2024-25(I)/index.php,https://www.indiabudget.gov.in/budget2024-25(I)/doc/eb/sbe98.xlsx,sbe98.xlsx,expenditure_budget
2024-2025(I),https://www.indiabudget.gov.in/budget2024-25(I)/index.php,https://www.indiabudget.gov.in/budget2024-25(I)/doc/eb/sbe99.pdf,sbe99.pdf,expenditure_budget
2024-2025(I),https://www.indiabudget.gov.in/budget2024-25(I)/index.php,https://www.indiabudget.gov.in/budget2024-25(I)/doc/eb/sbe99.xlsx,sbe99.xlsx,expenditure_budget
2024-2025(I),https://www.indiabudget.gov.in/budget2024-25(I)/index.php,https://www.indiabudget.gov.in/budget2024-25(I)/doc/eb/sbe100.pdf,sbe100.pdf,expenditure_budget
2024-2025(I),https://www.indiabudget.gov.in/budget2024-25(I)/index.php,https://www.indiabudget.gov.in/budget2024-25(I)/doc/eb/sbe100.xlsx,sbe100.xlsx,expenditure_budget
2024-2025(I),https://www.indiabudget.gov.in/budget2024-25(I)/index.php,https://www.indiabudget.gov.in/budget2024-25(I)/doc/eb/sbe101.pdf,sbe101.pdf,expenditure_budget
2024-2025(I),https://www.indiabudget.gov.in/budget2024-25(I)/index.php,https://www.indiabudget.gov.in/budget2024-25(I)/doc/eb/sbe101.xlsx,sbe101.xlsx,expenditure_budget
2024-2025(I),https://www.indiabudget.gov.in/budget2024-25(I)/index.php,https://www.indiabudget.gov.in/budget2024-25(I)/doc/eb/sbe102.pdf,sbe102.pdf,expenditure_budget
2024-2025(I),https://www.indiabudget.gov.in/budget2024-25(I)/index.php,https://www.indiabudget.gov.in/budget2024-25(I)/doc/eb/sbe102.xlsx,sbe102.xlsx,expenditure_budget
2024-2025(I),https://www.indiabudget.gov.in/budget2024-25(I)/index.php,https://www.indiabudget.gov.in/budget2024-25(I)/doc/eb/dgsum.pdf,dgsum.pdf,demands_for_grants
2024-2025(I),https://www.indiabudget.gov.in/budget2024-25(I)/index.php,https://www.indiabudget.gov.in/budget2024-25(I)/doc/eb/alldg.pdf,alldg.pdf,demands_for_grants
2024-2025(I),https://www.indiabudget.gov.in/budget2024-25(I)/index.php,https://www.indiabudget.gov.in/budget2024-25(I)/doc/eb/alldg.xls,alldg.xls,demands_for_grants
2024-2025(I),https://www.indiabudget.gov.in/budget2024-25(I)/index.php,https://www.indiabudget.gov.in/budget2024-25(I)/doc/eb/dg1.pdf,dg1.pdf,demands_for_grants
2024-2025(I),https://www.indiabudget.gov.in/budget2024-25(I)/index.php,https://www.indiabudget.gov.in/budget2024-25(I)/doc/eb/dg1.xlsx,dg1.xlsx,demands_for_grants
2024-2025(I),https://www.indiabudget.gov.in/budget2024-25(I)/index.php,https://www.indiabudget.gov.in/budget2024-25(I)/doc/eb/dg2.pdf,dg2.pdf,demands_for_grants
2024-2025(I),https://www.indiabudget.gov.in/budget2024-25(I)/index.php,https://www.indiabudget.gov.in/budget2024-25(I)/doc/eb/dg2.xlsx,dg2.xlsx,demands_for_grants
2024-2025(I),https://www.indiabudget.gov.in/budget2024-25(I)/index.php,https://www.indiabudget.gov.in/budget2024-25(I)/doc/eb/dg3.pdf,dg3.pdf,demands_for_grants
2024-2025(I),https://www.indiabudget.gov.in/budget2024-25(I)/index.php,https://www.indiabudget.gov.in/budget2024-25(I)/doc/eb/dg3.xlsx,dg3.xlsx,demands_for_grants
2024-2025(I),https://www.indiabudget.gov.in/budget2024-25(I)/index.php,https://www.indiabudget.gov.in/budget2024-25(I)/doc/eb/dg4.pdf,dg4.pdf,demands_for_grants
2024-2025(I),https://www.indiabudget.gov.in/budget2024-25(I)/index.php,https://www.indiabudget.gov.in/budget2024-25(I)/doc/eb/dg4.xlsx,dg4.xlsx,demands_for_grants
2024-2025(I),https://www.indiabudget.gov.in/budget2024-25(I)/index.php,https://www.indiabudget.gov.in/budget2024-25(I)/doc/eb/dg5.pdf,dg5.pdf,demands_for_grants
2024-2025(I),https://www.indiabudget.gov.in/budget2024-25(I)/index.php,https://www.indiabudget.gov.in/budget2024-25(I)/doc/eb/dg5.xlsx,dg5.xlsx,demands_for_grants
2024-2025(I),https://www.indiabudget.gov.in/budget2024-25(I)/index.php,https://www.indiabudget.gov.in/budget2024-25(I)/doc/eb/dg6.pdf,dg6.pdf,demands_for_grants
2024-2025(I),https://www.indiabudget.gov.in/budget2024-25(I)/index.php,https://www.indiabudget.gov.in/budget2024-25(I)/doc/eb/dg6.xlsx,dg6.xlsx,demands_for_grants
2024-2025(I),https://www.indiabudget.gov.in/budget2024-25(I)/index.php,https://www.indiabudget.gov.in/budget2024-25(I)/doc/eb/dg7.pdf,dg7.pdf,demands_for_grants
2024-2025(I),https://www.indiabudget.gov.in/budget2024-25(I)/index.php,https://www.indiabudget.gov.in/budget2024-25(I)/doc/eb/dg7.xlsx,dg7.xlsx,demands_for_grants
2024-2025(I),https://www.indiabudget.gov.in/budget2024-25(I)/index.php,https://www.indiabudget.gov.in/budget2024-25(I)/doc/eb/dg8.pdf,dg8.pdf,demands_for_grants
2024-2025(I),https://www.indiabudget.gov.in/budget2024-25(I)/index.php,https://www.indiabudget.gov.in/budget2024-25(I)/doc/eb/dg8.xlsx,dg8.xlsx,demands_for_grants
2024-2025(I),https://www.indiabudget.gov.in/budget2024-25(I)/index.php,https://www.indiabudget.gov.in/budget2024-25(I)/doc/eb/dg9.pdf,dg9.pdf,demands_for_grants
2024-2025(I),https://www.indiabudget.gov.in/budget2024-25(I)/index.php,https://www.indiabudget.gov.in/budget2024-25(I)/doc/eb/dg9.xlsx,dg9.xlsx,demands_for_grants
2024-2025(I),https://www.indiabudget.gov.in/budget2024-25(I)/index.php,https://www.indiabudget.gov.in/budget2024-25(I)/doc/eb/dg10.pdf,dg10.pdf,demands_for_grants
2024-2025(I),https://www.indiabudget.gov.in/budget2024-25(I)/index.php,https://www.indiabudget.gov.in/budget2024-25(I)/doc/eb/dg11.pdf,dg11.pdf,demands_for_grants
2024-2025(I),https://www.indiabudget.gov.in/budget2024-25(I)/index.php,https://www.indiabudget.gov.in/budget2024-25(I)/doc/eb/dg11.xlsx,dg11.xlsx,demands_for_grants
2024-2025(I),https://www.indiabudget.gov.in/budget2024-25(I)/index.php,https://www.indiabudget.gov.in/budget2024-25(I)/doc/eb/dg12.pdf,dg12.pdf,demands_for_grants
2024-2025(I),https://www.indiabudget.gov.in/budget2024-25(I)/index.php,https://www.indiabudget.gov.in/budget2024-25(I)/doc/eb/dg12.xlsx,dg12.xlsx,demands_for_grants
2024-2025(I),https://www.indiabudget.gov.in/budget2024-25(I)/index.php,https://www.indiabudget.gov.in/budget2024-25(I)/doc/eb/dg13.pdf,dg13.pdf,demands_for_grants
2024-2025(I),https://www.indiabudget.gov.in/budget2024-25(I)/index.php,https://www.indiabudget.gov.in/budget2024-25(I)/doc/eb/dg13.xlsx,dg13.xlsx,demands_for_grants
2024-2025(I),https://www.indiabudget.gov.in/budget2024-25(I)/index.php,https://www.indiabudget.gov.in/budget2024-25(I)/doc/eb/dg14.pdf,dg14.pdf,demands_for_grants
2024-2025(I),https://www.indiabudget.gov.in/budget2024-25(I)/index.php,https://www.indiabudget.gov.in/budget2024-25(I)/doc/eb/dg14.xlsx,dg14.xlsx,demands_for_grants
2024-2025(I),https://www.indiabudget.gov.in/budget2024-25(I)/index.php,https://www.indiabudget.gov.in/budget2024-25(I)/doc/eb/dg15.pdf,dg15.pdf,demands_for_grants
2024-2025(I),https://www.indiabudget.gov.in/budget2024-25(I)/index.php,https://www.indiabudget.gov.in/budget2024-25(I)/doc/eb/dg15.xlsx,dg15.xlsx,demands_for_grants
2024-2025(I),https://www.indiabudget.gov.in/budget2024-25(I)/index.php,https://www.indiabudget.gov.in/budget2024-25(I)/doc/eb/dg16.pdf,dg16.pdf,demands_for_grants
2024-2025(I),https://www.indiabudget.gov.in/budget2024-25(I)/index.php,https://www.indiabudget.gov.in/budget2024-25(I)/doc/eb/dg16.xlsx,dg16.xlsx,demands_for_grants
2024-2025(I),https://www.indiabudget.gov.in/budget2024-25(I)/index.php,https://www.indiabudget.gov.in/budget2024-25(I)/doc/eb/dg17.pdf,dg17.pdf,demands_for_grants
2024-2025(I),https://www.indiabudget.gov.in/budget2024-25(I)/index.php,https://www.indiabudget.gov.in/budget2024-25(I)/doc/eb/dg17.xlsx,dg17.xlsx,demands_for_grants
2024-2025(I),https://www.indiabudget.gov.in/budget2024-25(I)/index.php,https://www.indiabudget.gov.in/budget2024-25(I)/doc/eb/dg18.pdf,dg18.pdf,demands_for_grants
2024-2025(I),https://www.indiabudget.gov.in/budget2024-25(I)/index.php,https://www.indiabudget.gov.in/budget2024-25(I)/doc/eb/dg18.xlsx,dg18.xlsx,demands_for_grants
2024-2025(I),https://www.indiabudget.gov.in/budget2024-25(I)/index.php,https://www.indiabudget.gov.in/budget2024-25(I)/doc/eb/dg19.pdf,dg19.pdf,demands_for_grants
2024-2025(I),https://www.indiabudget.gov.in/budget2024-25(I)/index.php,https://www.indiabudget.gov.in/budget2024-25(I)/doc/eb/dg19.xlsx,dg19.xlsx,demands_for_grants
2024-2025(I),https://www.indiabudget.gov.in/budget2024-25(I)/index.php,https://www.indiabudget.gov.in/budget2024-25(I)/doc/eb/dg20.pdf,dg20.pdf,demands_for_grants
2024-2025(I),https://www.indiabudget.gov.in/budget2024-25(I)/index.php,https://www.indiabudget.gov.in/budget2024-25(I)/doc/eb/dg20.xlsx,dg20.xlsx,demands_for_grants
2024-2025(I),https://www.indiabudget.gov.in/budget2024-25(I)/index.php,https://www.indiabudget.gov.in/budget2024-25(I)/doc/eb/dg21.pdf,dg21.pdf,demands_for_grants
2024-2025(I),https://www.indiabudget.gov.in/budget2024-25(I)/index.php,https://www.indiabudget.gov.in/budget2024-25(I)/doc/eb/dg21.xlsx,dg21.xlsx,demands_for_grants
2024-2025(I),https://www.indiabudget.gov.in/budget2024-25(I)/index.php,https://www.indiabudget.gov.in/budget2024-25(I)/doc/eb/dg22.pdf,dg22.pdf,demands_for_grants
2024-2025(I),https://www.indiabudget.gov.in/budget2024-25(I)/index.php,https://www.indiabudget.gov.in/budget2024-25(I)/doc/eb/dg22.xlsx,dg22.xlsx,demands_for_grants
2024-2025(I),https://www.indiabudget.gov.in/budget2024-25(I)/index.php,https://www.indiabudget.gov.in/budget2024-25(I)/doc/eb/dg23.pdf,dg23.pdf,demands_for_grants
2024-2025(I),https://www.indiabudget.gov.in/budget2024-25(I)/index.php,https://www.indiabudget.gov.in/budget2024-25(I)/doc/eb/dg23.xlsx,dg23.xlsx,demands_for_grants
2024-2025(I),https://www.indiabudget.gov.in/budget2024-25(I)/index.php,https://www.indiabudget.gov.in/budget2024-25(I)/doc/eb/dg24.pdf,dg24.pdf,demands_for_grants
2024-2025(I),https://www.indiabudget.gov.in/budget2024-25(I)/index.php,https://www.indiabudget.gov.in/budget2024-25(I)/doc/eb/dg24.xlsx,dg24.xlsx,demands_for_grants
2024-2025(I),https://www.indiabudget.gov.in/budget2024-25(I)/index.php,https://www.indiabudget.gov.in/budget2024-25(I)/doc/eb/dg25.pdf,dg25.pdf,demands_for_grants
2024-2025(I),https://www.indiabudget.gov.in/budget2024-25(I)/index.php,https://www.indiabudget.gov.in/budget2024-25(I)/doc/eb/dg25.xlsx,dg25.xlsx,demands_for_grants
2024-2025(I),https://www.indiabudget.gov.in/budget2024-25(I)/index.php,https://www.indiabudget.gov.in/budget2024-25(I)/doc/eb/dg26.pdf,dg26.pdf,demands_for_grants
2024-2025(I),https://www.indiabudget.gov.in/budget2024-25(I)/index.php,https://www.indiabudget.gov.in/budget2024-25(I)/doc/eb/dg26.xlsx,dg26.xlsx,demands_for_grants
2024-2025(I),https://www.indiabudget.gov.in/budget2024-25(I)/index.php,https://www.indiabudget.gov.in/budget2024-25(I)/doc/eb/dg27.pdf,dg27.pdf,demands_for_grants
2024-2025(I),https://www.indiabudget.gov.in/budget2024-25(I)/index.php,https://www.indiabudget.gov.in/budget2024-25(I)/doc/eb/dg27.xlsx,dg27.xlsx,demands_for_grants
2024-2025(I),https://www.indiabudget.gov.in/budget2024-25(I)/index.php,https://www.indiabudget.gov.in/budget2024-25(I)/doc/eb/dg28.pdf,dg28.pdf,demands_for_grants
2024-2025(I),https://www.indiabudget.gov.in/budget2024-25(I)/index.php,https://www.indiabudget.gov.in/budget2024-25(I)/doc/eb/dg28.xlsx,dg28.xlsx,demands_for_grants
2024-2025(I),https://www.indiabudget.gov.in/budget2024-25(I)/index.php,https://www.indiabudget.gov.in/budget2024-25(I)/doc/eb/dg29.pdf,dg29.pdf,demands_for_grants
2024-2025(I),https://www.indiabudget.gov.in/budget2024-25(I)/index.php,https://www.indiabudget.gov.in/budget2024-25(I)/doc/eb/dg29.xlsx,dg29.xlsx,demands_for_grants
2024-2025(I),https://www.indiabudget.gov.in/budget2024-25(I)/index.php,https://www.indiabudget.gov.in/budget2024-25(I)/doc/eb/dg30.pdf,dg30.pdf,demands_for_grants
2024-2025(I),https://www.indiabudget.gov.in/budget2024-25(I)/index.php,https://www.indiabudget.gov.in/budget2024-25(I)/doc/eb/dg30.xlsx,dg30.xlsx,demands_for_grants
2024-2025(I),https://www.indiabudget.gov.in/budget2024-25(I)/index.php,https://www.indiabudget.gov.in/budget2024-25(I)/doc/eb/dg31.pdf,dg31.pdf,demands_for_grants
2024-2025(I),https://www.indiabudget.gov.in/budget2024-25(I)/index.php,https://www.indiabudget.gov.in/budget2024-25(I)/doc/eb/dg31.xlsx,dg31.xlsx,demands_for_grants
2024-2025(I),https://www.indiabudget.gov.in/budget2024-25(I)/index.php,https://www.indiabudget.gov.in/budget2024-25(I)/doc/eb/dg32.pdf,dg32.pdf,demands_for_grants
2024-2025(I),https://www.indiabudget.gov.in/budget2024-25(I)/index.php,https://www.indiabudget.gov.in/budget2024-25(I)/doc/eb/dg32.xlsx,dg32.xlsx,demands_for_grants
2024-2025(I),https://www.indiabudget.gov.in/budget2024-25(I)/index.php,https://www.indiabudget.gov.in/budget2024-25(I)/doc/eb/dg33.pdf,dg33.pdf,demands_for_grants
2024-2025(I),https://www.indiabudget.gov.in/budget2024-25(I)/index.php,https://www.indiabudget.gov.in/budget2024-25(I)/doc/eb/dg33.xlsx,dg33.xlsx,demands_for_grants
2024-2025(I),https://www.indiabudget.gov.in/budget2024-25(I)/index.php,https://www.indiabudget.gov.in/budget2024-25(I)/doc/eb/dg34.pdf,dg34.pdf,demands_for_grants
2024-2025(I),https://www.indiabudget.gov.in/budget2024-25(I)/index.php,https://www.indiabudget.gov.in/budget2024-25(I)/doc/eb/dg34.xlsx,dg34.xlsx,demands_for_grants
2024-2025(I),https://www.indiabudget.gov.in/budget2024-25(I)/index.php,https://www.indiabudget.gov.in/budget2024-25(I)/doc/eb/dg35.pdf,dg35.pdf,demands_for_grants
2024-2025(I),https://www.indiabudget.gov.in/budget2024-25(I)/index.php,https://www.indiabudget.gov.in/budget2024-25(I)/doc/eb/dg35.xlsx,dg35.xlsx,demands_for_grants
2024-2025(I),https://www.indiabudget.gov.in/budget2024-25(I)/index.php,https://www.indiabudget.gov.in/budget2024-25(I)/doc/eb/dg36.pdf,dg36.pdf,demands_for_grants
2024-2025(I),https://www.indiabudget.gov.in/budget2024-25(I)/index.php,https://www.indiabudget.gov.in/budget2024-25(I)/doc/eb/dg36.xlsx,dg36.xlsx,demands_for_grants
2024-2025(I),https://www.indiabudget.gov.in/budget2024-25(I)/index.php,https://www.indiabudget.gov.in/budget2024-25(I)/doc/eb/dg37.pdf,dg37.pdf,demands_for_grants
2024-2025(I),https://www.indiabudget.gov.in/budget2024-25(I)/index.php,https://www.indiabudget.gov.in/budget2024-25(I)/doc/eb/dg37.xlsx,dg37.xlsx,demands_for_grants
2024-2025(I),https://www.indiabudget.gov.in/budget2024-25(I)/index.php,https://www.indiabudget.gov.in/budget2024-25(I)/doc/eb/dg38.pdf,dg38.pdf,demands_for_grants
2024-2025(I),https://www.indiabudget.gov.in/budget2024-25(I)/index.php,https://www.indiabudget.gov.in/budget2024-25(I)/doc/eb/dg38.xlsx,dg38.xlsx,demands_for_grants
2024-2025(I),https://www.indiabudget.gov.in/budget2024-25(I)/index.php,https://www.indiabudget.gov.in/budget2024-25(I)/doc/eb/dg39.pdf,dg39.pdf,demands_for_grants
2024-2025(I),https://www.indiabudget.gov.in/budget2024-25(I)/index.php,https://www.indiabudget.gov.in/budget2024-25(I)/doc/eb/dg39.xlsx,dg39.xlsx,demands_for_grants
2024-2025(I),https://www.indiabudget.gov.in/budget2024-25(I)/index.php,https://www.indiabudget.gov.in/budget2024-25(I)/doc/eb/dg40.pdf,dg40.pdf,demands_for_grants
2024-2025(I),https://www.indiabudget.gov.in/budget2024-25(I)/index.php,https://www.indiabudget.gov.in/budget2024-25(I)/doc/eb/dg40.xlsx,dg40.xlsx,demands_for_grants
2024-2025(I),https://www.indiabudget.gov.in/budget2024-25(I)/index.php,https://www.indiabudget.gov.in/budget2024-25(I)/doc/eb/dg41.pdf,dg41.pdf,demands_for_grants
2024-2025(I),https://www.indiabudget.gov.in/budget2024-25(I)/index.php,https://www.indiabudget.gov.in/budget2024-25(I)/doc/eb/dg41.xlsx,dg41.xlsx,demands_for_grants
2024-2025(I),https://www.indiabudget.gov.in/budget2024-25(I)/index.php,https://www.indiabudget.gov.in/budget2024-25(I)/doc/eb/dg42.pdf,dg42.pdf,demands_for_grants
2024-2025(I),https://www.indiabudget.gov.in/budget2024-25(I)/index.php,https://www.indiabudget.gov.in/budget2024-25(I)/doc/eb/dg42.xlsx,dg42.xlsx,demands_for_grants
2024-2025(I),https://www.indiabudget.gov.in/budget2024-25(I)/index.php,https://www.indiabudget.gov.in/budget2024-25(I)/doc/eb/dg43.pdf,dg43.pdf,demands_for_grants
2024-2025(I),https://www.indiabudget.gov.in/budget2024-25(I)/index.php,https://www.indiabudget.gov.in/budget2024-25(I)/doc/eb/dg43.xlsx,dg43.xlsx,demands_for_grants
2024-2025(I),https://www.indiabudget.gov.in/budget2024-25(I)/index.php,https://www.indiabudget.gov.in/budget2024-25(I)/doc/eb/dg44.pdf,dg44.pdf,demands_for_grants
2024-2025(I),https://www.indiabudget.gov.in/budget2024-25(I)/index.php,https://www.indiabudget.gov.in/budget2024-25(I)/doc/eb/dg44.xlsx,dg44.xlsx,demands_for_grants
2024-2025(I),https://www.indiabudget.gov.in/budget2024-25(I)/index.php,https://www.indiabudget.gov.in/budget2024-25(I)/doc/eb/dg45.pdf,dg45.pdf,demands_for_grants
2024-2025(I),https://www.indiabudget.gov.in/budget2024-25(I)/index.php,https://www.indiabudget.gov.in/budget2024-25(I)/doc/eb/dg45.xlsx,dg45.xlsx,demands_for_grants
2024-2025(I),https://www.indiabudget.gov.in/budget2024-25(I)/index.php,https://www.indiabudget.gov.in/budget2024-25(I)/doc/eb/dg46.pdf,dg46.pdf,demands_for_grants
2024-2025(I),https://www.indiabudget.gov.in/budget2024-25(I)/index.php,https://www.indiabudget.gov.in/budget2024-25(I)/doc/eb/dg46.xlsx,dg46.xlsx,demands_for_grants
2024-2025(I),https://www.indiabudget.gov.in/budget2024-25(I)/index.php,https://www.indiabudget.gov.in/budget2024-25(I)/doc/eb/dg47.pdf,dg47.pdf,demands_for_grants
2024-2025(I),https://www.indiabudget.gov.in/budget2024-25(I)/index.php,https://www.indiabudget.gov.in/budget2024-25(I)/doc/eb/dg47.xlsx,dg47.xlsx,demands_for_grants
2024-2025(I),https://www.indiabudget.gov.in/budget2024-25(I)/index.php,https://www.indiabudget.gov.in/budget2024-25(I)/doc/eb/dg48.pdf,dg48.pdf,demands_for_grants
2024-2025(I),https://www.indiabudget.gov.in/budget2024-25(I)/index.php,https://www.indiabudget.gov.in/budget2024-25(I)/doc/eb/dg48.xlsx,dg48.xlsx,demands_for_grants
2024-2025(I),https://www.indiabudget.gov.in/budget2024-25(I)/index.php,https://www.indiabudget.gov.in/budget2024-25(I)/doc/eb/dg49.pdf,dg49.pdf,demands_for_grants
2024-2025(I),https://www.indiabudget.gov.in/budget2024-25(I)/index.php,https://www.indiabudget.gov.in/budget2024-25(I)/doc/eb/dg49.xlsx,dg49.xlsx,demands_for_grants
2024-2025(I),https://www.indiabudget.gov.in/budget2024-25(I)/index.php,https://www.indiabudget.gov.in/budget2024-25(I)/doc/eb/dg50.pdf,dg50.pdf,demands_for_grants
2024-2025(I),https://www.indiabudget.gov.in/budget2024-25(I)/index.php,https://www.indiabudget.gov.in/budget2024-25(I)/doc/eb/dg50.xlsx,dg50.xlsx,demands_for_grants
2024-2025(I),https://www.indiabudget.gov.in/budget2024-25(I)/index.php,https://www.indiabudget.gov.in/budget2024-25(I)/doc/eb/dg51.pdf,dg51.pdf,demands_for_grants
2024-2025(I),https://www.indiabudget.gov.in/budget2024-25(I)/index.php,https://www.indiabudget.gov.in/budget2024-25(I)/doc/eb/dg51.xlsx,dg51.xlsx,demands_for_grants
2024-2025(I),https://www.indiabudget.gov.in/budget2024-25(I)/index.php,https://www.indiabudget.gov.in/budget2024-25(I)/doc/eb/dg52.pdf,dg52.pdf,demands_for_grants
2024-2025(I),https://www.indiabudget.gov.in/budget2024-25(I)/index.php,https://www.indiabudget.gov.in/budget2024-25(I)/doc/eb/dg52.xlsx,dg52.xlsx,demands_for_grants
2024-2025(I),https://www.indiabudget.gov.in/budget2024-25(I)/index.php,https://www.indiabudget.gov.in/budget2024-25(I)/doc/eb/dg53.pdf,dg53.pdf,demands_for_grants
2024-2025(I),https://www.indiabudget.gov.in/budget2024-25(I)/index.php,https://www.indiabudget.gov.in/budget2024-25(I)/doc/eb/dg53.xlsx,dg53.xlsx,demands_for_grants
2024-2025(I),https://www.indiabudget.gov.in/budget2024-25(I)/index.php,https://www.indiabudget.gov.in/budget2024-25(I)/doc/eb/dg54.pdf,dg54.pdf,demands_for_grants
2024-2025(I),https://www.indiabudget.gov.in/budget2024-25(I)/index.php,https://www.indiabudget.gov.in/budget2024-25(I)/doc/eb/dg54.xlsx,dg54.xlsx,demands_for_grants
2024-2025(I),https://www.indiabudget.gov.in/budget2024-25(I)/index.php,https://www.indiabudget.gov.in/budget2024-25(I)/doc/eb/dg55.pdf,dg55.pdf,demands_for_grants
2024-2025(I),https://www.indiabudget.gov.in/budget2024-25(I)/index.php,https://www.indiabudget.gov.in/budget2024-25(I)/doc/eb/dg55.xlsx,dg55.xlsx,demands_for_grants
2024-2025(I),https://www.indiabudget.gov.in/budget2024-25(I)/index.php,https://www.indiabudget.gov.in/budget2024-25(I)/doc/eb/dg56.pdf,dg56.pdf,demands_for_grants
2024-2025(I),https://www.indiabudget.gov.in/budget2024-25(I)/index.php,https://www.indiabudget.gov.in/budget2024-25(I)/doc/eb/dg56.xlsx,dg56.xlsx,demands_for_grants
2024-2025(I),https://www.indiabudget.gov.in/budget2024-25(I)/index.php,https://www.indiabudget.gov.in/budget2024-25(I)/doc/eb/dg57.pdf,dg57.pdf,demands_for_grants
2024-2025(I),https://www.indiabudget.gov.in/budget2024-25(I)/index.php,https://www.indiabudget.gov.in/budget2024-25(I)/doc/eb/dg57.xlsx,dg57.xlsx,demands_for_grants
2024-2025(I),https://www.indiabudget.gov.in/budget2024-25(I)/index.php,https://www.indiabudget.gov.in/budget2024-25(I)/doc/eb/dg58.pdf,dg58.pdf,demands_for_grants
2024-2025(I),https://www.indiabudget.gov.in/budget2024-25(I)/index.php,https://www.indiabudget.gov.in/budget2024-25(I)/doc/eb/dg58.xlsx,dg58.xlsx,demands_for_grants
2024-2025(I),https://www.indiabudget.gov.in/budget2024-25(I)/index.php,https://www.indiabudget.gov.in/budget2024-25(I)/doc/eb/dg59.pdf,dg59.pdf,demands_for_grants
2024-2025(I),https://www.indiabudget.gov.in/budget2024-25(I)/index.php,https://www.indiabudget.gov.in/budget2024-25(I)/doc/eb/dg59.xlsx,dg59.xlsx,demands_for_grants
2024-2025(I),https://www.indiabudget.gov.in/budget2024-25(I)/index.php,https://www.indiabudget.gov.in/budget2024-25(I)/doc/eb/dg60.pdf,dg60.pdf,demands_for_grants
2024-2025(I),https://www.indiabudget.gov.in/budget2024-25(I)/index.php,https://www.indiabudget.gov.in/budget2024-25(I)/doc/eb/dg60.xlsx,dg60.xlsx,demands_for_grants
2024-2025(I),https://www.indiabudget.gov.in/budget2024-25(I)/index.php,https://www.indiabudget.gov.in/budget2024-25(I)/doc/eb/dg61.pdf,dg61.pdf,demands_for_grants
2024-2025(I),https://www.indiabudget.gov.in/budget2024-25(I)/index.php,https://www.indiabudget.gov.in/budget2024-25(I)/doc/eb/dg61.xlsx,dg61.xlsx,demands_for_grants
2024-2025(I),https://www.indiabudget.gov.in/budget2024-25(I)/index.php,https://www.indiabudget.gov.in/budget2024-25(I)/doc/eb/dg62.pdf,dg62.pdf,demands_for_grants
2024-2025(I),https://www.indiabudget.gov.in/budget2024-25(I)/index.php,https://www.indiabudget.gov.in/budget2024-25(I)/doc/eb/dg62.xlsx,dg62.xlsx,demands_for_grants
2024-2025(I),https://www.indiabudget.gov.in/budget2024-25(I)/index.php,https://www.indiabudget.gov.in/budget2024-25(I)/doc/eb/dg63.pdf,dg63.pdf,demands_for_grants
2024-2025(I),https://www.indiabudget.gov.in/budget2024-25(I)/index.php,https://www.indiabudget.gov.in/budget2024-25(I)/doc/eb/dg63.xlsx,dg63.xlsx,demands_for_grants
2024-2025(I),https://www.indiabudget.gov.in/budget2024-25(I)/index.php,https://www.indiabudget.gov.in/budget2024-25(I)/doc/eb/dg64.pdf,dg64.pdf,demands_for_grants
2024-2025(I),https://www.indiabudget.gov.in/budget2024-25(I)/index.php,https://www.indiabudget.gov.in/budget2024-25(I)/doc/eb/dg64.xlsx,dg64.xlsx,demands_for_grants
2024-2025(I),https://www.indiabudget.gov.in/budget2024-25(I)/index.php,https://www.indiabudget.gov.in/budget2024-25(I)/doc/eb/dg65.pdf,dg65.pdf,demands_for_grants
2024-2025(I),https://www.indiabudget.gov.in/budget2024-25(I)/index.php,https://www.indiabudget.gov.in/budget2024-25(I)/doc/eb/dg66.pdf,dg66.pdf,demands_for_grants
2024-2025(I),https://www.indiabudget.gov.in/budget2024-25(I)/index.php,https://www.indiabudget.gov.in/budget2024-25(I)/doc/eb/dg66.xlsx,dg66.xlsx,demands_for_grants
2024-2025(I),https://www.indiabudget.gov.in/budget2024-25(I)/index.php,https://www.indiabudget.gov.in/budget2024-25(I)/doc/eb/dg67.pdf,dg67.pdf,demands_for_grants
2024-2025(I),https://www.indiabudget.gov.in/budget2024-25(I)/index.php,https://www.indiabudget.gov.in/budget2024-25(I)/doc/eb/dg67.xlsx,dg67.xlsx,demands_for_grants
2024-2025(I),https://www.indiabudget.gov.in/budget2024-25(I)/index.php,https://www.indiabudget.gov.in/budget2024-25(I)/doc/eb/dg68.pdf,dg68.pdf,demands_for_grants
2024-2025(I),https://www.indiabudget.gov.in/budget2024-25(I)/index.php,https://www.indiabudget.gov.in/budget2024-25(I)/doc/eb/dg68.xlsx,dg68.xlsx,demands_for_grants
2024-2025(I),https://www.indiabudget.gov.in/budget2024-25(I)/index.php,https://www.indiabudget.gov.in/budget2024-25(I)/doc/eb/dg69.pdf,dg69.pdf,demands_for_grants
2024-2025(I),https://www.indiabudget.gov.in/budget2024-25(I)/index.php,https://www.indiabudget.gov.in/budget2024-25(I)/doc/eb/dg69.xlsx,dg69.xlsx,demands_for_grants
2024-2025(I),https://www.indiabudget.gov.in/budget2024-25(I)/index.php,https://www.indiabudget.gov.in/budget2024-25(I)/doc/eb/dg70.pdf,dg70.pdf,demands_for_grants
2024-2025(I),https://www.indiabudget.gov.in/budget2024-25(I)/index.php,https://www.indiabudget.gov.in/budget2024-25(I)/doc/eb/dg70.xlsx,dg70.xlsx,demands_for_grants
2024-2025(I),https://www.indiabudget.gov.in/budget2024-25(I)/index.php,https://www.indiabudget.gov.in/budget2024-25(I)/doc/eb/dg71.pdf,dg71.pdf,demands_for_grants
2024-2025(I),https://www.indiabudget.gov.in/budget2024-25(I)/index.php,https://www.indiabudget.gov.in/budget2024-25(I)/doc/eb/dg71.xlsx,dg71.xlsx,demands_for_grants
2024-2025(I),https://www.indiabudget.gov.in/budget2024-25(I)/index.php,https://www.indiabudget.gov.in/budget2024-25(I)/doc/eb/dg72.pdf,dg72.pdf,demands_for_grants
2024-2025(I),https://www.indiabudget.gov.in/budget2024-25(I)/index.php,https://www.indiabudget.gov.in/budget2024-25(I)/doc/eb/dg72.xlsx,dg72.xlsx,demands_for_grants
2024-2025(I),https://www.indiabudget.gov.in/budget2024-25(I)/index.php,https://www.indiabudget.gov.in/budget2024-25(I)/doc/eb/dg73.pdf,dg73.pdf,demands_for_grants
2024-2025(I),https://www.indiabudget.gov.in/budget2024-25(I)/index.php,https://www.indiabudget.gov.in/budget2024-25(I)/doc/eb/dg73.xlsx,dg73.xlsx,demands_for_grants
2024-2025(I),https://www.indiabudget.gov.in/budget2024-25(I)/index.php,https://www.indiabudget.gov.in/budget2024-25(I)/doc/eb/dg74.pdf,dg74.pdf,demands_for_grants
2024-2025(I),https://www.indiabudget.gov.in/budget2024-25(I)/index.php,https://www.indiabudget.gov.in/budget2024-25(I)/doc/eb/dg74.xlsx,dg74.xlsx,demands_for_grants
2024-2025(I),https://www.indiabudget.gov.in/budget2024-25(I)/index.php,https://www.indiabudget.gov.in/budget2024-25(I)/doc/eb/dg75.pdf,dg75.pdf,demands_for_grants
2024-2025(I),https://www.indiabudget.gov.in/budget2024-25(I)/index.php,https://www.indiabudget.gov.in/budget2024-25(I)/doc/eb/dg75.xlsx,dg75.xlsx,demands_for_grants
2024-2025(I),https://www.indiabudget.gov.in/budget2024-25(I)/index.php,https://www.indiabudget.gov.in/budget2024-25(I)/doc/eb/dg76.pdf,dg76.pdf,demands_for_grants
2024-2025(I),https://www.indiabudget.gov.in/budget2024-25(I)/index.php,https://www.indiabudget.gov.in/budget2024-25(I)/doc/eb/dg76.xlsx,dg76.xlsx,demands_for_grants
2024-2025(I),https://www.indiabudget.gov.in/budget2024-25(I)/index.php,https://www.indiabudget.gov.in/budget2024-25(I)/doc/eb/dg77.pdf,dg77.pdf,demands_for_grants
2024-2025(I),https://www.indiabudget.gov.in/budget2024-25(I)/index.php,https://www.indiabudget.gov.in/budget2024-25(I)/doc/eb/dg77.xlsx,dg77.xlsx,demands_for_grants
2024-2025(I),https://www.indiabudget.gov.in/budget2024-25(I)/index.php,https://www.indiabudget.gov.in/budget2024-25(I)/doc/eb/dg78.pdf,dg78.pdf,demands_for_grants
2024-2025(I),https://www.indiabudget.gov.in/budget2024-25(I)/index.php,https://www.indiabudget.gov.in/budget2024-25(I)/doc/eb/dg78.xlsx,dg78.xlsx,demands_for_grants
2024-2025(I),https://www.indiabudget.gov.in/budget2024-25(I)/index.php,https://www.indiabudget.gov.in/budget2024-25(I)/doc/eb/dg79.pdf,dg79.pdf,demands_for_grants
2024-2025(I),https://www.indiabudget.gov.in/budget2024-25(I)/index.php,https://www.indiabudget.gov.in/budget2024-25(I)/doc/eb/dg79.xlsx,dg79.xlsx,demands_for_grants
2024-2025(I),https://www.indiabudget.gov.in/budget2024-25(I)/index.php,https://www.indiabudget.gov.in/budget2024-25(I)/doc/eb/dg80.pdf,dg80.pdf,demands_for_grants
2024-2025(I),https://www.indiabudget.gov.in/budget2024-25(I)/index.php,https://www.indiabudget.gov.in/budget2024-25(I)/doc/eb/dg80.xlsx,dg80.xlsx,demands_for_grants
2024-2025(I),https://www.indiabudget.gov.in/budget2024-25(I)/index.php,https://www.indiabudget.gov.in/budget2024-25(I)/doc/eb/dg81.pdf,dg81.pdf,demands_for_grants
2024-2025(I),https://www.indiabudget.gov.in/budget2024-25(I)/index.php,https://www.indiabudget.gov.in/budget2024-25(I)/doc/eb/dg81.xlsx,dg81.xlsx,demands_for_grants
2024-2025(I),https://www.indiabudget.gov.in/budget2024-25(I)/index.php,https://www.indiabudget.gov.in/budget2024-25(I)/doc/eb/dg82.pdf,dg82.pdf,demands_for_grants
2024-2025(I),https://www.indiabudget.gov.in/budget2024-25(I)/index.php,https://www.indiabudget.gov.in/budget2024-25(I)/doc/eb/dg82.xlsx,dg82.xlsx,demands_for_grants
2024-2025(I),https://www.indiabudget.gov.in/budget2024-25(I)/index.php,https://www.indiabudget.gov.in/budget2024-25(I)/doc/eb/dg83.pdf,dg83.pdf,demands_for_grants
2024-2025(I),https://www.indiabudget.gov.in/budget2024-25(I)/index.php,https://www.indiabudget.gov.in/budget2024-25(I)/doc/eb/dg83.xlsx,dg83.xlsx,demands_for_grants
2024-2025(I),https://www.indiabudget.gov.in/budget2024-25(I)/index.php,https://www.indiabudget.gov.in/budget2024-25(I)/doc/eb/dg84.pdf,dg84.pdf,demands_for_grants
2024-2025(I),https://www.indiabudget.gov.in/budget2024-25(I)/index.php,https://www.indiabudget.gov.in/budget2024-25(I)/doc/eb/dg84.xlsx,dg84.xlsx,demands_for_grants
2024-2025(I),https://www.indiabudget.gov.in/budget2024-25(I)/index.php,https://www.indiabudget.gov.in/budget2024-25(I)/doc/eb/dg85.pdf,dg85.pdf,demands_for_grants
2024-2025(I),https://www.indiabudget.gov.in/budget2024-25(I)/index.php,https://www.indiabudget.gov.in/budget2024-25(I)/doc/eb/dg85.xlsx,dg85.xlsx,demands_for_grants
2024-2025(I),https://www.indiabudget.gov.in/budget2024-25(I)/index.php,https://www.indiabudget.gov.in/budget2024-25(I)/doc/eb/dg86.pdf,dg86.pdf,demands_for_grants
2024-2025(I),https://www.indiabudget.gov.in/budget2024-25(I)/index.php,https://www.indiabudget.gov.in/budget2024-25(I)/doc/eb/dg86.xlsx,dg86.xlsx,demands_for_grants
2024-2025(I),https://www.indiabudget.gov.in/budget2024-25(I)/index.php,https://www.indiabudget.gov.in/budget2024-25(I)/doc/eb/dg87.pdf,dg87.pdf,demands_for_grants
2024-2025(I),https://www.indiabudget.gov.in/budget2024-25(I)/index.php,https://www.indiabudget.gov.in/budget2024-25(I)/doc/eb/dg87.xlsx,dg87.xlsx,demands_for_grants
2024-2025(I),https://www.indiabudget.gov.in/budget2024-25(I)/index.php,https://www.indiabudget.gov.in/budget2024-25(I)/doc/eb/dg88.pdf,dg88.pdf,demands_for_grants
2024-2025(I),https://www.indiabudget.gov.in/budget2024-25(I)/index.php,https://www.indiabudget.gov.in/budget2024-25(I)/doc/eb/dg88.xlsx,dg88.xlsx,demands_for_grants
2024-2025(I),https://www.indiabudget.gov.in/budget2024-25(I)/index.php,https://www.indiabudget.gov.in/budget2024-25(I)/doc/eb/dg89.pdf,dg89.pdf,demands_for_grants
2024-2025(I),https://www.indiabudget.gov.in/budget2024-25(I)/index.php,https://www.indiabudget.gov.in/budget2024-25(I)/doc/eb/dg89.xlsx,dg89.xlsx,demands_for_grants
2024-2025(I),https://www.indiabudget.gov.in/budget2024-25(I)/index.php,https://www.indiabudget.gov.in/budget2024-25(I)/doc/eb/dg90.pdf,dg90.pdf,demands_for_grants
2024-2025(I),https://www.indiabudget.gov.in/budget2024-25(I)/index.php,https://www.indiabudget.gov.in/budget2024-25(I)/doc/eb/dg90.xlsx,dg90.xlsx,demands_for_grants
2024-2025(I),https://www.indiabudget.gov.in/budget2024-25(I)/index.php,https://www.indiabudget.gov.in/budget2024-25(I)/doc/eb/dg91.pdf,dg91.pdf,demands_for_grants
2024-2025(I),https://www.indiabudget.gov.in/budget2024-25(I)/index.php,https://www.indiabudget.gov.in/budget2024-25(I)/doc/eb/dg91.xlsx,dg91.xlsx,demands_for_grants
2024-2025(I),https://www.indiabudget.gov.in/budget2024-25(I)/index.php,https://www.indiabudget.gov.in/budget2024-25(I)/doc/eb/dg92.pdf,dg92.pdf,demands_for_grants
2024-2025(I),https://www.indiabudget.gov.in/budget2024-25(I)/index.php,https://www.indiabudget.gov.in/budget2024-25(I)/doc/eb/dg92.xlsx,dg92.xlsx,demands_for_grants
2024-2025(I),https://www.indiabudget.gov.in/budget2024-25(I)/index.php,https://www.indiabudget.gov.in/budget2024-25(I)/doc/eb/dg93.pdf,dg93.pdf,demands_for_grants
2024-2025(I),https://www.indiabudget.gov.in/budget2024-25(I)/index.php,https://www.indiabudget.gov.in/budget2024-25(I)/doc/eb/dg93.xlsx,dg93.xlsx,demands_for_grants
2024-2025(I),https://www.indiabudget.gov.in/budget2024-25(I)/index.php,https://www.indiabudget.gov.in/budget2024-25(I)/doc/eb/dg94.pdf,dg94.pdf,demands_for_grants
2024-2025(I),https://www.indiabudget.gov.in/budget2024-25(I)/index.php,https://www.indiabudget.gov.in/budget2024-25(I)/doc/eb/dg94.xlsx,dg94.xlsx,demands_for_grants
2024-2025(I),https://www.indiabudget.gov.in/budget2024-25(I)/index.php,https://www.indiabudget.gov.in/budget2024-25(I)/doc/eb/dg95.pdf,dg95.pdf,demands_for_grants
2024-2025(I),https://www.indiabudget.gov.in/budget2024-25(I)/index.php,https://www.indiabudget.gov.in/budget2024-25(I)/doc/eb/dg95.xlsx,dg95.xlsx,demands_for_grants
2024-2025(I),https://www.indiabudget.gov.in/budget2024-25(I)/index.php,https://www.indiabudget.gov.in/budget2024-25(I)/doc/eb/dg96.pdf,dg96.pdf,demands_for_grants
2024-2025(I),https://www.indiabudget.gov.in/budget2024-25(I)/index.php,https://www.indiabudget.gov.in/budget2024-25(I)/doc/eb/dg96.xlsx,dg96.xlsx,demands_for_grants
2024-2025(I),https://www.indiabudget.gov.in/budget2024-25(I)/index.php,https://www.indiabudget.gov.in/budget2024-25(I)/doc/eb/dg97.pdf,dg97.pdf,demands_for_grants
2024-2025(I),https://www.indiabudget.gov.in/budget2024-25(I)/index.php,https://www.indiabudget.gov.in/budget2024-25(I)/doc/eb/dg97.xlsx,dg97.xlsx,demands_for_grants
2024-2025(I),https://www.indiabudget.gov.in/budget2024-25(I)/index.php,https://www.indiabudget.gov.in/budget2024-25(I)/doc/eb/dg98.pdf,dg98.pdf,demands_for_grants
2024-2025(I),https://www.indiabudget.gov.in/budget2024-25(I)/index.php,https://www.indiabudget.gov.in/budget2024-25(I)/doc/eb/dg98.xlsx,dg98.xlsx,demands_for_grants
2024-2025(I),https://www.indiabudget.gov.in/budget2024-25(I)/index.php,https://www.indiabudget.gov.in/budget2024-25(I)/doc/eb/dg99.pdf,dg99.pdf,demands_for_grants
2024-2025(I),https://www.indiabudget.gov.in/budget2024-25(I)/index.php,https://www.indiabudget.gov.in/budget2024-25(I)/doc/eb/dg99.xlsx,dg99.xlsx,demands_for_grants
2024-2025(I),https://www.indiabudget.gov.in/budget2024-25(I)/index.php,https://www.indiabudget.gov.in/budget2024-25(I)/doc/eb/dg100.pdf,dg100.pdf,demands_for_grants
2024-2025(I),https://www.indiabudget.gov.in/budget2024-25(I)/index.php,https://www.indiabudget.gov.in/budget2024-25(I)/doc/eb/dg100.xlsx,dg100.xlsx,demands_for_grants
2024-2025(I),https://www.indiabudget.gov.in/budget2024-25(I)/index.php,https://www.indiabudget.gov.in/budget2024-25(I)/doc/eb/dg101.pdf,dg101.pdf,demands_for_grants
2024-2025(I),https://www.indiabudget.gov.in/budget2024-25(I)/index.php,https://www.indiabudget.gov.in/budget2024-25(I)/doc/eb/dg101.xlsx,dg101.xlsx,demands_for_grants
2024-2025(I),https://www.indiabudget.gov.in/budget2024-25(I)/index.php,https://www.indiabudget.gov.in/budget2024-25(I)/doc/eb/dg102.pdf,dg102.pdf,demands_for_grants
2024-2025(I),https://www.indiabudget.gov.in/budget2024-25(I)/index.php,https://www.indiabudget.gov.in/budget2024-25(I)/doc/eb/dg102.xlsx,dg102.xlsx,demands_for_grants
2024-2025(I),https://www.indiabudget.gov.in/budget2024-25(I)/index.php,https://www.indiabudget.gov.in/budget2024-25(I)/doc/rec/allrec.pdf,allrec.pdf,demands_for_grants
2024-2025(I),https://www.indiabudget.gov.in/budget2024-25(I)/index.php,https://www.indiabudget.gov.in/budget2024-25(I)/doc/rec/int.pdf,int.pdf,demands_for_grants
2024-2025(I),https://www.indiabudget.gov.in/budget2024-25(I)/index.php,https://www.indiabudget.gov.in/budget2024-25(I)/doc/rec/ar.pdf,ar.pdf,demands_for_grants
2024-2025(I),https://www.indiabudget.gov.in/budget2024-25(I)/index.php,https://www.indiabudget.gov.in/budget2024-25(I)/doc/rec/tr.pdf,tr.pdf,demands_for_grants
2024-2025(I),https://www.indiabudget.gov.in/budget2024-25(I)/index.php,https://www.indiabudget.gov.in/budget2024-25(I)/doc/rec/tr.xls,tr.xls,demands_for_grants
2024-2025(I),https://www.indiabudget.gov.in/budget2024-25(I)/index.php,https://www.indiabudget.gov.in/budget2024-25(I)/doc/rec/ntr.pdf,ntr.pdf,demands_for_grants
2024-2025(I),https://www.indiabudget.gov.in/budget2024-25(I)/index.php,https://www.indiabudget.gov.in/budget2024-25(I)/doc/rec/ntr.xls,ntr.xls,demands_for_grants
2024-2025(I),https://www.indiabudget.gov.in/budget2024-25(I)/index.php,https://www.indiabudget.gov.in/budget2024-25(I)/doc/rec/cr.pdf,cr.pdf,demands_for_grants
2024-2025(I),https://www.indiabudget.gov.in/budget2024-25(I)/index.php,https://www.indiabudget.gov.in/budget2024-25(I)/doc/rec/cr.xls,cr.xls,demands_for_grants
2024-2025(I),https://www.indiabudget.gov.in/budget2024-25(I)/index.php,https://www.indiabudget.gov.in/budget2024-25(I)/doc/rec/annex1.pdf,annex1.pdf,demands_for_grants
2024-2025(I),https://www.indiabudget.gov.in/budget2024-25(I)/index.php,https://www.indiabudget.gov.in/budget2024-25(I)/doc/rec/annex2.pdf,annex2.pdf,demands_for_grants
2024-2025(I),https://www.indiabudget.gov.in/budget2024-25(I)/index.php,https://www.indiabudget.gov.in/budget2024-25(I)/doc/rec/annex3.pdf,annex3.pdf,demands_for_grants
2024-2025(I),https://www.indiabudget.gov.in/budget2024-25(I)/index.php,https://www.indiabudget.gov.in/budget2024-25(I)/doc/rec/annex4.pdf,annex4.pdf,demands_for_grants
2024-2025(I),https://www.indiabudget.gov.in/budget2024-25(I)/index.php,https://www.indiabudget.gov.in/budget2024-25(I)/doc/rec/annex4a.pdf,annex4a.pdf,demands_for_grants
2024-2025(I),https://www.indiabudget.gov.in/budget2024-25(I)/index.php,https://www.indiabudget.gov.in/budget2024-25(I)/doc/rec/annex4b.pdf,annex4b.pdf,demands_for_grants
2024-2025(I),https://www.indiabudget.gov.in/budget2024-25(I)/index.php,https://www.indiabudget.gov.in/budget2024-25(I)/doc/rec/annex5.pdf,annex5.pdf,demands_for_grants
2024-2025(I),https://www.indiabudget.gov.in/budget2024-25(I)/index.php,https://www.indiabudget.gov.in/budget2024-25(I)/doc/rec/annex6.pdf,annex6.pdf,demands_for_grants
2024-2025(I),https://www.indiabudget.gov.in/budget2024-25(I)/index.php,https://www.indiabudget.gov.in/budget2024-25(I)/doc/rec/annex8.pdf,annex8.pdf,demands_for_grants
2024-2025(I),https://www.indiabudget.gov.in/budget2024-25(I)/index.php,https://www.indiabudget.gov.in/budget2024-25(I)/doc/rec/annex9.pdf,annex9.pdf,demands_for_grants
2024-2025(I),https://www.indiabudget.gov.in/budget2024-25(I)/index.php,https://www.indiabudget.gov.in/budget2024-25(I)/doc/rec/annex91.pdf,annex91.pdf,demands_for_grants
2024-2025(I),https://www.indiabudget.gov.in/budget2024-25(I)/index.php,https://www.indiabudget.gov.in/budget2024-25(I)/doc/rec/annex92.pdf,annex92.pdf,demands_for_grants
2024-2025(I),https://www.indiabudget.gov.in/budget2024-25(I)/index.php,https://www.indiabudget.gov.in/budget2024-25(I)/doc/rec/annex93.pdf,annex93.pdf,demands_for_grants
2024-2025(I),https://www.indiabudget.gov.in/budget2024-25(I)/index.php,https://www.indiabudget.gov.in/budget2024-25(I)/doc/rec/annex94.pdf,annex94.pdf,demands_for_grants
2024-2025(I),https://www.indiabudget.gov.in/budget2024-25(I)/index.php,https://www.indiabudget.gov.in/budget2024-25(I)/doc/rec/annex10.pdf,annex10.pdf,demands_for_grants
2024-2025(I),https://www.indiabudget.gov.in/budget2024-25(I)/index.php,https://www.indiabudget.gov.in/budget2024-25(I)/doc/rec/annex10a.pdf,annex10a.pdf,demands_for_grants
2024-2025(I),https://www.indiabudget.gov.in/budget2024-25(I)/index.php,https://www.indiabudget.gov.in/budget2024-25(I)/doc/rec/annex10b.pdf,annex10b.pdf,demands_for_grants
2024-2025(I),https://www.indiabudget.gov.in/budget2024-25(I)/index.php,https://www.indiabudget.gov.in/budget2024-25(I)/doc/rec/annex10c.pdf,annex10c.pdf,demands_for_grants
2024-2025(I),https://www.indiabudget.gov.in/budget2024-25(I)/index.php,https://www.indiabudget.gov.in/budget2024-25(I)/doc/rec/annex10d.pdf,annex10d.pdf,demands_for_grants
2024-2025(I),https://www.indiabudget.gov.in/budget2024-25(I)/index.php,https://www.indiabudget.gov.in/budget2024-25(I)/doc/rec/annex10e.pdf,annex10e.pdf,demands_for_grants
2024-2025(I),https://www.indiabudget.gov.in/budget2024-25(I)/index.php,https://www.indiabudget.gov.in/budget2024-25(I)/doc/rec/annex10f.pdf,annex10f.pdf,demands_for_grants
2024-2025(I),https://www.indiabudget.gov.in/budget2024-25(I)/index.php,https://www.indiabudget.gov.in/budget2024-25(I)/doc/rec/annex10g.pdf,annex10g.pdf,demands_for_grants
2024-2025(I),https://www.indiabudget.gov.in/budget2024-25(I)/index.php,https://www.indiabudget.gov.in/budget2024-25(I)/doc/rec/annex10h.pdf,annex10h.pdf,demands_for_grants
2024-2025(I),https://www.indiabudget.gov.in/budget2024-25(I)/index.php,https://www.indiabudget.gov.in/budget2024-25(I)/doc/rec/annex10i.pdf,annex10i.pdf,demands_for_grants
2024-2025(I),https://www.indiabudget.gov.in/budget2024-25(I)/index.php,https://www.indiabudget.gov.in/budget2024-25(I)/doc/rec/annex10j.pdf,annex10j.pdf,demands_for_grants
2024-2025(I),https://www.indiabudget.gov.in/budget2024-25(I)/index.php,https://www.indiabudget.gov.in/budget2024-25(I)/doc/rec/annex11.pdf,annex11.pdf,demands_for_grants
2024-2025(I),https://www.indiabudget.gov.in/budget2024-25(I)/index.php,https://www.indiabudget.gov.in/budget2024-25(I)/doc/rec/annex12.pdf,annex12.pdf,demands_for_grants
2024-2025(I),https://www.indiabudget.gov.in/budget2024-25(I)/index.php,https://www.indiabudget.gov.in/budget2024-25(I)/doc/rec/annex13.pdf,annex13.pdf,demands_for_grants
2024-2025(I),https://www.indiabudget.gov.in/budget2024-25(I)/index.php,https://www.indiabudget.gov.in/budget2024-25(I)/doc/rec/annex14.pdf,annex14.pdf,demands_for_grants
2023-2024,https://www.indiabudget.gov.in/budget2023-24/index.php,https://www.indiabudget.gov.in/budget2023-24/doc/bh1.pdf,bh1.pdf,demands_for_grants
2023-2024,https://www.indiabudget.gov.in/budget2023-24/index.php,https://www.indiabudget.gov.in/budget2023-24/doc/Key_to_Budget_Document_2023.pdf,Key_to_Budget_Document_2023.pdf,full_budget_document
2023-2024,https://www.indiabudget.gov.in/budget2023-24/index.php,https://www.indiabudget.gov.in/budget2023-24/doc/AFS/allafs.pdf,allafs.pdf,demands_for_grants
2023-2024,https://www.indiabudget.gov.in/budget2023-24/index.php,https://www.indiabudget.gov.in/budget2023-24/doc/AFS/allafs.xls,allafs.xls,demands_for_grants
2023-2024,https://www.indiabudget.gov.in/budget2023-24/index.php,https://www.indiabudget.gov.in/budget2023-24/doc/AFS/afs1.pdf,afs1.pdf,demands_for_grants
2023-2024,https://www.indiabudget.gov.in/budget2023-24/index.php,https://www.indiabudget.gov.in/budget2023-24/doc/AFS/afs1.xls,afs1.xls,demands_for_grants
2023-2024,https://www.indiabudget.gov.in/budget2023-24/index.php,https://www.indiabudget.gov.in/budget2023-24/doc/AFS/afs2.pdf,afs2.pdf,demands_for_grants
2023-2024,https://www.indiabudget.gov.in/budget2023-24/index.php,https://www.indiabudget.gov.in/budget2023-24/doc/AFS/afs2.xls,afs2.xls,demands_for_grants
2023-2024,https://www.indiabudget.gov.in/budget2023-24/index.php,https://www.indiabudget.gov.in/budget2023-24/doc/AFS/afs3.pdf,afs3.pdf,demands_for_grants
2023-2024,https://www.indiabudget.gov.in/budget2023-24/index.php,https://www.indiabudget.gov.in/budget2023-24/doc/AFS/afs3.xls,afs3.xls,demands_for_grants
2023-2024,https://www.indiabudget.gov.in/budget2023-24/index.php,https://www.indiabudget.gov.in/budget2023-24/doc/AFS/afs4.pdf,afs4.pdf,demands_for_grants
2023-2024,https://www.indiabudget.gov.in/budget2023-24/index.php,https://www.indiabudget.gov.in/budget2023-24/doc/AFS/afs4.xls,afs4.xls,demands_for_grants
2023-2024,https://www.indiabudget.gov.in/budget2023-24/index.php,https://www.indiabudget.gov.in/budget2023-24/doc/AFS/afs5.pdf,afs5.pdf,demands_for_grants
2023-2024,https://www.indiabudget.gov.in/budget2023-24/index.php,https://www.indiabudget.gov.in/budget2023-24/doc/AFS/afs5.xls,afs5.xls,demands_for_grants
2023-2024,https://www.indiabudget.gov.in/budget2023-24/index.php,https://www.indiabudget.gov.in/budget2023-24/doc/AFS/afs6.pdf,afs6.pdf,demands_for_grants
2023-2024,https://www.indiabudget.gov.in/budget2023-24/index.php,https://www.indiabudget.gov.in/budget2023-24/doc/AFS/afs6.xls,afs6.xls,demands_for_grants
2023-2024,https://www.indiabudget.gov.in/budget2023-24/index.php,https://www.indiabudget.gov.in/budget2023-24/doc/AFS/afs7.pdf,afs7.pdf,demands_for_grants
2023-2024,https://www.indiabudget.gov.in/budget2023-24/index.php,https://www.indiabudget.gov.in/budget2023-24/doc/AFS/afs7.xls,afs7.xls,demands_for_grants
2023-2024,https://www.indiabudget.gov.in/budget2023-24/index.php,https://www.indiabudget.gov.in/budget2023-24/doc/AFS/afs8.pdf,afs8.pdf,demands_for_grants
2023-2024,https://www.indiabudget.gov.in/budget2023-24/index.php,https://www.indiabudget.gov.in/budget2023-24/doc/AFS/afs8.xls,afs8.xls,demands_for_grants
2023-2024,https://www.indiabudget.gov.in/budget2023-24/index.php,https://www.indiabudget.gov.in/budget2023-24/doc/AFS/afs9.pdf,afs9.pdf,demands_for_grants
2023-2024,https://www.indiabudget.gov.in/budget2023-24/index.php,https://www.indiabudget.gov.in/budget2023-24/doc/AFS/afs9.xls,afs9.xls,demands_for_grants
2023-2024,https://www.indiabudget.gov.in/budget2023-24/index.php,https://www.indiabudget.gov.in/budget2023-24/doc/memo.pdf,memo.pdf,demands_for_grants
2023-2024,https://www.indiabudget.gov.in/budget2023-24/index.php,https://www.indiabudget.gov.in/budget2023-24/doc/Finance_Bill.pdf,Finance_Bill.pdf,demands_for_grants
2023-2024,https://www.indiabudget.gov.in/budget2023-24/index.php,https://www.indiabudget.gov.in/budget2023-24/doc/frbm1.pdf,frbm1.pdf,demands_for_grants
2023-2024,https://www.indiabudget.gov.in/budget2023-24/index.php,https://www.indiabudget.gov.in/budget2023-24/doc/OutcomeBudgetE2023_2024.pdf,OutcomeBudgetE2023_2024.pdf,demands_for_grants
2023-2024,https://www.indiabudget.gov.in/budget2023-24/index.php,https://www.indiabudget.gov.in/budget2023-24/doc/cen/cus0223.pdf,cus0223.pdf,demands_for_grants
2023-2024,https://www.indiabudget.gov.in/budget2023-24/index.php,https://www.indiabudget.gov.in/budget2023-24/doc/cen/cus0323.pdf,cus0323.pdf,demands_for_grants
2023-2024,https://www.indiabudget.gov.in/budget2023-24/index.php,https://www.indiabudget.gov.in/budget2023-24/doc/cen/cus0423.pdf,cus0423.pdf,demands_for_grants
2023-2024,https://www.indiabudget.gov.in/budget2023-24/index.php,https://www.indiabudget.gov.in/budget2023-24/doc/cen/cus0523.pdf,cus0523.pdf,demands_for_grants
2023-2024,https://www.indiabudget.gov.in/budget2023-24/index.php,https://www.indiabudget.gov.in/budget2023-24/doc/cen/cus0623.pdf,cus0623.pdf,demands_for_grants
2023-2024,https://www.indiabudget.gov.in/budget2023-24/index.php,https://www.indiabudget.gov.in/budget2023-24/doc/cen/cus0723.pdf,cus0723.pdf,demands_for_grants
2023-2024,https://www.indiabudget.gov.in/budget2023-24/index.php,https://www.indiabudget.gov.in/budget2023-24/doc/cen/cus0823.pdf,cus0823.pdf,demands_for_grants
2023-2024,https://www.indiabudget.gov.in/budget2023-24/index.php,https://www.indiabudget.gov.in/budget2023-24/doc/cen/cus0923.pdf,cus0923.pdf,demands_for_grants
2023-2024,https://www.indiabudget.gov.in/budget2023-24/index.php,https://www.indiabudget.gov.in/budget2023-24/doc/cen/cus1023.pdf,cus1023.pdf,demands_for_grants
2023-2024,https://www.indiabudget.gov.in/budget2023-24/index.php,https://www.indiabudget.gov.in/budget2023-24/doc/cen/cus1123.pdf,cus1123.pdf,demands_for_grants
2023-2024,https://www.indiabudget.gov.in/budget2023-24/index.php,https://www.indiabudget.gov.in/budget2023-24/doc/cen/cus1223.pdf,cus1223.pdf,demands_for_grants
2023-2024,https://www.indiabudget.gov.in/budget2023-24/index.php,https://www.indiabudget.gov.in/budget2023-24/doc/cen/cen0523.pdf,cen0523.pdf,demands_for_grants
2023-2024,https://www.indiabudget.gov.in/budget2023-24/index.php,https://www.indiabudget.gov.in/budget2023-24/doc/cen/explanatorynote.pdf,explanatorynote.pdf,demands_for_grants
2023-2024,https://www.indiabudget.gov.in/budget2023-24/index.php,https://www.indiabudget.gov.in/budget2023-24/doc/cen/dojstru1.pdf,dojstru1.pdf,demands_for_grants
2023-2024,https://www.indiabudget.gov.in/budget2023-24/index.php,https://www.indiabudget.gov.in/budget2023-24/doc/impbud2022-23.pdf,impbud2022-23.pdf,demands_for_grants
2023-2024,https://www.indiabudget.gov.in/budget2023-24/index.php,https://www.indiabudget.gov.in/budget2023-24/doc/Budget_at_Glance/budget_at_a_glance.pdf,budget_at_a_glance.pdf,full_budget_document
2023-2024,https://www.indiabudget.gov.in/budget2023-24/index.php,https://www.indiabudget.gov.in/budget2023-24/doc/Budget_at_Glance/bag1.pdf,bag1.pdf,demands_for_grants
2023-2024,https://www.indiabudget.gov.in/budget2023-24/index.php,https://www.indiabudget.gov.in/budget2023-24/doc/Budget_at_Glance/bag1.xls,bag1.xls,demands_for_grants
2023-2024,https://www.indiabudget.gov.in/budget2023-24/index.php,https://www.indiabudget.gov.in/budget2023-24/doc/Budget_at_Glance/bag2.pdf,bag2.pdf,demands_for_grants
2023-2024,https://www.indiabudget.gov.in/budget2023-24/index.php,https://www.indiabudget.gov.in/budget2023-24/doc/Budget_at_Glance/bag2.xls,bag2.xls,demands_for_grants
2023-2024,https://www.indiabudget.gov.in/budget2023-24/index.php,https://www.indiabudget.gov.in/budget2023-24/doc/Budget_at_Glance/bag3.pdf,bag3.pdf,demands_for_grants
2023-2024,https://www.indiabudget.gov.in/budget2023-24/index.php,https://www.indiabudget.gov.in/budget2023-24/doc/Budget_at_Glance/bag3.xls,bag3.xls,demands_for_grants
2023-2024,https://www.indiabudget.gov.in/budget2023-24/index.php,https://www.indiabudget.gov.in/budget2023-24/doc/Budget_at_Glance/bag4.pdf,bag4.pdf,demands_for_grants
2023-2024,https://www.indiabudget.gov.in/budget2023-24/index.php,https://www.indiabudget.gov.in/budget2023-24/doc/Budget_at_Glance/bag5.pdf,bag5.pdf,demands_for_grants
2023-2024,https://www.indiabudget.gov.in/budget2023-24/index.php,https://www.indiabudget.gov.in/budget2023-24/doc/Budget_at_Glance/bag5.xls,bag5.xls,demands_for_grants
2023-2024,https://www.indiabudget.gov.in/budget2023-24/index.php,https://www.indiabudget.gov.in/budget2023-24/doc/Budget_at_Glance/bag6.pdf,bag6.pdf,demands_for_grants
2023-2024,https://www.indiabudget.gov.in/budget2023-24/index.php,https://www.indiabudget.gov.in/budget2023-24/doc/Budget_at_Glance/bag6.xls,bag6.xls,demands_for_grants
2023-2024,https://www.indiabudget.gov.in/budget2023-24/index.php,https://www.indiabudget.gov.in/budget2023-24/doc/Budget_at_Glance/bag7.pdf,bag7.pdf,demands_for_grants
2023-2024,https://www.indiabudget.gov.in/budget2023-24/index.php,https://www.indiabudget.gov.in/budget2023-24/doc/Budget_at_Glance/bag7.xls,bag7.xls,demands_for_grants
2023-2024,https://www.indiabudget.gov.in/budget2023-24/index.php,https://www.indiabudget.gov.in/budget2023-24/doc/eb/vol1.pdf,vol1.pdf,demands_for_grants
2023-2024,https://www.indiabudget.gov.in/budget2023-24/index.php,https://www.indiabudget.gov.in/budget2023-24/doc/eb/intro.pdf,intro.pdf,demands_for_grants
2023-2024,https://www.indiabudget.gov.in/budget2023-24/index.php,https://www.indiabudget.gov.in/budget2023-24/doc/eb/stat1.pdf,stat1.pdf,demands_for_grants
2023-2024,https://www.indiabudget.gov.in/budget2023-24/index.php,https://www.indiabudget.gov.in/budget2023-24/doc/eb/stat1.xls,stat1.xls,demands_for_grants
2023-2024,https://www.indiabudget.gov.in/budget2023-24/index.php,https://www.indiabudget.gov.in/budget2023-24/doc/eb/stat2a.pdf,stat2a.pdf,demands_for_grants
2023-2024,https://www.indiabudget.gov.in/budget2023-24/index.php,https://www.indiabudget.gov.in/budget2023-24/doc/eb/stat2b.pdf,stat2b.pdf,demands_for_grants
2023-2024,https://www.indiabudget.gov.in/budget2023-24/index.php,https://www.indiabudget.gov.in/budget2023-24/doc/eb/stat3a.pdf,stat3a.pdf,demands_for_grants
2023-2024,https://www.indiabudget.gov.in/budget2023-24/index.php,https://www.indiabudget.gov.in/budget2023-24/doc/eb/stat3a.xls,stat3a.xls,demands_for_grants
2023-2024,https://www.indiabudget.gov.in/budget2023-24/index.php,https://www.indiabudget.gov.in/budget2023-24/doc/eb/stat4a.pdf,stat4a.pdf,demands_for_grants
2023-2024,https://www.indiabudget.gov.in/budget2023-24/index.php,https://www.indiabudget.gov.in/budget2023-24/doc/eb/stat4a.xls,stat4a.xls,demands_for_grants
2023-2024,https://www.indiabudget.gov.in/budget2023-24/index.php,https://www.indiabudget.gov.in/budget2023-24/doc/eb/stat4b.pdf,stat4b.pdf,demands_for_grants
2023-2024,https://www.indiabudget.gov.in/budget2023-24/index.php,https://www.indiabudget.gov.in/budget2023-24/doc/eb/stat4b.xls,stat4b.xls,demands_for_grants
2023-2024,https://www.indiabudget.gov.in/budget2023-24/index.php,https://www.indiabudget.gov.in/budget2023-24/doc/eb/stat4c.pdf,stat4c.pdf,demands_for_grants
2023-2024,https://www.indiabudget.gov.in/budget2023-24/index.php,https://www.indiabudget.gov.in/budget2023-24/doc/eb/stat4c.xls,stat4c.xls,demands_for_grants
2023-2024,https://www.indiabudget.gov.in/budget2023-24/index.php,https://www.indiabudget.gov.in/budget2023-24/doc/eb/stat4d.pdf,stat4d.pdf,demands_for_grants
2023-2024,https://www.indiabudget.gov.in/budget2023-24/index.php,https://www.indiabudget.gov.in/budget2023-24/doc/eb/stat4d.xls,stat4d.xls,demands_for_grants
2023-2024,https://www.indiabudget.gov.in/budget2023-24/index.php,https://www.indiabudget.gov.in/budget2023-24/doc/eb/stat5.pdf,stat5.pdf,demands_for_grants
2023-2024,https://www.indiabudget.gov.in/budget2023-24/index.php,https://www.indiabudget.gov.in/budget2023-24/doc/eb/stat5.xls,stat5.xls,demands_for_grants
2023-2024,https://www.indiabudget.gov.in/budget2023-24/index.php,https://www.indiabudget.gov.in/budget2023-24/doc/eb/stat6.pdf,stat6.pdf,demands_for_grants
2023-2024,https://www.indiabudget.gov.in/budget2023-24/index.php,https://www.indiabudget.gov.in/budget2023-24/doc/eb/stat6.xls,stat6.xls,demands_for_grants
2023-2024,https://www.indiabudget.gov.in/budget2023-24/index.php,https://www.indiabudget.gov.in/budget2023-24/doc/eb/stat7.pdf,stat7.pdf,demands_for_grants
2023-2024,https://www.indiabudget.gov.in/budget2023-24/index.php,https://www.indiabudget.gov.in/budget2023-24/doc/eb/stat7.xls,stat7.xls,demands_for_grants
2023-2024,https://www.indiabudget.gov.in/budget2023-24/index.php,https://www.indiabudget.gov.in/budget2023-24/doc/eb/stat8.pdf,stat8.pdf,demands_for_grants
2023-2024,https://www.indiabudget.gov.in/budget2023-24/index.php,https://www.indiabudget.gov.in/budget2023-24/doc/eb/stat8.xls,stat8.xls,demands_for_grants
2023-2024,https://www.indiabudget.gov.in/budget2023-24/index.php,https://www.indiabudget.gov.in/budget2023-24/doc/eb/stat9.pdf,stat9.pdf,demands_for_grants
2023-2024,https://www.indiabudget.gov.in/budget2023-24/index.php,https://www.indiabudget.gov.in/budget2023-24/doc/eb/stat9.xls,stat9.xls,demands_for_grants
2023-2024,https://www.indiabudget.gov.in/budget2023-24/index.php,https://www.indiabudget.gov.in/budget2023-24/doc/eb/stat10a.pdf,stat10a.pdf,demands_for_grants
2023-2024,https://www.indiabudget.gov.in/budget2023-24/index.php,https://www.indiabudget.gov.in/budget2023-24/doc/eb/stat10a.xls,stat10a.xls,demands_for_grants
2023-2024,https://www.indiabudget.gov.in/budget2023-24/index.php,https://www.indiabudget.gov.in/budget2023-24/doc/eb/stat10b.pdf,stat10b.pdf,demands_for_grants
2023-2024,https://www.indiabudget.gov.in/budget2023-24/index.php,https://www.indiabudget.gov.in/budget2023-24/doc/eb/stat10b.xls,stat10b.xls,demands_for_grants
2023-2024,https://www.indiabudget.gov.in/budget2023-24/index.php,https://www.indiabudget.gov.in/budget2023-24/doc/eb/stat11.pdf,stat11.pdf,demands_for_grants
2023-2024,https://www.indiabudget.gov.in/budget2023-24/index.php,https://www.indiabudget.gov.in/budget2023-24/doc/eb/stat11.xls,stat11.xls,demands_for_grants
2023-2024,https://www.indiabudget.gov.in/budget2023-24/index.php,https://www.indiabudget.gov.in/budget2023-24/doc/eb/stat12.pdf,stat12.pdf,demands_for_grants
2023-2024,https://www.indiabudget.gov.in/budget2023-24/index.php,https://www.indiabudget.gov.in/budget2023-24/doc/eb/stat12.xls,stat12.xls,demands_for_grants
2023-2024,https://www.indiabudget.gov.in/budget2023-24/index.php,https://www.indiabudget.gov.in/budget2023-24/doc/eb/stat13.pdf,stat13.pdf,demands_for_grants
2023-2024,https://www.indiabudget.gov.in/budget2023-24/index.php,https://www.indiabudget.gov.in/budget2023-24/doc/eb/stat13.xls,stat13.xls,demands_for_grants
2023-2024,https://www.indiabudget.gov.in/budget2023-24/index.php,https://www.indiabudget.gov.in/budget2023-24/doc/eb/stat14.pdf,stat14.pdf,demands_for_grants
2023-2024,https://www.indiabudget.gov.in/budget2023-24/index.php,https://www.indiabudget.gov.in/budget2023-24/doc/eb/stat14.xls,stat14.xls,demands_for_grants
2023-2024,https://www.indiabudget.gov.in/budget2023-24/index.php,https://www.indiabudget.gov.in/budget2023-24/doc/eb/stat15.pdf,stat15.pdf,demands_for_grants
2023-2024,https://www.indiabudget.gov.in/budget2023-24/index.php,https://www.indiabudget.gov.in/budget2023-24/doc/eb/stat15.xls,stat15.xls,demands_for_grants
2023-2024,https://www.indiabudget.gov.in/budget2023-24/index.php,https://www.indiabudget.gov.in/budget2023-24/doc/eb/stat15a.pdf,stat15a.pdf,demands_for_grants
2023-2024,https://www.indiabudget.gov.in/budget2023-24/index.php,https://www.indiabudget.gov.in/budget2023-24/doc/eb/stat16.pdf,stat16.pdf,demands_for_grants
2023-2024,https://www.indiabudget.gov.in/budget2023-24/index.php,https://www.indiabudget.gov.in/budget2023-24/doc/eb/stat16.xls,stat16.xls,demands_for_grants
2023-2024,https://www.indiabudget.gov.in/budget2023-24/index.php,https://www.indiabudget.gov.in/budget2023-24/doc/eb/stat17.pdf,stat17.pdf,demands_for_grants
2023-2024,https://www.indiabudget.gov.in/budget2023-24/index.php,https://www.indiabudget.gov.in/budget2023-24/doc/eb/stat17.xls,stat17.xls,demands_for_grants
2023-2024,https://www.indiabudget.gov.in/budget2023-24/index.php,https://www.indiabudget.gov.in/budget2023-24/doc/eb/stat18.pdf,stat18.pdf,demands_for_grants
2023-2024,https://www.indiabudget.gov.in/budget2023-24/index.php,https://www.indiabudget.gov.in/budget2023-24/doc/eb/stat18.xls,stat18.xls,demands_for_grants
2023-2024,https://www.indiabudget.gov.in/budget2023-24/index.php,https://www.indiabudget.gov.in/budget2023-24/doc/eb/stat19.pdf,stat19.pdf,demands_for_grants
2023-2024,https://www.indiabudget.gov.in/budget2023-24/index.php,https://www.indiabudget.gov.in/budget2023-24/doc/eb/stat20.pdf,stat20.pdf,demands_for_grants
2023-2024,https://www.indiabudget.gov.in/budget2023-24/index.php,https://www.indiabudget.gov.in/budget2023-24/doc/eb/stat20.xls,stat20.xls,demands_for_grants
2023-2024,https://www.indiabudget.gov.in/budget2023-24/index.php,https://www.indiabudget.gov.in/budget2023-24/doc/eb/stat21.pdf,stat21.pdf,demands_for_grants
2023-2024,https://www.indiabudget.gov.in/budget2023-24/index.php,https://www.indiabudget.gov.in/budget2023-24/doc/eb/stat21.xls,stat21.xls,demands_for_grants
2023-2024,https://www.indiabudget.gov.in/budget2023-24/index.php,https://www.indiabudget.gov.in/budget2023-24/doc/eb/stat22.pdf,stat22.pdf,demands_for_grants
2023-2024,https://www.indiabudget.gov.in/budget2023-24/index.php,https://www.indiabudget.gov.in/budget2023-24/doc/eb/stat22.xls,stat22.xls,demands_for_grants
2023-2024,https://www.indiabudget.gov.in/budget2023-24/index.php,https://www.indiabudget.gov.in/budget2023-24/doc/eb/stat23.pdf,stat23.pdf,demands_for_grants
2023-2024,https://www.indiabudget.gov.in/budget2023-24/index.php,https://www.indiabudget.gov.in/budget2023-24/doc/eb/stat23.xls,stat23.xls,demands_for_grants
2023-2024,https://www.indiabudget.gov.in/budget2023-24/index.php,https://www.indiabudget.gov.in/budget2023-24/doc/eb/stat24.pdf,stat24.pdf,demands_for_grants
2023-2024,https://www.indiabudget.gov.in/budget2023-24/index.php,https://www.indiabudget.gov.in/budget2023-24/doc/eb/stat24.xls,stat24.xls,demands_for_grants
2023-2024,https://www.indiabudget.gov.in/budget2023-24/index.php,https://www.indiabudget.gov.in/budget2023-24/doc/eb/stat25.pdf,stat25.pdf,demands_for_grants
2023-2024,https://www.indiabudget.gov.in/budget2023-24/index.php,https://www.indiabudget.gov.in/budget2023-24/doc/eb/stat25.xls,stat25.xls,demands_for_grants
2023-2024,https://www.indiabudget.gov.in/budget2023-24/index.php,https://www.indiabudget.gov.in/budget2023-24/doc/eb/stat26.pdf,stat26.pdf,demands_for_grants
2023-2024,https://www.indiabudget.gov.in/budget2023-24/index.php,https://www.indiabudget.gov.in/budget2023-24/doc/eb/stat26.xls,stat26.xls,demands_for_grants
2023-2024,https://www.indiabudget.gov.in/budget2023-24/index.php,https://www.indiabudget.gov.in/budget2023-24/doc/eb/stat27.pdf,stat27.pdf,demands_for_grants
2023-2024,https://www.indiabudget.gov.in/budget2023-24/index.php,https://www.indiabudget.gov.in/budget2023-24/doc/eb/railstat1.pdf,railstat1.pdf,demands_for_grants
2023-2024,https://www.indiabudget.gov.in/budget2023-24/index.php,https://www.indiabudget.gov.in/budget2023-24/doc/eb/railstat1.xls,railstat1.xls,demands_for_grants
2023-2024,https://www.indiabudget.gov.in/budget2023-24/index.php,https://www.indiabudget.gov.in/budget2023-24/doc/eb/railstat2.pdf,railstat2.pdf,demands_for_grants
2023-2024,https://www.indiabudget.gov.in/budget2023-24/index.php,https://www.indiabudget.gov.in/budget2023-24/doc/eb/railstat2.xls,railstat2.xls,demands_for_grants
2023-2024,https://www.indiabudget.gov.in/budget2023-24/index.php,https://www.indiabudget.gov.in/budget2023-24/doc/eb/railstat3.pdf,railstat3.pdf,demands_for_grants
2023-2024,https://www.indiabudget.gov.in/budget2023-24/index.php,https://www.indiabudget.gov.in/budget2023-24/doc/eb/railstat3.xls,railstat3.xls,demands_for_grants
2023-2024,https://www.indiabudget.gov.in/budget2023-24/index.php,https://www.indiabudget.gov.in/budget2023-24/doc/eb/railstat4.pdf,railstat4.pdf,demands_for_grants
2023-2024,https://www.indiabudget.gov.in/budget2023-24/index.php,https://www.indiabudget.gov.in/budget2023-24/doc/eb/railstat4.xls,railstat4.xls,demands_for_grants
2023-2024,https://www.indiabudget.gov.in/budget2023-24/index.php,https://www.indiabudget.gov.in/budget2023-24/doc/eb/railstat5.pdf,railstat5.pdf,demands_for_grants
2023-2024,https://www.indiabudget.gov.in/budget2023-24/index.php,https://www.indiabudget.gov.in/budget2023-24/doc/eb/railstat5.xls,railstat5.xls,demands_for_grants
2023-2024,https://www.indiabudget.gov.in/budget2023-24/index.php,https://www.indiabudget.gov.in/budget2023-24/doc/eb/railstat6.pdf,railstat6.pdf,demands_for_grants
2023-2024,https://www.indiabudget.gov.in/budget2023-24/index.php,https://www.indiabudget.gov.in/budget2023-24/doc/eb/railstat6.xls,railstat6.xls,demands_for_grants
2023-2024,https://www.indiabudget.gov.in/budget2023-24/index.php,https://www.indiabudget.gov.in/budget2023-24/doc/eb/railstat7.pdf,railstat7.pdf,demands_for_grants
2023-2024,https://www.indiabudget.gov.in/budget2023-24/index.php,https://www.indiabudget.gov.in/budget2023-24/doc/eb/railstat7.xls,railstat7.xls,demands_for_grants
2023-2024,https://www.indiabudget.gov.in/budget2023-24/index.php,https://www.indiabudget.gov.in/budget2023-24/doc/eb/sumsbe.pdf,sumsbe.pdf,expenditure_budget
2023-2024,https://www.indiabudget.gov.in/budget2023-24/index.php,https://www.indiabudget.gov.in/budget2023-24/doc/eb/allsbe.pdf,allsbe.pdf,expenditure_budget
2023-2024,https://www.indiabudget.gov.in/budget2023-24/index.php,https://www.indiabudget.gov.in/budget2023-24/doc/eb/allsbe.xls,allsbe.xls,expenditure_budget
2023-2024,https://www.indiabudget.gov.in/budget2023-24/index.php,https://www.indiabudget.gov.in/budget2023-24/doc/eb/sbe1.pdf,sbe1.pdf,expenditure_budget
2023-2024,https://www.indiabudget.gov.in/budget2023-24/index.php,https://www.indiabudget.gov.in/budget2023-24/doc/eb/sbe1.xls,sbe1.xls,expenditure_budget
2023-2024,https://www.indiabudget.gov.in/budget2023-24/index.php,https://www.indiabudget.gov.in/budget2023-24/doc/eb/sbe2.pdf,sbe2.pdf,expenditure_budget
2023-2024,https://www.indiabudget.gov.in/budget2023-24/index.php,https://www.indiabudget.gov.in/budget2023-24/doc/eb/sbe2.xls,sbe2.xls,expenditure_budget
2023-2024,https://www.indiabudget.gov.in/budget2023-24/index.php,https://www.indiabudget.gov.in/budget2023-24/doc/eb/sbe3.pdf,sbe3.pdf,expenditure_budget
2023-2024,https://www.indiabudget.gov.in/budget2023-24/index.php,https://www.indiabudget.gov.in/budget2023-24/doc/eb/sbe3.xls,sbe3.xls,expenditure_budget
2023-2024,https://www.indiabudget.gov.in/budget2023-24/index.php,https://www.indiabudget.gov.in/budget2023-24/doc/eb/sbe4.pdf,sbe4.pdf,expenditure_budget
2023-2024,https://www.indiabudget.gov.in/budget2023-24/index.php,https://www.indiabudget.gov.in/budget2023-24/doc/eb/sbe4.xls,sbe4.xls,expenditure_budget
2023-2024,https://www.indiabudget.gov.in/budget2023-24/index.php,https://www.indiabudget.gov.in/budget2023-24/doc/eb/sbe5.pdf,sbe5.pdf,expenditure_budget
2023-2024,https://www.indiabudget.gov.in/budget2023-24/index.php,https://www.indiabudget.gov.in/budget2023-24/doc/eb/sbe5.xls,sbe5.xls,expenditure_budget
2023-2024,https://www.indiabudget.gov.in/budget2023-24/index.php,https://www.indiabudget.gov.in/budget2023-24/doc/eb/sbe6.pdf,sbe6.pdf,expenditure_budget
2023-2024,https://www.indiabudget.gov.in/budget2023-24/index.php,https://www.indiabudget.gov.in/budget2023-24/doc/eb/sbe6.xls,sbe6.xls,expenditure_budget
2023-2024,https://www.indiabudget.gov.in/budget2023-24/index.php,https://www.indiabudget.gov.in/budget2023-24/doc/eb/sbe7.pdf,sbe7.pdf,expenditure_budget
2023-2024,https://www.indiabudget.gov.in/budget2023-24/index.php,https://www.indiabudget.gov.in/budget2023-24/doc/eb/sbe7.xls,sbe7.xls,expenditure_budget
2023-2024,https://www.indiabudget.gov.in/budget2023-24/index.php,https://www.indiabudget.gov.in/budget2023-24/doc/eb/sbe8.pdf,sbe8.pdf,expenditure_budget
2023-2024,https://www.indiabudget.gov.in/budget2023-24/index.php,https://www.indiabudget.gov.in/budget2023-24/doc/eb/sbe8.xls,sbe8.xls,expenditure_budget
2023-2024,https://www.indiabudget.gov.in/budget2023-24/index.php,https://www.indiabudget.gov.in/budget2023-24/doc/eb/sbe9.pdf,sbe9.pdf,expenditure_budget
2023-2024,https://www.indiabudget.gov.in/budget2023-24/index.php,https://www.indiabudget.gov.in/budget2023-24/doc/eb/sbe9.xls,sbe9.xls,expenditure_budget
2023-2024,https://www.indiabudget.gov.in/budget2023-24/index.php,https://www.indiabudget.gov.in/budget2023-24/doc/eb/sbe10.pdf,sbe10.pdf,expenditure_budget
2023-2024,https://www.indiabudget.gov.in/budget2023-24/index.php,https://www.indiabudget.gov.in/budget2023-24/doc/eb/sbe10.xls,sbe10.xls,expenditure_budget
2023-2024,https://www.indiabudget.gov.in/budget2023-24/index.php,https://www.indiabudget.gov.in/budget2023-24/doc/eb/sbe11.pdf,sbe11.pdf,expenditure_budget
2023-2024,https://www.indiabudget.gov.in/budget2023-24/index.php,https://www.indiabudget.gov.in/budget2023-24/doc/eb/sbe11.xls,sbe11.xls,expenditure_budget
2023-2024,https://www.indiabudget.gov.in/budget2023-24/index.php,https://www.indiabudget.gov.in/budget2023-24/doc/eb/sbe12.pdf,sbe12.pdf,expenditure_budget
2023-2024,https://www.indiabudget.gov.in/budget2023-24/index.php,https://www.indiabudget.gov.in/budget2023-24/doc/eb/sbe12.xls,sbe12.xls,expenditure_budget
2023-2024,https://www.indiabudget.gov.in/budget2023-24/index.php,https://www.indiabudget.gov.in/budget2023-24/doc/eb/sbe13.pdf,sbe13.pdf,expenditure_budget
2023-2024,https://www.indiabudget.gov.in/budget2023-24/index.php,https://www.indiabudget.gov.in/budget2023-24/doc/eb/sbe13.xls,sbe13.xls,expenditure_budget
2023-2024,https://www.indiabudget.gov.in/budget2023-24/index.php,https://www.indiabudget.gov.in/budget2023-24/doc/eb/sbe14.pdf,sbe14.pdf,expenditure_budget
2023-2024,https://www.indiabudget.gov.in/budget2023-24/index.php,https://www.indiabudget.gov.in/budget2023-24/doc/eb/sbe14.xls,sbe14.xls,expenditure_budget
2023-2024,https://www.indiabudget.gov.in/budget2023-24/index.php,https://www.indiabudget.gov.in/budget2023-24/doc/eb/sbe15.pdf,sbe15.pdf,expenditure_budget
2023-2024,https://www.indiabudget.gov.in/budget2023-24/index.php,https://www.indiabudget.gov.in/budget2023-24/doc/eb/sbe15.xls,sbe15.xls,expenditure_budget
2023-2024,https://www.indiabudget.gov.in/budget2023-24/index.php,https://www.indiabudget.gov.in/budget2023-24/doc/eb/sbe16.pdf,sbe16.pdf,expenditure_budget
2023-2024,https://www.indiabudget.gov.in/budget2023-24/index.php,https://www.indiabudget.gov.in/budget2023-24/doc/eb/sbe16.xls,sbe16.xls,expenditure_budget
2023-2024,https://www.indiabudget.gov.in/budget2023-24/index.php,https://www.indiabudget.gov.in/budget2023-24/doc/eb/sbe17.pdf,sbe17.pdf,expenditure_budget
2023-2024,https://www.indiabudget.gov.in/budget2023-24/index.php,https://www.indiabudget.gov.in/budget2023-24/doc/eb/sbe17.xls,sbe17.xls,expenditure_budget
2023-2024,https://www.indiabudget.gov.in/budget2023-24/index.php,https://www.indiabudget.gov.in/budget2023-24/doc/eb/sbe18.pdf,sbe18.pdf,expenditure_budget
2023-2024,https://www.indiabudget.gov.in/budget2023-24/index.php,https://www.indiabudget.gov.in/budget2023-24/doc/eb/sbe18.xls,sbe18.xls,expenditure_budget
2023-2024,https://www.indiabudget.gov.in/budget2023-24/index.php,https://www.indiabudget.gov.in/budget2023-24/doc/eb/sbe19.pdf,sbe19.pdf,expenditure_budget
2023-2024,https://www.indiabudget.gov.in/budget2023-24/index.php,https://www.indiabudget.gov.in/budget2023-24/doc/eb/sbe19.xls,sbe19.xls,expenditure_budget
2023-2024,https://www.indiabudget.gov.in/budget2023-24/index.php,https://www.indiabudget.gov.in/budget2023-24/doc/eb/sbe20.pdf,sbe20.pdf,expenditure_budget
2023-2024,https://www.indiabudget.gov.in/budget2023-24/index.php,https://www.indiabudget.gov.in/budget2023-24/doc/eb/sbe20.xls,sbe20.xls,expenditure_budget
2023-2024,https://www.indiabudget.gov.in/budget2023-24/index.php,https://www.indiabudget.gov.in/budget2023-24/doc/eb/sbe21.pdf,sbe21.pdf,expenditure_budget
2023-2024,https://www.indiabudget.gov.in/budget2023-24/index.php,https://www.indiabudget.gov.in/budget2023-24/doc/eb/sbe21.xls,sbe21.xls,expenditure_budget
2023-2024,https://www.indiabudget.gov.in/budget2023-24/index.php,https://www.indiabudget.gov.in/budget2023-24/doc/eb/sbe22.pdf,sbe22.pdf,expenditure_budget
2023-2024,https://www.indiabudget.gov.in/budget2023-24/index.php,https://www.indiabudget.gov.in/budget2023-24/doc/eb/sbe22.xls,sbe22.xls,expenditure_budget
2023-2024,https://www.indiabudget.gov.in/budget2023-24/index.php,https://www.indiabudget.gov.in/budget2023-24/doc/eb/sbe23.pdf,sbe23.pdf,expenditure_budget
2023-2024,https://www.indiabudget.gov.in/budget2023-24/index.php,https://www.indiabudget.gov.in/budget2023-24/doc/eb/sbe23.xls,sbe23.xls,expenditure_budget
2023-2024,https://www.indiabudget.gov.in/budget2023-24/index.php,https://www.indiabudget.gov.in/budget2023-24/doc/eb/sbe24.pdf,sbe24.pdf,expenditure_budget
2023-2024,https://www.indiabudget.gov.in/budget2023-24/index.php,https://www.indiabudget.gov.in/budget2023-24/doc/eb/sbe24.xls,sbe24.xls,expenditure_budget
2023-2024,https://www.indiabudget.gov.in/budget2023-24/index.php,https://www.indiabudget.gov.in/budget2023-24/doc/eb/sbe25.pdf,sbe25.pdf,expenditure_budget
2023-2024,https://www.indiabudget.gov.in/budget2023-24/index.php,https://www.indiabudget.gov.in/budget2023-24/doc/eb/sbe25.xls,sbe25.xls,expenditure_budget
2023-2024,https://www.indiabudget.gov.in/budget2023-24/index.php,https://www.indiabudget.gov.in/budget2023-24/doc/eb/sbe26.pdf,sbe26.pdf,expenditure_budget
2023-2024,https://www.indiabudget.gov.in/budget2023-24/index.php,https://www.indiabudget.gov.in/budget2023-24/doc/eb/sbe26.xls,sbe26.xls,expenditure_budget
2023-2024,https://www.indiabudget.gov.in/budget2023-24/index.php,https://www.indiabudget.gov.in/budget2023-24/doc/eb/sbe27.pdf,sbe27.pdf,expenditure_budget
2023-2024,https://www.indiabudget.gov.in/budget2023-24/index.php,https://www.indiabudget.gov.in/budget2023-24/doc/eb/sbe27.xls,sbe27.xls,expenditure_budget
2023-2024,https://www.indiabudget.gov.in/budget2023-24/index.php,https://www.indiabudget.gov.in/budget2023-24/doc/eb/sbe28.pdf,sbe28.pdf,expenditure_budget
2023-2024,https://www.indiabudget.gov.in/budget2023-24/index.php,https://www.indiabudget.gov.in/budget2023-24/doc/eb/sbe28.xls,sbe28.xls,expenditure_budget
2023-2024,https://www.indiabudget.gov.in/budget2023-24/index.php,https://www.indiabudget.gov.in/budget2023-24/doc/eb/sbe29.pdf,sbe29.pdf,expenditure_budget
2023-2024,https://www.indiabudget.gov.in/budget2023-24/index.php,https://www.indiabudget.gov.in/budget2023-24/doc/eb/sbe29.xls,sbe29.xls,expenditure_budget
2023-2024,https://www.indiabudget.gov.in/budget2023-24/index.php,https://www.indiabudget.gov.in/budget2023-24/doc/eb/sbe30.pdf,sbe30.pdf,expenditure_budget
2023-2024,https://www.indiabudget.gov.in/budget2023-24/index.php,https://www.indiabudget.gov.in/budget2023-24/doc/eb/sbe30.xls,sbe30.xls,expenditure_budget
2023-2024,https://www.indiabudget.gov.in/budget2023-24/index.php,https://www.indiabudget.gov.in/budget2023-24/doc/eb/sbe31.pdf,sbe31.pdf,expenditure_budget
2023-2024,https://www.indiabudget.gov.in/budget2023-24/index.php,https://www.indiabudget.gov.in/budget2023-24/doc/eb/sbe31.xls,sbe31.xls,expenditure_budget
2023-2024,https://www.indiabudget.gov.in/budget2023-24/index.php,https://www.indiabudget.gov.in/budget2023-24/doc/eb/sbe32.pdf,sbe32.pdf,expenditure_budget
2023-2024,https://www.indiabudget.gov.in/budget2023-24/index.php,https://www.indiabudget.gov.in/budget2023-24/doc/eb/sbe32.xls,sbe32.xls,expenditure_budget
2023-2024,https://www.indiabudget.gov.in/budget2023-24/index.php,https://www.indiabudget.gov.in/budget2023-24/doc/eb/sbe33.pdf,sbe33.pdf,expenditure_budget
2023-2024,https://www.indiabudget.gov.in/budget2023-24/index.php,https://www.indiabudget.gov.in/budget2023-24/doc/eb/sbe33.xls,sbe33.xls,expenditure_budget
2023-2024,https://www.indiabudget.gov.in/budget2023-24/index.php,https://www.indiabudget.gov.in/budget2023-24/doc/eb/sbe34.pdf,sbe34.pdf,expenditure_budget
2023-2024,https://www.indiabudget.gov.in/budget2023-24/index.php,https://www.indiabudget.gov.in/budget2023-24/doc/eb/sbe34.xls,sbe34.xls,expenditure_budget
2023-2024,https://www.indiabudget.gov.in/budget2023-24/index.php,https://www.indiabudget.gov.in/budget2023-24/doc/eb/sbe35.pdf,sbe35.pdf,expenditure_budget
2023-2024,https://www.indiabudget.gov.in/budget2023-24/index.php,https://www.indiabudget.gov.in/budget2023-24/doc/eb/sbe35.xls,sbe35.xls,expenditure_budget
2023-2024,https://www.indiabudget.gov.in/budget2023-24/index.php,https://www.indiabudget.gov.in/budget2023-24/doc/eb/sbe36.pdf,sbe36.pdf,expenditure_budget
2023-2024,https://www.indiabudget.gov.in/budget2023-24/index.php,https://www.indiabudget.gov.in/budget2023-24/doc/eb/sbe36.xls,sbe36.xls,expenditure_budget
2023-2024,https://www.indiabudget.gov.in/budget2023-24/index.php,https://www.indiabudget.gov.in/budget2023-24/doc/eb/sbe37.pdf,sbe37.pdf,expenditure_budget
2023-2024,https://www.indiabudget.gov.in/budget2023-24/index.php,https://www.indiabudget.gov.in/budget2023-24/doc/eb/sbe37.xls,sbe37.xls,expenditure_budget
2023-2024,https://www.indiabudget.gov.in/budget2023-24/index.php,https://www.indiabudget.gov.in/budget2023-24/doc/eb/sbe38.pdf,sbe38.pdf,expenditure_budget
2023-2024,https://www.indiabudget.gov.in/budget2023-24/index.php,https://www.indiabudget.gov.in/budget2023-24/doc/eb/sbe38.xls,sbe38.xls,expenditure_budget
2023-2024,https://www.indiabudget.gov.in/budget2023-24/index.php,https://www.indiabudget.gov.in/budget2023-24/doc/eb/sbe39.pdf,sbe39.pdf,expenditure_budget
2023-2024,https://www.indiabudget.gov.in/budget2023-24/index.php,https://www.indiabudget.gov.in/budget2023-24/doc/eb/sbe39.xls,sbe39.xls,expenditure_budget
2023-2024,https://www.indiabudget.gov.in/budget2023-24/index.php,https://www.indiabudget.gov.in/budget2023-24/doc/eb/sbe40.pdf,sbe40.pdf,expenditure_budget
2023-2024,https://www.indiabudget.gov.in/budget2023-24/index.php,https://www.indiabudget.gov.in/budget2023-24/doc/eb/sbe40.xls,sbe40.xls,expenditure_budget
2023-2024,https://www.indiabudget.gov.in/budget2023-24/index.php,https://www.indiabudget.gov.in/budget2023-24/doc/eb/sbe41.pdf,sbe41.pdf,expenditure_budget
2023-2024,https://www.indiabudget.gov.in/budget2023-24/index.php,https://www.indiabudget.gov.in/budget2023-24/doc/eb/sbe41.xls,sbe41.xls,expenditure_budget
2023-2024,https://www.indiabudget.gov.in/budget2023-24/index.php,https://www.indiabudget.gov.in/budget2023-24/doc/eb/sbe42.pdf,sbe42.pdf,expenditure_budget
2023-2024,https://www.indiabudget.gov.in/budget2023-24/index.php,https://www.indiabudget.gov.in/budget2023-24/doc/eb/sbe42.xls,sbe42.xls,expenditure_budget
2023-2024,https://www.indiabudget.gov.in/budget2023-24/index.php,https://www.indiabudget.gov.in/budget2023-24/doc/eb/sbe43.pdf,sbe43.pdf,expenditure_budget
2023-2024,https://www.indiabudget.gov.in/budget2023-24/index.php,https://www.indiabudget.gov.in/budget2023-24/doc/eb/sbe43.xls,sbe43.xls,expenditure_budget
2023-2024,https://www.indiabudget.gov.in/budget2023-24/index.php,https://www.indiabudget.gov.in/budget2023-24/doc/eb/sbe44.pdf,sbe44.pdf,expenditure_budget
2023-2024,https://www.indiabudget.gov.in/budget2023-24/index.php,https://www.indiabudget.gov.in/budget2023-24/doc/eb/sbe44.xls,sbe44.xls,expenditure_budget
2023-2024,https://www.indiabudget.gov.in/budget2023-24/index.php,https://www.indiabudget.gov.in/budget2023-24/doc/eb/sbe45.pdf,sbe45.pdf,expenditure_budget
2023-2024,https://www.indiabudget.gov.in/budget2023-24/index.php,https://www.indiabudget.gov.in/budget2023-24/doc/eb/sbe45.xls,sbe45.xls,expenditure_budget
2023-2024,https://www.indiabudget.gov.in/budget2023-24/index.php,https://www.indiabudget.gov.in/budget2023-24/doc/eb/sbe46.pdf,sbe46.pdf,expenditure_budget
2023-2024,https://www.indiabudget.gov.in/budget2023-24/index.php,https://www.indiabudget.gov.in/budget2023-24/doc/eb/sbe46.xls,sbe46.xls,expenditure_budget
2023-2024,https://www.indiabudget.gov.in/budget2023-24/index.php,https://www.indiabudget.gov.in/budget2023-24/doc/eb/sbe47.pdf,sbe47.pdf,expenditure_budget
2023-2024,https://www.indiabudget.gov.in/budget2023-24/index.php,https://www.indiabudget.gov.in/budget2023-24/doc/eb/sbe47.xls,sbe47.xls,expenditure_budget
2023-2024,https://www.indiabudget.gov.in/budget2023-24/index.php,https://www.indiabudget.gov.in/budget2023-24/doc/eb/sbe48.pdf,sbe48.pdf,expenditure_budget
2023-2024,https://www.indiabudget.gov.in/budget2023-24/index.php,https://www.indiabudget.gov.in/budget2023-24/doc/eb/sbe48.xls,sbe48.xls,expenditure_budget
2023-2024,https://www.indiabudget.gov.in/budget2023-24/index.php,https://www.indiabudget.gov.in/budget2023-24/doc/eb/sbe49.pdf,sbe49.pdf,expenditure_budget
2023-2024,https://www.indiabudget.gov.in/budget2023-24/index.php,https://www.indiabudget.gov.in/budget2023-24/doc/eb/sbe49.xls,sbe49.xls,expenditure_budget
2023-2024,https://www.indiabudget.gov.in/budget2023-24/index.php,https://www.indiabudget.gov.in/budget2023-24/doc/eb/sbe50.pdf,sbe50.pdf,expenditure_budget
2023-2024,https://www.indiabudget.gov.in/budget2023-24/index.php,https://www.indiabudget.gov.in/budget2023-24/doc/eb/sbe50.xls,sbe50.xls,expenditure_budget
2023-2024,https://www.indiabudget.gov.in/budget2023-24/index.php,https://www.indiabudget.gov.in/budget2023-24/doc/eb/sbe51.pdf,sbe51.pdf,expenditure_budget
2023-2024,https://www.indiabudget.gov.in/budget2023-24/index.php,https://www.indiabudget.gov.in/budget2023-24/doc/eb/sbe51.xls,sbe51.xls,expenditure_budget
2023-2024,https://www.indiabudget.gov.in/budget2023-24/index.php,https://www.indiabudget.gov.in/budget2023-24/doc/eb/sbe52.pdf,sbe52.pdf,expenditure_budget
2023-2024,https://www.indiabudget.gov.in/budget2023-24/index.php,https://www.indiabudget.gov.in/budget2023-24/doc/eb/sbe52.xls,sbe52.xls,expenditure_budget
2023-2024,https://www.indiabudget.gov.in/budget2023-24/index.php,https://www.indiabudget.gov.in/budget2023-24/doc/eb/sbe53.pdf,sbe53.pdf,expenditure_budget
2023-2024,https://www.indiabudget.gov.in/budget2023-24/index.php,https://www.indiabudget.gov.in/budget2023-24/doc/eb/sbe53.xls,sbe53.xls,expenditure_budget
2023-2024,https://www.indiabudget.gov.in/budget2023-24/index.php,https://www.indiabudget.gov.in/budget2023-24/doc/eb/sbe54.pdf,sbe54.pdf,expenditure_budget
2023-2024,https://www.indiabudget.gov.in/budget2023-24/index.php,https://www.indiabudget.gov.in/budget2023-24/doc/eb/sbe54.xls,sbe54.xls,expenditure_budget
2023-2024,https://www.indiabudget.gov.in/budget2023-24/index.php,https://www.indiabudget.gov.in/budget2023-24/doc/eb/sbe55.pdf,sbe55.pdf,expenditure_budget
2023-2024,https://www.indiabudget.gov.in/budget2023-24/index.php,https://www.indiabudget.gov.in/budget2023-24/doc/eb/sbe55.xls,sbe55.xls,expenditure_budget
2023-2024,https://www.indiabudget.gov.in/budget2023-24/index.php,https://www.indiabudget.gov.in/budget2023-24/doc/eb/sbe56.pdf,sbe56.pdf,expenditure_budget
2023-2024,https://www.indiabudget.gov.in/budget2023-24/index.php,https://www.indiabudget.gov.in/budget2023-24/doc/eb/sbe56.xls,sbe56.xls,expenditure_budget
2023-2024,https://www.indiabudget.gov.in/budget2023-24/index.php,https://www.indiabudget.gov.in/budget2023-24/doc/eb/sbe57.pdf,sbe57.pdf,expenditure_budget
2023-2024,https://www.indiabudget.gov.in/budget2023-24/index.php,https://www.indiabudget.gov.in/budget2023-24/doc/eb/sbe57.xls,sbe57.xls,expenditure_budget
2023-2024,https://www.indiabudget.gov.in/budget2023-24/index.php,https://www.indiabudget.gov.in/budget2023-24/doc/eb/sbe58.pdf,sbe58.pdf,expenditure_budget
2023-2024,https://www.indiabudget.gov.in/budget2023-24/index.php,https://www.indiabudget.gov.in/budget2023-24/doc/eb/sbe58.xls,sbe58.xls,expenditure_budget
2023-2024,https://www.indiabudget.gov.in/budget2023-24/index.php,https://www.indiabudget.gov.in/budget2023-24/doc/eb/sbe59.pdf,sbe59.pdf,expenditure_budget
2023-2024,https://www.indiabudget.gov.in/budget2023-24/index.php,https://www.indiabudget.gov.in/budget2023-24/doc/eb/sbe59.xls,sbe59.xls,expenditure_budget
2023-2024,https://www.indiabudget.gov.in/budget2023-24/index.php,https://www.indiabudget.gov.in/budget2023-24/doc/eb/sbe60.pdf,sbe60.pdf,expenditure_budget
2023-2024,https://www.indiabudget.gov.in/budget2023-24/index.php,https://www.indiabudget.gov.in/budget2023-24/doc/eb/sbe60.xls,sbe60.xls,expenditure_budget
2023-2024,https://www.indiabudget.gov.in/budget2023-24/index.php,https://www.indiabudget.gov.in/budget2023-24/doc/eb/sbe61.pdf,sbe61.pdf,expenditure_budget
2023-2024,https://www.indiabudget.gov.in/budget2023-24/index.php,https://www.indiabudget.gov.in/budget2023-24/doc/eb/sbe61.xls,sbe61.xls,expenditure_budget
2023-2024,https://www.indiabudget.gov.in/budget2023-24/index.php,https://www.indiabudget.gov.in/budget2023-24/doc/eb/sbe62.pdf,sbe62.pdf,expenditure_budget
2023-2024,https://www.indiabudget.gov.in/budget2023-24/index.php,https://www.indiabudget.gov.in/budget2023-24/doc/eb/sbe62.xls,sbe62.xls,expenditure_budget
2023-2024,https://www.indiabudget.gov.in/budget2023-24/index.php,https://www.indiabudget.gov.in/budget2023-24/doc/eb/sbe63.pdf,sbe63.pdf,expenditure_budget
2023-2024,https://www.indiabudget.gov.in/budget2023-24/index.php,https://www.indiabudget.gov.in/budget2023-24/doc/eb/sbe63.xls,sbe63.xls,expenditure_budget
2023-2024,https://www.indiabudget.gov.in/budget2023-24/index.php,https://www.indiabudget.gov.in/budget2023-24/doc/eb/sbe64.pdf,sbe64.pdf,expenditure_budget
2023-2024,https://www.indiabudget.gov.in/budget2023-24/index.php,https://www.indiabudget.gov.in/budget2023-24/doc/eb/sbe64.xls,sbe64.xls,expenditure_budget
2023-2024,https://www.indiabudget.gov.in/budget2023-24/index.php,https://www.indiabudget.gov.in/budget2023-24/doc/eb/sbe65.pdf,sbe65.pdf,expenditure_budget
2023-2024,https://www.indiabudget.gov.in/budget2023-24/index.php,https://www.indiabudget.gov.in/budget2023-24/doc/eb/sbe65.xls,sbe65.xls,expenditure_budget
2023-2024,https://www.indiabudget.gov.in/budget2023-24/index.php,https://www.indiabudget.gov.in/budget2023-24/doc/eb/sbe66.pdf,sbe66.pdf,expenditure_budget
2023-2024,https://www.indiabudget.gov.in/budget2023-24/index.php,https://www.indiabudget.gov.in/budget2023-24/doc/eb/sbe66.xls,sbe66.xls,expenditure_budget
2023-2024,https://www.indiabudget.gov.in/budget2023-24/index.php,https://www.indiabudget.gov.in/budget2023-24/doc/eb/sbe67.pdf,sbe67.pdf,expenditure_budget
2023-2024,https://www.indiabudget.gov.in/budget2023-24/index.php,https://www.indiabudget.gov.in/budget2023-24/doc/eb/sbe67.xls,sbe67.xls,expenditure_budget
2023-2024,https://www.indiabudget.gov.in/budget2023-24/index.php,https://www.indiabudget.gov.in/budget2023-24/doc/eb/sbe68.pdf,sbe68.pdf,expenditure_budget
2023-2024,https://www.indiabudget.gov.in/budget2023-24/index.php,https://www.indiabudget.gov.in/budget2023-24/doc/eb/sbe68.xls,sbe68.xls,expenditure_budget
2023-2024,https://www.indiabudget.gov.in/budget2023-24/index.php,https://www.indiabudget.gov.in/budget2023-24/doc/eb/sbe69.pdf,sbe69.pdf,expenditure_budget
2023-2024,https://www.indiabudget.gov.in/budget2023-24/index.php,https://www.indiabudget.gov.in/budget2023-24/doc/eb/sbe69.xls,sbe69.xls,expenditure_budget
2023-2024,https://www.indiabudget.gov.in/budget2023-24/index.php,https://www.indiabudget.gov.in/budget2023-24/doc/eb/sbe70.pdf,sbe70.pdf,expenditure_budget
2023-2024,https://www.indiabudget.gov.in/budget2023-24/index.php,https://www.indiabudget.gov.in/budget2023-24/doc/eb/sbe70.xls,sbe70.xls,expenditure_budget
2023-2024,https://www.indiabudget.gov.in/budget2023-24/index.php,https://www.indiabudget.gov.in/budget2023-24/doc/eb/sbe71.pdf,sbe71.pdf,expenditure_budget
2023-2024,https://www.indiabudget.gov.in/budget2023-24/index.php,https://www.indiabudget.gov.in/budget2023-24/doc/eb/sbe71.xls,sbe71.xls,expenditure_budget
2023-2024,https://www.indiabudget.gov.in/budget2023-24/index.php,https://www.indiabudget.gov.in/budget2023-24/doc/eb/sbe72.pdf,sbe72.pdf,expenditure_budget
2023-2024,https://www.indiabudget.gov.in/budget2023-24/index.php,https://www.indiabudget.gov.in/budget2023-24/doc/eb/sbe72.xls,sbe72.xls,expenditure_budget
2023-2024,https://www.indiabudget.gov.in/budget2023-24/index.php,https://www.indiabudget.gov.in/budget2023-24/doc/eb/sbe73.pdf,sbe73.pdf,expenditure_budget
2023-2024,https://www.indiabudget.gov.in/budget2023-24/index.php,https://www.indiabudget.gov.in/budget2023-24/doc/eb/sbe73.xls,sbe73.xls,expenditure_budget
2023-2024,https://www.indiabudget.gov.in/budget2023-24/index.php,https://www.indiabudget.gov.in/budget2023-24/doc/eb/sbe74.pdf,sbe74.pdf,expenditure_budget
2023-2024,https://www.indiabudget.gov.in/budget2023-24/index.php,https://www.indiabudget.gov.in/budget2023-24/doc/eb/sbe74.xls,sbe74.xls,expenditure_budget
2023-2024,https://www.indiabudget.gov.in/budget2023-24/index.php,https://www.indiabudget.gov.in/budget2023-24/doc/eb/sbe75.pdf,sbe75.pdf,expenditure_budget
2023-2024,https://www.indiabudget.gov.in/budget2023-24/index.php,https://www.indiabudget.gov.in/budget2023-24/doc/eb/sbe75.xls,sbe75.xls,expenditure_budget
2023-2024,https://www.indiabudget.gov.in/budget2023-24/index.php,https://www.indiabudget.gov.in/budget2023-24/doc/eb/sbe76.pdf,sbe76.pdf,expenditure_budget
2023-2024,https://www.indiabudget.gov.in/budget2023-24/index.php,https://www.indiabudget.gov.in/budget2023-24/doc/eb/sbe76.xls,sbe76.xls,expenditure_budget
2023-2024,https://www.indiabudget.gov.in/budget2023-24/index.php,https://www.indiabudget.gov.in/budget2023-24/doc/eb/sbe77.pdf,sbe77.pdf,expenditure_budget
2023-2024,https://www.indiabudget.gov.in/budget2023-24/index.php,https://www.indiabudget.gov.in/budget2023-24/doc/eb/sbe77.xls,sbe77.xls,expenditure_budget
2023-2024,https://www.indiabudget.gov.in/budget2023-24/index.php,https://www.indiabudget.gov.in/budget2023-24/doc/eb/sbe78.pdf,sbe78.pdf,expenditure_budget
2023-2024,https://www.indiabudget.gov.in/budget2023-24/index.php,https://www.indiabudget.gov.in/budget2023-24/doc/eb/sbe78.xls,sbe78.xls,expenditure_budget
2023-2024,https://www.indiabudget.gov.in/budget2023-24/index.php,https://www.indiabudget.gov.in/budget2023-24/doc/eb/sbe79.pdf,sbe79.pdf,expenditure_budget
2023-2024,https://www.indiabudget.gov.in/budget2023-24/index.php,https://www.indiabudget.gov.in/budget2023-24/doc/eb/sbe79.xls,sbe79.xls,expenditure_budget
2023-2024,https://www.indiabudget.gov.in/budget2023-24/index.php,https://www.indiabudget.gov.in/budget2023-24/doc/eb/sbe80.pdf,sbe80.pdf,expenditure_budget
2023-2024,https://www.indiabudget.gov.in/budget2023-24/index.php,https://www.indiabudget.gov.in/budget2023-24/doc/eb/sbe80.xls,sbe80.xls,expenditure_budget
2023-2024,https://www.indiabudget.gov.in/budget2023-24/index.php,https://www.indiabudget.gov.in/budget2023-24/doc/eb/sbe81.pdf,sbe81.pdf,expenditure_budget
2023-2024,https://www.indiabudget.gov.in/budget2023-24/index.php,https://www.indiabudget.gov.in/budget2023-24/doc/eb/sbe81.xls,sbe81.xls,expenditure_budget
2023-2024,https://www.indiabudget.gov.in/budget2023-24/index.php,https://www.indiabudget.gov.in/budget2023-24/doc/eb/sbe82.pdf,sbe82.pdf,expenditure_budget
2023-2024,https://www.indiabudget.gov.in/budget2023-24/index.php,https://www.indiabudget.gov.in/budget2023-24/doc/eb/sbe82.xls,sbe82.xls,expenditure_budget
2023-2024,https://www.indiabudget.gov.in/budget2023-24/index.php,https://www.indiabudget.gov.in/budget2023-24/doc/eb/sbe83.pdf,sbe83.pdf,expenditure_budget
2023-2024,https://www.indiabudget.gov.in/budget2023-24/index.php,https://www.indiabudget.gov.in/budget2023-24/doc/eb/sbe83.xls,sbe83.xls,expenditure_budget
2023-2024,https://www.indiabudget.gov.in/budget2023-24/index.php,https://www.indiabudget.gov.in/budget2023-24/doc/eb/sbe84.pdf,sbe84.pdf,expenditure_budget
2023-2024,https://www.indiabudget.gov.in/budget2023-24/index.php,https://www.indiabudget.gov.in/budget2023-24/doc/eb/sbe84.xls,sbe84.xls,expenditure_budget
2023-2024,https://www.indiabudget.gov.in/budget2023-24/index.php,https://www.indiabudget.gov.in/budget2023-24/doc/eb/sbe85.pdf,sbe85.pdf,expenditure_budget
2023-2024,https://www.indiabudget.gov.in/budget2023-24/index.php,https://www.indiabudget.gov.in/budget2023-24/doc/eb/sbe85.xls,sbe85.xls,expenditure_budget
2023-2024,https://www.indiabudget.gov.in/budget2023-24/index.php,https://www.indiabudget.gov.in/budget2023-24/doc/eb/sbe86.pdf,sbe86.pdf,expenditure_budget
2023-2024,https://www.indiabudget.gov.in/budget2023-24/index.php,https://www.indiabudget.gov.in/budget2023-24/doc/eb/sbe86.xls,sbe86.xls,expenditure_budget
2023-2024,https://www.indiabudget.gov.in/budget2023-24/index.php,https://www.indiabudget.gov.in/budget2023-24/doc/eb/sbe87.pdf,sbe87.pdf,expenditure_budget
2023-2024,https://www.indiabudget.gov.in/budget2023-24/index.php,https://www.indiabudget.gov.in/budget2023-24/doc/eb/sbe87.xls,sbe87.xls,expenditure_budget
2023-2024,https://www.indiabudget.gov.in/budget2023-24/index.php,https://www.indiabudget.gov.in/budget2023-24/doc/eb/sbe88.pdf,sbe88.pdf,expenditure_budget
2023-2024,https://www.indiabudget.gov.in/budget2023-24/index.php,https://www.indiabudget.gov.in/budget2023-24/doc/eb/sbe88.xls,sbe88.xls,expenditure_budget
2023-2024,https://www.indiabudget.gov.in/budget2023-24/index.php,https://www.indiabudget.gov.in/budget2023-24/doc/eb/sbe89.pdf,sbe89.pdf,expenditure_budget
2023-2024,https://www.indiabudget.gov.in/budget2023-24/index.php,https://www.indiabudget.gov.in/budget2023-24/doc/eb/sbe89.xls,sbe89.xls,expenditure_budget
2023-2024,https://www.indiabudget.gov.in/budget2023-24/index.php,https://www.indiabudget.gov.in/budget2023-24/doc/eb/sbe90.pdf,sbe90.pdf,expenditure_budget
2023-2024,https://www.indiabudget.gov.in/budget2023-24/index.php,https://www.indiabudget.gov.in/budget2023-24/doc/eb/sbe90.xls,sbe90.xls,expenditure_budget
2023-2024,https://www.indiabudget.gov.in/budget2023-24/index.php,https://www.indiabudget.gov.in/budget2023-24/doc/eb/sbe91.pdf,sbe91.pdf,expenditure_budget
2023-2024,https://www.indiabudget.gov.in/budget2023-24/index.php,https://www.indiabudget.gov.in/budget2023-24/doc/eb/sbe91.xls,sbe91.xls,expenditure_budget
2023-2024,https://www.indiabudget.gov.in/budget2023-24/index.php,https://www.indiabudget.gov.in/budget2023-24/doc/eb/sbe92.pdf,sbe92.pdf,expenditure_budget
2023-2024,https://www.indiabudget.gov.in/budget2023-24/index.php,https://www.indiabudget.gov.in/budget2023-24/doc/eb/sbe92.xls,sbe92.xls,expenditure_budget
2023-2024,https://www.indiabudget.gov.in/budget2023-24/index.php,https://www.indiabudget.gov.in/budget2023-24/doc/eb/sbe93.pdf,sbe93.pdf,expenditure_budget
2023-2024,https://www.indiabudget.gov.in/budget2023-24/index.php,https://www.indiabudget.gov.in/budget2023-24/doc/eb/sbe93.xls,sbe93.xls,expenditure_budget
2023-2024,https://www.indiabudget.gov.in/budget2023-24/index.php,https://www.indiabudget.gov.in/budget2023-24/doc/eb/sbe94.pdf,sbe94.pdf,expenditure_budget
2023-2024,https://www.indiabudget.gov.in/budget2023-24/index.php,https://www.indiabudget.gov.in/budget2023-24/doc/eb/sbe94.xls,sbe94.xls,expenditure_budget
2023-2024,https://www.indiabudget.gov.in/budget2023-24/index.php,https://www.indiabudget.gov.in/budget2023-24/doc/eb/sbe95.pdf,sbe95.pdf,expenditure_budget
2023-2024,https://www.indiabudget.gov.in/budget2023-24/index.php,https://www.indiabudget.gov.in/budget2023-24/doc/eb/sbe95.xls,sbe95.xls,expenditure_budget
2023-2024,https://www.indiabudget.gov.in/budget2023-24/index.php,https://www.indiabudget.gov.in/budget2023-24/doc/eb/sbe96.pdf,sbe96.pdf,expenditure_budget
2023-2024,https://www.indiabudget.gov.in/budget2023-24/index.php,https://www.indiabudget.gov.in/budget2023-24/doc/eb/sbe96.xls,sbe96.xls,expenditure_budget
2023-2024,https://www.indiabudget.gov.in/budget2023-24/index.php,https://www.indiabudget.gov.in/budget2023-24/doc/eb/sbe97.pdf,sbe97.pdf,expenditure_budget
2023-2024,https://www.indiabudget.gov.in/budget2023-24/index.php,https://www.indiabudget.gov.in/budget2023-24/doc/eb/sbe97.xls,sbe97.xls,expenditure_budget
2023-2024,https://www.indiabudget.gov.in/budget2023-24/index.php,https://www.indiabudget.gov.in/budget2023-24/doc/eb/sbe98.pdf,sbe98.pdf,expenditure_budget
2023-2024,https://www.indiabudget.gov.in/budget2023-24/index.php,https://www.indiabudget.gov.in/budget2023-24/doc/eb/sbe98.xls,sbe98.xls,expenditure_budget
2023-2024,https://www.indiabudget.gov.in/budget2023-24/index.php,https://www.indiabudget.gov.in/budget2023-24/doc/eb/sbe99.pdf,sbe99.pdf,expenditure_budget
2023-2024,https://www.indiabudget.gov.in/budget2023-24/index.php,https://www.indiabudget.gov.in/budget2023-24/doc/eb/sbe99.xls,sbe99.xls,expenditure_budget
2023-2024,https://www.indiabudget.gov.in/budget2023-24/index.php,https://www.indiabudget.gov.in/budget2023-24/doc/eb/sbe100.pdf,sbe100.pdf,expenditure_budget
2023-2024,https://www.indiabudget.gov.in/budget2023-24/index.php,https://www.indiabudget.gov.in/budget2023-24/doc/eb/sbe100.xls,sbe100.xls,expenditure_budget
2023-2024,https://www.indiabudget.gov.in/budget2023-24/index.php,https://www.indiabudget.gov.in/budget2023-24/doc/eb/sbe101.pdf,sbe101.pdf,expenditure_budget
2023-2024,https://www.indiabudget.gov.in/budget2023-24/index.php,https://www.indiabudget.gov.in/budget2023-24/doc/eb/sbe101.xls,sbe101.xls,expenditure_budget
2023-2024,https://www.indiabudget.gov.in/budget2023-24/index.php,https://www.indiabudget.gov.in/budget2023-24/doc/eb/sbe102.pdf,sbe102.pdf,expenditure_budget
2023-2024,https://www.indiabudget.gov.in/budget2023-24/index.php,https://www.indiabudget.gov.in/budget2023-24/doc/eb/sbe102.xls,sbe102.xls,expenditure_budget
2023-2024,https://www.indiabudget.gov.in/budget2023-24/index.php,https://www.indiabudget.gov.in/budget2023-24/doc/eb/dgsum.pdf,dgsum.pdf,demands_for_grants
2023-2024,https://www.indiabudget.gov.in/budget2023-24/index.php,https://www.indiabudget.gov.in/budget2023-24/doc/eb/alldg.pdf,alldg.pdf,demands_for_grants
2023-2024,https://www.indiabudget.gov.in/budget2023-24/index.php,https://www.indiabudget.gov.in/budget2023-24/doc/eb/alldg.xls,alldg.xls,demands_for_grants
2023-2024,https://www.indiabudget.gov.in/budget2023-24/index.php,https://www.indiabudget.gov.in/budget2023-24/doc/eb/dg1.pdf,dg1.pdf,demands_for_grants
2023-2024,https://www.indiabudget.gov.in/budget2023-24/index.php,https://www.indiabudget.gov.in/budget2023-24/doc/eb/dg1.xls,dg1.xls,demands_for_grants
2023-2024,https://www.indiabudget.gov.in/budget2023-24/index.php,https://www.indiabudget.gov.in/budget2023-24/doc/eb/dg2.pdf,dg2.pdf,demands_for_grants
2023-2024,https://www.indiabudget.gov.in/budget2023-24/index.php,https://www.indiabudget.gov.in/budget2023-24/doc/eb/dg2.xls,dg2.xls,demands_for_grants
2023-2024,https://www.indiabudget.gov.in/budget2023-24/index.php,https://www.indiabudget.gov.in/budget2023-24/doc/eb/dg3.pdf,dg3.pdf,demands_for_grants
2023-2024,https://www.indiabudget.gov.in/budget2023-24/index.php,https://www.indiabudget.gov.in/budget2023-24/doc/eb/dg3.xls,dg3.xls,demands_for_grants
2023-2024,https://www.indiabudget.gov.in/budget2023-24/index.php,https://www.indiabudget.gov.in/budget2023-24/doc/eb/dg4.pdf,dg4.pdf,demands_for_grants
2023-2024,https://www.indiabudget.gov.in/budget2023-24/index.php,https://www.indiabudget.gov.in/budget2023-24/doc/eb/dg4.xls,dg4.xls,demands_for_grants
2023-2024,https://www.indiabudget.gov.in/budget2023-24/index.php,https://www.indiabudget.gov.in/budget2023-24/doc/eb/dg5.pdf,dg5.pdf,demands_for_grants
2023-2024,https://www.indiabudget.gov.in/budget2023-24/index.php,https://www.indiabudget.gov.in/budget2023-24/doc/eb/dg5.xls,dg5.xls,demands_for_grants
2023-2024,https://www.indiabudget.gov.in/budget2023-24/index.php,https://www.indiabudget.gov.in/budget2023-24/doc/eb/dg6.pdf,dg6.pdf,demands_for_grants
2023-2024,https://www.indiabudget.gov.in/budget2023-24/index.php,https://www.indiabudget.gov.in/budget2023-24/doc/eb/dg6.xls,dg6.xls,demands_for_grants
2023-2024,https://www.indiabudget.gov.in/budget2023-24/index.php,https://www.indiabudget.gov.in/budget2023-24/doc/eb/dg7.pdf,dg7.pdf,demands_for_grants
2023-2024,https://www.indiabudget.gov.in/budget2023-24/index.php,https://www.indiabudget.gov.in/budget2023-24/doc/eb/dg7.xls,dg7.xls,demands_for_grants
2023-2024,https://www.indiabudget.gov.in/budget2023-24/index.php,https://www.indiabudget.gov.in/budget2023-24/doc/eb/dg8.pdf,dg8.pdf,demands_for_grants
2023-2024,https://www.indiabudget.gov.in/budget2023-24/index.php,https://www.indiabudget.gov.in/budget2023-24/doc/eb/dg8.xls,dg8.xls,demands_for_grants
2023-2024,https://www.indiabudget.gov.in/budget2023-24/index.php,https://www.indiabudget.gov.in/budget2023-24/doc/eb/dg9.pdf,dg9.pdf,demands_for_grants
2023-2024,https://www.indiabudget.gov.in/budget2023-24/index.php,https://www.indiabudget.gov.in/budget2023-24/doc/eb/dg9.xls,dg9.xls,demands_for_grants
2023-2024,https://www.indiabudget.gov.in/budget2023-24/index.php,https://www.indiabudget.gov.in/budget2023-24/doc/eb/dg10.pdf,dg10.pdf,demands_for_grants
2023-2024,https://www.indiabudget.gov.in/budget2023-24/index.php,https://www.indiabudget.gov.in/budget2023-24/doc/eb/dg11.pdf,dg11.pdf,demands_for_grants
2023-2024,https://www.indiabudget.gov.in/budget2023-24/index.php,https://www.indiabudget.gov.in/budget2023-24/doc/eb/dg11.xls,dg11.xls,demands_for_grants
2023-2024,https://www.indiabudget.gov.in/budget2023-24/index.php,https://www.indiabudget.gov.in/budget2023-24/doc/eb/dg12.pdf,dg12.pdf,demands_for_grants
2023-2024,https://www.indiabudget.gov.in/budget2023-24/index.php,https://www.indiabudget.gov.in/budget2023-24/doc/eb/dg12.xls,dg12.xls,demands_for_grants
2023-2024,https://www.indiabudget.gov.in/budget2023-24/index.php,https://www.indiabudget.gov.in/budget2023-24/doc/eb/dg13.pdf,dg13.pdf,demands_for_grants
2023-2024,https://www.indiabudget.gov.in/budget2023-24/index.php,https://www.indiabudget.gov.in/budget2023-24/doc/eb/dg13.xls,dg13.xls,demands_for_grants
2023-2024,https://www.indiabudget.gov.in/budget2023-24/index.php,https://www.indiabudget.gov.in/budget2023-24/doc/eb/dg14.pdf,dg14.pdf,demands_for_grants
2023-2024,https://www.indiabudget.gov.in/budget2023-24/index.php,https://www.indiabudget.gov.in/budget2023-24/doc/eb/dg14.xls,dg14.xls,demands_for_grants
2023-2024,https://www.indiabudget.gov.in/budget2023-24/index.php,https://www.indiabudget.gov.in/budget2023-24/doc/eb/dg15.pdf,dg15.pdf,demands_for_grants
2023-2024,https://www.indiabudget.gov.in/budget2023-24/index.php,https://www.indiabudget.gov.in/budget2023-24/doc/eb/dg15.xls,dg15.xls,demands_for_grants
2023-2024,https://www.indiabudget.gov.in/budget2023-24/index.php,https://www.indiabudget.gov.in/budget2023-24/doc/eb/dg16.pdf,dg16.pdf,demands_for_grants
2023-2024,https://www.indiabudget.gov.in/budget2023-24/index.php,https://www.indiabudget.gov.in/budget2023-24/doc/eb/dg16.xls,dg16.xls,demands_for_grants
2023-2024,https://www.indiabudget.gov.in/budget2023-24/index.php,https://www.indiabudget.gov.in/budget2023-24/doc/eb/dg17.pdf,dg17.pdf,demands_for_grants
2023-2024,https://www.indiabudget.gov.in/budget2023-24/index.php,https://www.indiabudget.gov.in/budget2023-24/doc/eb/dg17.xls,dg17.xls,demands_for_grants
2023-2024,https://www.indiabudget.gov.in/budget2023-24/index.php,https://www.indiabudget.gov.in/budget2023-24/doc/eb/dg18.pdf,dg18.pdf,demands_for_grants
2023-2024,https://www.indiabudget.gov.in/budget2023-24/index.php,https://www.indiabudget.gov.in/budget2023-24/doc/eb/dg18.xls,dg18.xls,demands_for_grants
2023-2024,https://www.indiabudget.gov.in/budget2023-24/index.php,https://www.indiabudget.gov.in/budget2023-24/doc/eb/dg19.pdf,dg19.pdf,demands_for_grants
2023-2024,https://www.indiabudget.gov.in/budget2023-24/index.php,https://www.indiabudget.gov.in/budget2023-24/doc/eb/dg19.xls,dg19.xls,demands_for_grants
2023-2024,https://www.indiabudget.gov.in/budget2023-24/index.php,https://www.indiabudget.gov.in/budget2023-24/doc/eb/dg20.pdf,dg20.pdf,demands_for_grants
2023-2024,https://www.indiabudget.gov.in/budget2023-24/index.php,https://www.indiabudget.gov.in/budget2023-24/doc/eb/dg20.xls,dg20.xls,demands_for_grants
2023-2024,https://www.indiabudget.gov.in/budget2023-24/index.php,https://www.indiabudget.gov.in/budget2023-24/doc/eb/dg21.pdf,dg21.pdf,demands_for_grants
2023-2024,https://www.indiabudget.gov.in/budget2023-24/index.php,https://www.indiabudget.gov.in/budget2023-24/doc/eb/dg21.xls,dg21.xls,demands_for_grants
2023-2024,https://www.indiabudget.gov.in/budget2023-24/index.php,https://www.indiabudget.gov.in/budget2023-24/doc/eb/dg22.pdf,dg22.pdf,demands_for_grants
2023-2024,https://www.indiabudget.gov.in/budget2023-24/index.php,https://www.indiabudget.gov.in/budget2023-24/doc/eb/dg22.xls,dg22.xls,demands_for_grants
2023-2024,https://www.indiabudget.gov.in/budget2023-24/index.php,https://www.indiabudget.gov.in/budget2023-24/doc/eb/dg23.pdf,dg23.pdf,demands_for_grants
2023-2024,https://www.indiabudget.gov.in/budget2023-24/index.php,https://www.indiabudget.gov.in/budget2023-24/doc/eb/dg23.xls,dg23.xls,demands_for_grants
2023-2024,https://www.indiabudget.gov.in/budget2023-24/index.php,https://www.indiabudget.gov.in/budget2023-24/doc/eb/dg24.pdf,dg24.pdf,demands_for_grants
2023-2024,https://www.indiabudget.gov.in/budget2023-24/index.php,https://www.indiabudget.gov.in/budget2023-24/doc/eb/dg24.xls,dg24.xls,demands_for_grants
2023-2024,https://www.indiabudget.gov.in/budget2023-24/index.php,https://www.indiabudget.gov.in/budget2023-24/doc/eb/dg25.pdf,dg25.pdf,demands_for_grants
2023-2024,https://www.indiabudget.gov.in/budget2023-24/index.php,https://www.indiabudget.gov.in/budget2023-24/doc/eb/dg25.xls,dg25.xls,demands_for_grants
2023-2024,https://www.indiabudget.gov.in/budget2023-24/index.php,https://www.indiabudget.gov.in/budget2023-24/doc/eb/dg26.pdf,dg26.pdf,demands_for_grants
2023-2024,https://www.indiabudget.gov.in/budget2023-24/index.php,https://www.indiabudget.gov.in/budget2023-24/doc/eb/dg26.xls,dg26.xls,demands_for_grants
2023-2024,https://www.indiabudget.gov.in/budget2023-24/index.php,https://www.indiabudget.gov.in/budget2023-24/doc/eb/dg27.pdf,dg27.pdf,demands_for_grants
2023-2024,https://www.indiabudget.gov.in/budget2023-24/index.php,https://www.indiabudget.gov.in/budget2023-24/doc/eb/dg27.xls,dg27.xls,demands_for_grants
2023-2024,https://www.indiabudget.gov.in/budget2023-24/index.php,https://www.indiabudget.gov.in/budget2023-24/doc/eb/dg28.pdf,dg28.pdf,demands_for_grants
2023-2024,https://www.indiabudget.gov.in/budget2023-24/index.php,https://www.indiabudget.gov.in/budget2023-24/doc/eb/dg28.xls,dg28.xls,demands_for_grants
2023-2024,https://www.indiabudget.gov.in/budget2023-24/index.php,https://www.indiabudget.gov.in/budget2023-24/doc/eb/dg29.pdf,dg29.pdf,demands_for_grants
2023-2024,https://www.indiabudget.gov.in/budget2023-24/index.php,https://www.indiabudget.gov.in/budget2023-24/doc/eb/dg29.xls,dg29.xls,demands_for_grants
2023-2024,https://www.indiabudget.gov.in/budget2023-24/index.php,https://www.indiabudget.gov.in/budget2023-24/doc/eb/dg30.pdf,dg30.pdf,demands_for_grants
2023-2024,https://www.indiabudget.gov.in/budget2023-24/index.php,https://www.indiabudget.gov.in/budget2023-24/doc/eb/dg30.xls,dg30.xls,demands_for_grants
2023-2024,https://www.indiabudget.gov.in/budget2023-24/index.php,https://www.indiabudget.gov.in/budget2023-24/doc/eb/dg31.pdf,dg31.pdf,demands_for_grants
2023-2024,https://www.indiabudget.gov.in/budget2023-24/index.php,https://www.indiabudget.gov.in/budget2023-24/doc/eb/dg31.xls,dg31.xls,demands_for_grants
2023-2024,https://www.indiabudget.gov.in/budget2023-24/index.php,https://www.indiabudget.gov.in/budget2023-24/doc/eb/dg32.pdf,dg32.pdf,demands_for_grants
2023-2024,https://www.indiabudget.gov.in/budget2023-24/index.php,https://www.indiabudget.gov.in/budget2023-24/doc/eb/dg32.xls,dg32.xls,demands_for_grants
2023-2024,https://www.indiabudget.gov.in/budget2023-24/index.php,https://www.indiabudget.gov.in/budget2023-24/doc/eb/dg33.pdf,dg33.pdf,demands_for_grants
2023-2024,https://www.indiabudget.gov.in/budget2023-24/index.php,https://www.indiabudget.gov.in/budget2023-24/doc/eb/dg33.xls,dg33.xls,demands_for_grants
2023-2024,https://www.indiabudget.gov.in/budget2023-24/index.php,https://www.indiabudget.gov.in/budget2023-24/doc/eb/dg34.pdf,dg34.pdf,demands_for_grants
2023-2024,https://www.indiabudget.gov.in/budget2023-24/index.php,https://www.indiabudget.gov.in/budget2023-24/doc/eb/dg34.xls,dg34.xls,demands_for_grants
2023-2024,https://www.indiabudget.gov.in/budget2023-24/index.php,https://www.indiabudget.gov.in/budget2023-24/doc/eb/dg35.pdf,dg35.pdf,demands_for_grants
2023-2024,https://www.indiabudget.gov.in/budget2023-24/index.php,https://www.indiabudget.gov.in/budget2023-24/doc/eb/dg35.xls,dg35.xls,demands_for_grants
2023-2024,https://www.indiabudget.gov.in/budget2023-24/index.php,https://www.indiabudget.gov.in/budget2023-24/doc/eb/dg36.pdf,dg36.pdf,demands_for_grants
2023-2024,https://www.indiabudget.gov.in/budget2023-24/index.php,https://www.indiabudget.gov.in/budget2023-24/doc/eb/dg36.xls,dg36.xls,demands_for_grants
2023-2024,https://www.indiabudget.gov.in/budget2023-24/index.php,https://www.indiabudget.gov.in/budget2023-24/doc/eb/dg37.pdf,dg37.pdf,demands_for_grants
2023-2024,https://www.indiabudget.gov.in/budget2023-24/index.php,https://www.indiabudget.gov.in/budget2023-24/doc/eb/dg37.xls,dg37.xls,demands_for_grants
2023-2024,https://www.indiabudget.gov.in/budget2023-24/index.php,https://www.indiabudget.gov.in/budget2023-24/doc/eb/dg38.pdf,dg38.pdf,demands_for_grants
2023-2024,https://www.indiabudget.gov.in/budget2023-24/index.php,https://www.indiabudget.gov.in/budget2023-24/doc/eb/dg38.xls,dg38.xls,demands_for_grants
2023-2024,https://www.indiabudget.gov.in/budget2023-24/index.php,https://www.indiabudget.gov.in/budget2023-24/doc/eb/dg39.pdf,dg39.pdf,demands_for_grants
2023-2024,https://www.indiabudget.gov.in/budget2023-24/index.php,https://www.indiabudget.gov.in/budget2023-24/doc/eb/dg39.xls,dg39.xls,demands_for_grants
2023-2024,https://www.indiabudget.gov.in/budget2023-24/index.php,https://www.indiabudget.gov.in/budget2023-24/doc/eb/dg40.pdf,dg40.pdf,demands_for_grants
2023-2024,https://www.indiabudget.gov.in/budget2023-24/index.php,https://www.indiabudget.gov.in/budget2023-24/doc/eb/dg40.xls,dg40.xls,demands_for_grants
2023-2024,https://www.indiabudget.gov.in/budget2023-24/index.php,https://www.indiabudget.gov.in/budget2023-24/doc/eb/dg41.pdf,dg41.pdf,demands_for_grants
2023-2024,https://www.indiabudget.gov.in/budget2023-24/index.php,https://www.indiabudget.gov.in/budget2023-24/doc/eb/dg41.xls,dg41.xls,demands_for_grants
2023-2024,https://www.indiabudget.gov.in/budget2023-24/index.php,https://www.indiabudget.gov.in/budget2023-24/doc/eb/dg42.pdf,dg42.pdf,demands_for_grants
2023-2024,https://www.indiabudget.gov.in/budget2023-24/index.php,https://www.indiabudget.gov.in/budget2023-24/doc/eb/dg42.xls,dg42.xls,demands_for_grants
2023-2024,https://www.indiabudget.gov.in/budget2023-24/index.php,https://www.indiabudget.gov.in/budget2023-24/doc/eb/dg43.pdf,dg43.pdf,demands_for_grants
2023-2024,https://www.indiabudget.gov.in/budget2023-24/index.php,https://www.indiabudget.gov.in/budget2023-24/doc/eb/dg43.xls,dg43.xls,demands_for_grants
2023-2024,https://www.indiabudget.gov.in/budget2023-24/index.php,https://www.indiabudget.gov.in/budget2023-24/doc/eb/dg44.pdf,dg44.pdf,demands_for_grants
2023-2024,https://www.indiabudget.gov.in/budget2023-24/index.php,https://www.indiabudget.gov.in/budget2023-24/doc/eb/dg44.xls,dg44.xls,demands_for_grants
2023-2024,https://www.indiabudget.gov.in/budget2023-24/index.php,https://www.indiabudget.gov.in/budget2023-24/doc/eb/dg45.pdf,dg45.pdf,demands_for_grants
2023-2024,https://www.indiabudget.gov.in/budget2023-24/index.php,https://www.indiabudget.gov.in/budget2023-24/doc/eb/dg45.xls,dg45.xls,demands_for_grants
2023-2024,https://www.indiabudget.gov.in/budget2023-24/index.php,https://www.indiabudget.gov.in/budget2023-24/doc/eb/dg46.pdf,dg46.pdf,demands_for_grants
2023-2024,https://www.indiabudget.gov.in/budget2023-24/index.php,https://www.indiabudget.gov.in/budget2023-24/doc/eb/dg46.xls,dg46.xls,demands_for_grants
2023-2024,https://www.indiabudget.gov.in/budget2023-24/index.php,https://www.indiabudget.gov.in/budget2023-24/doc/eb/dg47.pdf,dg47.pdf,demands_for_grants
2023-2024,https://www.indiabudget.gov.in/budget2023-24/index.php,https://www.indiabudget.gov.in/budget2023-24/doc/eb/dg47.xls,dg47.xls,demands_for_grants
2023-2024,https://www.indiabudget.gov.in/budget2023-24/index.php,https://www.indiabudget.gov.in/budget2023-24/doc/eb/dg48.pdf,dg48.pdf,demands_for_grants
2023-2024,https://www.indiabudget.gov.in/budget2023-24/index.php,https://www.indiabudget.gov.in/budget2023-24/doc/eb/dg48.xls,dg48.xls,demands_for_grants
2023-2024,https://www.indiabudget.gov.in/budget2023-24/index.php,https://www.indiabudget.gov.in/budget2023-24/doc/eb/dg49.pdf,dg49.pdf,demands_for_grants
2023-2024,https://www.indiabudget.gov.in/budget2023-24/index.php,https://www.indiabudget.gov.in/budget2023-24/doc/eb/dg49.xls,dg49.xls,demands_for_grants
2023-2024,https://www.indiabudget.gov.in/budget2023-24/index.php,https://www.indiabudget.gov.in/budget2023-24/doc/eb/dg50.pdf,dg50.pdf,demands_for_grants
2023-2024,https://www.indiabudget.gov.in/budget2023-24/index.php,https://www.indiabudget.gov.in/budget2023-24/doc/eb/dg50.xls,dg50.xls,demands_for_grants
2023-2024,https://www.indiabudget.gov.in/budget2023-24/index.php,https://www.indiabudget.gov.in/budget2023-24/doc/eb/dg51.pdf,dg51.pdf,demands_for_grants
2023-2024,https://www.indiabudget.gov.in/budget2023-24/index.php,https://www.indiabudget.gov.in/budget2023-24/doc/eb/dg51.xls,dg51.xls,demands_for_grants
2023-2024,https://www.indiabudget.gov.in/budget2023-24/index.php,https://www.indiabudget.gov.in/budget2023-24/doc/eb/dg52.pdf,dg52.pdf,demands_for_grants
2023-2024,https://www.indiabudget.gov.in/budget2023-24/index.php,https://www.indiabudget.gov.in/budget2023-24/doc/eb/dg52.xls,dg52.xls,demands_for_grants
2023-2024,https://www.indiabudget.gov.in/budget2023-24/index.php,https://www.indiabudget.gov.in/budget2023-24/doc/eb/dg53.pdf,dg53.pdf,demands_for_grants
2023-2024,https://www.indiabudget.gov.in/budget2023-24/index.php,https://www.indiabudget.gov.in/budget2023-24/doc/eb/dg53.xls,dg53.xls,demands_for_grants
2023-2024,https://www.indiabudget.gov.in/budget2023-24/index.php,https://www.indiabudget.gov.in/budget2023-24/doc/eb/dg54.pdf,dg54.pdf,demands_for_grants
2023-2024,https://www.indiabudget.gov.in/budget2023-24/index.php,https://www.indiabudget.gov.in/budget2023-24/doc/eb/dg54.xls,dg54.xls,demands_for_grants
2023-2024,https://www.indiabudget.gov.in/budget2023-24/index.php,https://www.indiabudget.gov.in/budget2023-24/doc/eb/dg55.pdf,dg55.pdf,demands_for_grants
2023-2024,https://www.indiabudget.gov.in/budget2023-24/index.php,https://www.indiabudget.gov.in/budget2023-24/doc/eb/dg55.xls,dg55.xls,demands_for_grants
2023-2024,https://www.indiabudget.gov.in/budget2023-24/index.php,https://www.indiabudget.gov.in/budget2023-24/doc/eb/dg56.pdf,dg56.pdf,demands_for_grants
2023-2024,https://www.indiabudget.gov.in/budget2023-24/index.php,https://www.indiabudget.gov.in/budget2023-24/doc/eb/dg56.xls,dg56.xls,demands_for_grants
2023-2024,https://www.indiabudget.gov.in/budget2023-24/index.php,https://www.indiabudget.gov.in/budget2023-24/doc/eb/dg57.pdf,dg57.pdf,demands_for_grants
2023-2024,https://www.indiabudget.gov.in/budget2023-24/index.php,https://www.indiabudget.gov.in/budget2023-24/doc/eb/dg57.xls,dg57.xls,demands_for_grants
2023-2024,https://www.indiabudget.gov.in/budget2023-24/index.php,https://www.indiabudget.gov.in/budget2023-24/doc/eb/dg58.pdf,dg58.pdf,demands_for_grants
2023-2024,https://www.indiabudget.gov.in/budget2023-24/index.php,https://www.indiabudget.gov.in/budget2023-24/doc/eb/dg58.xls,dg58.xls,demands_for_grants
2023-2024,https://www.indiabudget.gov.in/budget2023-24/index.php,https://www.indiabudget.gov.in/budget2023-24/doc/eb/dg59.pdf,dg59.pdf,demands_for_grants
2023-2024,https://www.indiabudget.gov.in/budget2023-24/index.php,https://www.indiabudget.gov.in/budget2023-24/doc/eb/dg59.xls,dg59.xls,demands_for_grants
2023-2024,https://www.indiabudget.gov.in/budget2023-24/index.php,https://www.indiabudget.gov.in/budget2023-24/doc/eb/dg60.pdf,dg60.pdf,demands_for_grants
2023-2024,https://www.indiabudget.gov.in/budget2023-24/index.php,https://www.indiabudget.gov.in/budget2023-24/doc/eb/dg60.xls,dg60.xls,demands_for_grants
2023-2024,https://www.indiabudget.gov.in/budget2023-24/index.php,https://www.indiabudget.gov.in/budget2023-24/doc/eb/dg61.pdf,dg61.pdf,demands_for_grants
2023-2024,https://www.indiabudget.gov.in/budget2023-24/index.php,https://www.indiabudget.gov.in/budget2023-24/doc/eb/dg61.xls,dg61.xls,demands_for_grants
2023-2024,https://www.indiabudget.gov.in/budget2023-24/index.php,https://www.indiabudget.gov.in/budget2023-24/doc/eb/dg62.pdf,dg62.pdf,demands_for_grants
2023-2024,https://www.indiabudget.gov.in/budget2023-24/index.php,https://www.indiabudget.gov.in/budget2023-24/doc/eb/dg62.xls,dg62.xls,demands_for_grants
2023-2024,https://www.indiabudget.gov.in/budget2023-24/index.php,https://www.indiabudget.gov.in/budget2023-24/doc/eb/dg63.pdf,dg63.pdf,demands_for_grants
2023-2024,https://www.indiabudget.gov.in/budget2023-24/index.php,https://www.indiabudget.gov.in/budget2023-24/doc/eb/dg63.xls,dg63.xls,demands_for_grants
2023-2024,https://www.indiabudget.gov.in/budget2023-24/index.php,https://www.indiabudget.gov.in/budget2023-24/doc/eb/dg64.pdf,dg64.pdf,demands_for_grants
2023-2024,https://www.indiabudget.gov.in/budget2023-24/index.php,https://www.indiabudget.gov.in/budget2023-24/doc/eb/dg64.xls,dg64.xls,demands_for_grants
2023-2024,https://www.indiabudget.gov.in/budget2023-24/index.php,https://www.indiabudget.gov.in/budget2023-24/doc/eb/dg65.pdf,dg65.pdf,demands_for_grants
2023-2024,https://www.indiabudget.gov.in/budget2023-24/index.php,https://www.indiabudget.gov.in/budget2023-24/doc/eb/dg66.pdf,dg66.pdf,demands_for_grants
2023-2024,https://www.indiabudget.gov.in/budget2023-24/index.php,https://www.indiabudget.gov.in/budget2023-24/doc/eb/dg66.xls,dg66.xls,demands_for_grants
2023-2024,https://www.indiabudget.gov.in/budget2023-24/index.php,https://www.indiabudget.gov.in/budget2023-24/doc/eb/dg67.pdf,dg67.pdf,demands_for_grants
2023-2024,https://www.indiabudget.gov.in/budget2023-24/index.php,https://www.indiabudget.gov.in/budget2023-24/doc/eb/dg67.xls,dg67.xls,demands_for_grants
2023-2024,https://www.indiabudget.gov.in/budget2023-24/index.php,https://www.indiabudget.gov.in/budget2023-24/doc/eb/dg68.pdf,dg68.pdf,demands_for_grants
2023-2024,https://www.indiabudget.gov.in/budget2023-24/index.php,https://www.indiabudget.gov.in/budget2023-24/doc/eb/dg68.xls,dg68.xls,demands_for_grants
2023-2024,https://www.indiabudget.gov.in/budget2023-24/index.php,https://www.indiabudget.gov.in/budget2023-24/doc/eb/dg69.pdf,dg69.pdf,demands_for_grants
2023-2024,https://www.indiabudget.gov.in/budget2023-24/index.php,https://www.indiabudget.gov.in/budget2023-24/doc/eb/dg69.xls,dg69.xls,demands_for_grants
2023-2024,https://www.indiabudget.gov.in/budget2023-24/index.php,https://www.indiabudget.gov.in/budget2023-24/doc/eb/dg70.pdf,dg70.pdf,demands_for_grants
2023-2024,https://www.indiabudget.gov.in/budget2023-24/index.php,https://www.indiabudget.gov.in/budget2023-24/doc/eb/dg70.xls,dg70.xls,demands_for_grants
2023-2024,https://www.indiabudget.gov.in/budget2023-24/index.php,https://www.indiabudget.gov.in/budget2023-24/doc/eb/dg71.pdf,dg71.pdf,demands_for_grants
2023-2024,https://www.indiabudget.gov.in/budget2023-24/index.php,https://www.indiabudget.gov.in/budget2023-24/doc/eb/dg71.xls,dg71.xls,demands_for_grants
2023-2024,https://www.indiabudget.gov.in/budget2023-24/index.php,https://www.indiabudget.gov.in/budget2023-24/doc/eb/dg72.pdf,dg72.pdf,demands_for_grants
2023-2024,https://www.indiabudget.gov.in/budget2023-24/index.php,https://www.indiabudget.gov.in/budget2023-24/doc/eb/dg72.xls,dg72.xls,demands_for_grants
2023-2024,https://www.indiabudget.gov.in/budget2023-24/index.php,https://www.indiabudget.gov.in/budget2023-24/doc/eb/dg73.pdf,dg73.pdf,demands_for_grants
2023-2024,https://www.indiabudget.gov.in/budget2023-24/index.php,https://www.indiabudget.gov.in/budget2023-24/doc/eb/dg73.xls,dg73.xls,demands_for_grants
2023-2024,https://www.indiabudget.gov.in/budget2023-24/index.php,https://www.indiabudget.gov.in/budget2023-24/doc/eb/dg74.pdf,dg74.pdf,demands_for_grants
2023-2024,https://www.indiabudget.gov.in/budget2023-24/index.php,https://www.indiabudget.gov.in/budget2023-24/doc/eb/dg74.xls,dg74.xls,demands_for_grants
2023-2024,https://www.indiabudget.gov.in/budget2023-24/index.php,https://www.indiabudget.gov.in/budget2023-24/doc/eb/dg75.pdf,dg75.pdf,demands_for_grants
2023-2024,https://www.indiabudget.gov.in/budget2023-24/index.php,https://www.indiabudget.gov.in/budget2023-24/doc/eb/dg75.xls,dg75.xls,demands_for_grants
2023-2024,https://www.indiabudget.gov.in/budget2023-24/index.php,https://www.indiabudget.gov.in/budget2023-24/doc/eb/dg76.pdf,dg76.pdf,demands_for_grants
2023-2024,https://www.indiabudget.gov.in/budget2023-24/index.php,https://www.indiabudget.gov.in/budget2023-24/doc/eb/dg76.xls,dg76.xls,demands_for_grants
2023-2024,https://www.indiabudget.gov.in/budget2023-24/index.php,https://www.indiabudget.gov.in/budget2023-24/doc/eb/dg77.pdf,dg77.pdf,demands_for_grants
2023-2024,https://www.indiabudget.gov.in/budget2023-24/index.php,https://www.indiabudget.gov.in/budget2023-24/doc/eb/dg77.xls,dg77.xls,demands_for_grants
2023-2024,https://www.indiabudget.gov.in/budget2023-24/index.php,https://www.indiabudget.gov.in/budget2023-24/doc/eb/dg78.pdf,dg78.pdf,demands_for_grants
2023-2024,https://www.indiabudget.gov.in/budget2023-24/index.php,https://www.indiabudget.gov.in/budget2023-24/doc/eb/dg78.xls,dg78.xls,demands_for_grants
2023-2024,https://www.indiabudget.gov.in/budget2023-24/index.php,https://www.indiabudget.gov.in/budget2023-24/doc/eb/dg79.pdf,dg79.pdf,demands_for_grants
2023-2024,https://www.indiabudget.gov.in/budget2023-24/index.php,https://www.indiabudget.gov.in/budget2023-24/doc/eb/dg79.xls,dg79.xls,demands_for_grants
2023-2024,https://www.indiabudget.gov.in/budget2023-24/index.php,https://www.indiabudget.gov.in/budget2023-24/doc/eb/dg80.pdf,dg80.pdf,demands_for_grants
2023-2024,https://www.indiabudget.gov.in/budget2023-24/index.php,https://www.indiabudget.gov.in/budget2023-24/doc/eb/dg80.xls,dg80.xls,demands_for_grants
2023-2024,https://www.indiabudget.gov.in/budget2023-24/index.php,https://www.indiabudget.gov.in/budget2023-24/doc/eb/dg81.pdf,dg81.pdf,demands_for_grants
2023-2024,https://www.indiabudget.gov.in/budget2023-24/index.php,https://www.indiabudget.gov.in/budget2023-24/doc/eb/dg81.xls,dg81.xls,demands_for_grants
2023-2024,https://www.indiabudget.gov.in/budget2023-24/index.php,https://www.indiabudget.gov.in/budget2023-24/doc/eb/dg82.pdf,dg82.pdf,demands_for_grants
2023-2024,https://www.indiabudget.gov.in/budget2023-24/index.php,https://www.indiabudget.gov.in/budget2023-24/doc/eb/dg82.xls,dg82.xls,demands_for_grants
2023-2024,https://www.indiabudget.gov.in/budget2023-24/index.php,https://www.indiabudget.gov.in/budget2023-24/doc/eb/dg83.pdf,dg83.pdf,demands_for_grants
2023-2024,https://www.indiabudget.gov.in/budget2023-24/index.php,https://www.indiabudget.gov.in/budget2023-24/doc/eb/dg83.xls,dg83.xls,demands_for_grants
2023-2024,https://www.indiabudget.gov.in/budget2023-24/index.php,https://www.indiabudget.gov.in/budget2023-24/doc/eb/dg84.pdf,dg84.pdf,demands_for_grants
2023-2024,https://www.indiabudget.gov.in/budget2023-24/index.php,https://www.indiabudget.gov.in/budget2023-24/doc/eb/dg84.xls,dg84.xls,demands_for_grants
2023-2024,https://www.indiabudget.gov.in/budget2023-24/index.php,https://www.indiabudget.gov.in/budget2023-24/doc/eb/dg85.pdf,dg85.pdf,demands_for_grants
2023-2024,https://www.indiabudget.gov.in/budget2023-24/index.php,https://www.indiabudget.gov.in/budget2023-24/doc/eb/dg85.xls,dg85.xls,demands_for_grants
2023-2024,https://www.indiabudget.gov.in/budget2023-24/index.php,https://www.indiabudget.gov.in/budget2023-24/doc/eb/dg86.pdf,dg86.pdf,demands_for_grants
2023-2024,https://www.indiabudget.gov.in/budget2023-24/index.php,https://www.indiabudget.gov.in/budget2023-24/doc/eb/dg86.xls,dg86.xls,demands_for_grants
2023-2024,https://www.indiabudget.gov.in/budget2023-24/index.php,https://www.indiabudget.gov.in/budget2023-24/doc/eb/dg87.pdf,dg87.pdf,demands_for_grants
2023-2024,https://www.indiabudget.gov.in/budget2023-24/index.php,https://www.indiabudget.gov.in/budget2023-24/doc/eb/dg87.xls,dg87.xls,demands_for_grants
2023-2024,https://www.indiabudget.gov.in/budget2023-24/index.php,https://www.indiabudget.gov.in/budget2023-24/doc/eb/dg88.pdf,dg88.pdf,demands_for_grants
2023-2024,https://www.indiabudget.gov.in/budget2023-24/index.php,https://www.indiabudget.gov.in/budget2023-24/doc/eb/dg88.xls,dg88.xls,demands_for_grants
2023-2024,https://www.indiabudget.gov.in/budget2023-24/index.php,https://www.indiabudget.gov.in/budget2023-24/doc/eb/dg89.pdf,dg89.pdf,demands_for_grants
2023-2024,https://www.indiabudget.gov.in/budget2023-24/index.php,https://www.indiabudget.gov.in/budget2023-24/doc/eb/dg89.xls,dg89.xls,demands_for_grants
2023-2024,https://www.indiabudget.gov.in/budget2023-24/index.php,https://www.indiabudget.gov.in/budget2023-24/doc/eb/dg90.pdf,dg90.pdf,demands_for_grants
2023-2024,https://www.indiabudget.gov.in/budget2023-24/index.php,https://www.indiabudget.gov.in/budget2023-24/doc/eb/dg90.xls,dg90.xls,demands_for_grants
2023-2024,https://www.indiabudget.gov.in/budget2023-24/index.php,https://www.indiabudget.gov.in/budget2023-24/doc/eb/dg91.pdf,dg91.pdf,demands_for_grants
2023-2024,https://www.indiabudget.gov.in/budget2023-24/index.php,https://www.indiabudget.gov.in/budget2023-24/doc/eb/dg91.xls,dg91.xls,demands_for_grants
2023-2024,https://www.indiabudget.gov.in/budget2023-24/index.php,https://www.indiabudget.gov.in/budget2023-24/doc/eb/dg92.pdf,dg92.pdf,demands_for_grants
2023-2024,https://www.indiabudget.gov.in/budget2023-24/index.php,https://www.indiabudget.gov.in/budget2023-24/doc/eb/dg92.xls,dg92.xls,demands_for_grants
2023-2024,https://www.indiabudget.gov.in/budget2023-24/index.php,https://www.indiabudget.gov.in/budget2023-24/doc/eb/dg93.pdf,dg93.pdf,demands_for_grants
2023-2024,https://www.indiabudget.gov.in/budget2023-24/index.php,https://www.indiabudget.gov.in/budget2023-24/doc/eb/dg93.xls,dg93.xls,demands_for_grants
2023-2024,https://www.indiabudget.gov.in/budget2023-24/index.php,https://www.indiabudget.gov.in/budget2023-24/doc/eb/dg94.pdf,dg94.pdf,demands_for_grants
2023-2024,https://www.indiabudget.gov.in/budget2023-24/index.php,https://www.indiabudget.gov.in/budget2023-24/doc/eb/dg94.xls,dg94.xls,demands_for_grants
2023-2024,https://www.indiabudget.gov.in/budget2023-24/index.php,https://www.indiabudget.gov.in/budget2023-24/doc/eb/dg95.pdf,dg95.pdf,demands_for_grants
2023-2024,https://www.indiabudget.gov.in/budget2023-24/index.php,https://www.indiabudget.gov.in/budget2023-24/doc/eb/dg95.xls,dg95.xls,demands_for_grants
2023-2024,https://www.indiabudget.gov.in/budget2023-24/index.php,https://www.indiabudget.gov.in/budget2023-24/doc/eb/dg96.pdf,dg96.pdf,demands_for_grants
2023-2024,https://www.indiabudget.gov.in/budget2023-24/index.php,https://www.indiabudget.gov.in/budget2023-24/doc/eb/dg96.xls,dg96.xls,demands_for_grants
2023-2024,https://www.indiabudget.gov.in/budget2023-24/index.php,https://www.indiabudget.gov.in/budget2023-24/doc/eb/dg97.pdf,dg97.pdf,demands_for_grants
2023-2024,https://www.indiabudget.gov.in/budget2023-24/index.php,https://www.indiabudget.gov.in/budget2023-24/doc/eb/dg97.xls,dg97.xls,demands_for_grants
2023-2024,https://www.indiabudget.gov.in/budget2023-24/index.php,https://www.indiabudget.gov.in/budget2023-24/doc/eb/dg98.pdf,dg98.pdf,demands_for_grants
2023-2024,https://www.indiabudget.gov.in/budget2023-24/index.php,https://www.indiabudget.gov.in/budget2023-24/doc/eb/dg98.xls,dg98.xls,demands_for_grants
2023-2024,https://www.indiabudget.gov.in/budget2023-24/index.php,https://www.indiabudget.gov.in/budget2023-24/doc/eb/dg99.pdf,dg99.pdf,demands_for_grants
2023-2024,https://www.indiabudget.gov.in/budget2023-24/index.php,https://www.indiabudget.gov.in/budget2023-24/doc/eb/dg99.xls,dg99.xls,demands_for_grants
2023-2024,https://www.indiabudget.gov.in/budget2023-24/index.php,https://www.indiabudget.gov.in/budget2023-24/doc/eb/dg100.pdf,dg100.pdf,demands_for_grants
2023-2024,https://www.indiabudget.gov.in/budget2023-24/index.php,https://www.indiabudget.gov.in/budget2023-24/doc/eb/dg100.xls,dg100.xls,demands_for_grants
2023-2024,https://www.indiabudget.gov.in/budget2023-24/index.php,https://www.indiabudget.gov.in/budget2023-24/doc/eb/dg101.pdf,dg101.pdf,demands_for_grants
2023-2024,https://www.indiabudget.gov.in/budget2023-24/index.php,https://www.indiabudget.gov.in/budget2023-24/doc/eb/dg101.xls,dg101.xls,demands_for_grants
2023-2024,https://www.indiabudget.gov.in/budget2023-24/index.php,https://www.indiabudget.gov.in/budget2023-24/doc/eb/dg102.pdf,dg102.pdf,demands_for_grants
2023-2024,https://www.indiabudget.gov.in/budget2023-24/index.php,https://www.indiabudget.gov.in/budget2023-24/doc/eb/dg102.xls,dg102.xls,demands_for_grants
2023-2024,https://www.indiabudget.gov.in/budget2023-24/index.php,https://www.indiabudget.gov.in/budget2023-24/doc/rec/allrec.pdf,allrec.pdf,demands_for_grants
2023-2024,https://www.indiabudget.gov.in/budget2023-24/index.php,https://www.indiabudget.gov.in/budget2023-24/doc/rec/int.pdf,int.pdf,demands_for_grants
2023-2024,https://www.indiabudget.gov.in/budget2023-24/index.php,https://www.indiabudget.gov.in/budget2023-24/doc/rec/ar.pdf,ar.pdf,demands_for_grants
2023-2024,https://www.indiabudget.gov.in/budget2023-24/index.php,https://www.indiabudget.gov.in/budget2023-24/doc/rec/tr.pdf,tr.pdf,demands_for_grants
2023-2024,https://www.indiabudget.gov.in/budget2023-24/index.php,https://www.indiabudget.gov.in/budget2023-24/doc/rec/tr.xls,tr.xls,demands_for_grants
2023-2024,https://www.indiabudget.gov.in/budget2023-24/index.php,https://www.indiabudget.gov.in/budget2023-24/doc/rec/ntr.pdf,ntr.pdf,demands_for_grants
2023-2024,https://www.indiabudget.gov.in/budget2023-24/index.php,https://www.indiabudget.gov.in/budget2023-24/doc/rec/ntr.xls,ntr.xls,demands_for_grants
2023-2024,https://www.indiabudget.gov.in/budget2023-24/index.php,https://www.indiabudget.gov.in/budget2023-24/doc/rec/cr.pdf,cr.pdf,demands_for_grants
2023-2024,https://www.indiabudget.gov.in/budget2023-24/index.php,https://www.indiabudget.gov.in/budget2023-24/doc/rec/cr.xls,cr.xls,demands_for_grants
2023-2024,https://www.indiabudget.gov.in/budget2023-24/index.php,https://www.indiabudget.gov.in/budget2023-24/doc/rec/annex1.pdf,annex1.pdf,demands_for_grants
2023-2024,https://www.indiabudget.gov.in/budget2023-24/index.php,https://www.indiabudget.gov.in/budget2023-24/doc/rec/annex2.pdf,annex2.pdf,demands_for_grants
2023-2024,https://www.indiabudget.gov.in/budget2023-24/index.php,https://www.indiabudget.gov.in/budget2023-24/doc/rec/annex3.pdf,annex3.pdf,demands_for_grants
2023-2024,https://www.indiabudget.gov.in/budget2023-24/index.php,https://www.indiabudget.gov.in/budget2023-24/doc/rec/annex4.pdf,annex4.pdf,demands_for_grants
2023-2024,https://www.indiabudget.gov.in/budget2023-24/index.php,https://www.indiabudget.gov.in/budget2023-24/doc/rec/annex4a.pdf,annex4a.pdf,demands_for_grants
2023-2024,https://www.indiabudget.gov.in/budget2023-24/index.php,https://www.indiabudget.gov.in/budget2023-24/doc/rec/annex4b.pdf,annex4b.pdf,demands_for_grants
2023-2024,https://www.indiabudget.gov.in/budget2023-24/index.php,https://www.indiabudget.gov.in/budget2023-24/doc/rec/annex5.pdf,annex5.pdf,demands_for_grants
2023-2024,https://www.indiabudget.gov.in/budget2023-24/index.php,https://www.indiabudget.gov.in/budget2023-24/doc/rec/annex6.pdf,annex6.pdf,demands_for_grants
2023-2024,https://www.indiabudget.gov.in/budget2023-24/index.php,https://www.indiabudget.gov.in/budget2023-24/doc/rec/annex7.pdf,annex7.pdf,demands_for_grants
2023-2024,https://www.indiabudget.gov.in/budget2023-24/index.php,https://www.indiabudget.gov.in/budget2023-24/doc/rec/annex8.pdf,annex8.pdf,demands_for_grants
2023-2024,https://www.indiabudget.gov.in/budget2023-24/index.php,https://www.indiabudget.gov.in/budget2023-24/doc/rec/annex9.pdf,annex9.pdf,demands_for_grants
2023-2024,https://www.indiabudget.gov.in/budget2023-24/index.php,https://www.indiabudget.gov.in/budget2023-24/doc/rec/annex91.pdf,annex91.pdf,demands_for_grants
2023-2024,https://www.indiabudget.gov.in/budget2023-24/index.php,https://www.indiabudget.gov.in/budget2023-24/doc/rec/annex92.pdf,annex92.pdf,demands_for_grants
2023-2024,https://www.indiabudget.gov.in/budget2023-24/index.php,https://www.indiabudget.gov.in/budget2023-24/doc/rec/annex93.pdf,annex93.pdf,demands_for_grants
2023-2024,https://www.indiabudget.gov.in/budget2023-24/index.php,https://www.indiabudget.gov.in/budget2023-24/doc/rec/annex94.pdf,annex94.pdf,demands_for_grants
2023-2024,https://www.indiabudget.gov.in/budget2023-24/index.php,https://www.indiabudget.gov.in/budget2023-24/doc/rec/annex10.pdf,annex10.pdf,demands_for_grants
2023-2024,https://www.indiabudget.gov.in/budget2023-24/index.php,https://www.indiabudget.gov.in/budget2023-24/doc/rec/annex10a.pdf,annex10a.pdf,demands_for_grants
2023-2024,https://www.indiabudget.gov.in/budget2023-24/index.php,https://www.indiabudget.gov.in/budget2023-24/doc/rec/annex10b.pdf,annex10b.pdf,demands_for_grants
2023-2024,https://www.indiabudget.gov.in/budget2023-24/index.php,https://www.indiabudget.gov.in/budget2023-24/doc/rec/annex10c.pdf,annex10c.pdf,demands_for_grants
2023-2024,https://www.indiabudget.gov.in/budget2023-24/index.php,https://www.indiabudget.gov.in/budget2023-24/doc/rec/annex10d.pdf,annex10d.pdf,demands_for_grants
2023-2024,https://www.indiabudget.gov.in/budget2023-24/index.php,https://www.indiabudget.gov.in/budget2023-24/doc/rec/annex10e.pdf,annex10e.pdf,demands_for_grants
2023-2024,https://www.indiabudget.gov.in/budget2023-24/index.php,https://www.indiabudget.gov.in/budget2023-24/doc/rec/annex10f.pdf,annex10f.pdf,demands_for_grants
2023-2024,https://www.indiabudget.gov.in/budget2023-24/index.php,https://www.indiabudget.gov.in/budget2023-24/doc/rec/annex10g.pdf,annex10g.pdf,demands_for_grants
2023-2024,https://www.indiabudget.gov.in/budget2023-24/index.php,https://www.indiabudget.gov.in/budget2023-24/doc/rec/annex10h.pdf,annex10h.pdf,demands_for_grants
2023-2024,https://www.indiabudget.gov.in/budget2023-24/index.php,https://www.indiabudget.gov.in/budget2023-24/doc/rec/annex10i.pdf,annex10i.pdf,demands_for_grants
2023-2024,https://www.indiabudget.gov.in/budget2023-24/index.php,https://www.indiabudget.gov.in/budget2023-24/doc/rec/annex10j.pdf,annex10j.pdf,demands_for_grants
2023-2024,https://www.indiabudget.gov.in/budget2023-24/index.php,https://www.indiabudget.gov.in/budget2023-24/doc/rec/annex11.pdf,annex11.pdf,demands_for_grants
2023-2024,https://www.indiabudget.gov.in/budget2023-24/index.php,https://www.indiabudget.gov.in/budget2023-24/doc/rec/annex12.pdf,annex12.pdf,demands_for_grants
2023-2024,https://www.indiabudget.gov.in/budget2023-24/index.php,https://www.indiabudget.gov.in/budget2023-24/doc/rec/annex13.pdf,annex13.pdf,demands_for_grants
2023-2024,https://www.indiabudget.gov.in/budget2023-24/index.php,https://www.indiabudget.gov.in/budget2023-24/doc/rec/annex14.pdf,annex14.pdf,demands_for_grants
2022-2023,https://www.indiabudget.gov.in/budget2022-23/index.php,https://www.indiabudget.gov.in/budget2022-23/doc/Key_to_Budget_Document_2022.pdf,Key_to_Budget_Document_2022.pdf,full_budget_document
2022-2023,https://www.indiabudget.gov.in/budget2022-23/index.php,https://www.indiabudget.gov.in/budget2022-23/doc/bh1.pdf,bh1.pdf,demands_for_grants
2022-2023,https://www.indiabudget.gov.in/budget2022-23/index.php,https://www.indiabudget.gov.in/budget2022-23/doc/AFS/allafs.pdf,allafs.pdf,demands_for_grants
2022-2023,https://www.indiabudget.gov.in/budget2022-23/index.php,https://www.indiabudget.gov.in/budget2022-23/doc/AFS/allafs.xls,allafs.xls,demands_for_grants
2022-2023,https://www.indiabudget.gov.in/budget2022-23/index.php,https://www.indiabudget.gov.in/budget2022-23/doc/AFS/afs1.pdf,afs1.pdf,demands_for_grants
2022-2023,https://www.indiabudget.gov.in/budget2022-23/index.php,https://www.indiabudget.gov.in/budget2022-23/doc/AFS/afs1.xls,afs1.xls,demands_for_grants
2022-2023,https://www.indiabudget.gov.in/budget2022-23/index.php,https://www.indiabudget.gov.in/budget2022-23/doc/AFS/afs2.pdf,afs2.pdf,demands_for_grants
2022-2023,https://www.indiabudget.gov.in/budget2022-23/index.php,https://www.indiabudget.gov.in/budget2022-23/doc/AFS/afs2.xls,afs2.xls,demands_for_grants
2022-2023,https://www.indiabudget.gov.in/budget2022-23/index.php,https://www.indiabudget.gov.in/budget2022-23/doc/AFS/afs3.pdf,afs3.pdf,demands_for_grants
2022-2023,https://www.indiabudget.gov.in/budget2022-23/index.php,https://www.indiabudget.gov.in/budget2022-23/doc/AFS/afs3.xls,afs3.xls,demands_for_grants
2022-2023,https://www.indiabudget.gov.in/budget2022-23/index.php,https://www.indiabudget.gov.in/budget2022-23/doc/AFS/afs4.pdf,afs4.pdf,demands_for_grants
2022-2023,https://www.indiabudget.gov.in/budget2022-23/index.php,https://www.indiabudget.gov.in/budget2022-23/doc/AFS/afs4.xls,afs4.xls,demands_for_grants
2022-2023,https://www.indiabudget.gov.in/budget2022-23/index.php,https://www.indiabudget.gov.in/budget2022-23/doc/AFS/afs5.pdf,afs5.pdf,demands_for_grants
2022-2023,https://www.indiabudget.gov.in/budget2022-23/index.php,https://www.indiabudget.gov.in/budget2022-23/doc/AFS/afs5.xls,afs5.xls,demands_for_grants
2022-2023,https://www.indiabudget.gov.in/budget2022-23/index.php,https://www.indiabudget.gov.in/budget2022-23/doc/AFS/afs6.pdf,afs6.pdf,demands_for_grants
2022-2023,https://www.indiabudget.gov.in/budget2022-23/index.php,https://www.indiabudget.gov.in/budget2022-23/doc/AFS/afs6.xls,afs6.xls,demands_for_grants
2022-2023,https://www.indiabudget.gov.in/budget2022-23/index.php,https://www.indiabudget.gov.in/budget2022-23/doc/AFS/afs7.pdf,afs7.pdf,demands_for_grants
2022-2023,https://www.indiabudget.gov.in/budget2022-23/index.php,https://www.indiabudget.gov.in/budget2022-23/doc/AFS/afs7.xls,afs7.xls,demands_for_grants
2022-2023,https://www.indiabudget.gov.in/budget2022-23/index.php,https://www.indiabudget.gov.in/budget2022-23/doc/AFS/afs8.pdf,afs8.pdf,demands_for_grants
2022-2023,https://www.indiabudget.gov.in/budget2022-23/index.php,https://www.indiabudget.gov.in/budget2022-23/doc/AFS/afs8.xls,afs8.xls,demands_for_grants
2022-2023,https://www.indiabudget.gov.in/budget2022-23/index.php,https://www.indiabudget.gov.in/budget2022-23/doc/AFS/afs9.pdf,afs9.pdf,demands_for_grants
2022-2023,https://www.indiabudget.gov.in/budget2022-23/index.php,https://www.indiabudget.gov.in/budget2022-23/doc/AFS/afs9.xls,afs9.xls,demands_for_grants
2022-2023,https://www.indiabudget.gov.in/budget2022-23/index.php,https://www.indiabudget.gov.in/budget2022-23/doc/memo.pdf,memo.pdf,demands_for_grants
2022-2023,https://www.indiabudget.gov.in/budget2022-23/index.php,https://www.indiabudget.gov.in/budget2022-23/doc/Finance_Bill.pdf,Finance_Bill.pdf,demands_for_grants
2022-2023,https://www.indiabudget.gov.in/budget2022-23/index.php,https://www.indiabudget.gov.in/budget2022-23/doc/frbm1.pdf,frbm1.pdf,demands_for_grants
2022-2023,https://www.indiabudget.gov.in/budget2022-23/index.php,https://www.indiabudget.gov.in/budget2022-23/doc/OutcomeBudgetE2022_2023.pdf,OutcomeBudgetE2022_2023.pdf,demands_for_grants
2022-2023,https://www.indiabudget.gov.in/budget2022-23/index.php,https://www.indiabudget.gov.in/budget2022-23/doc/cen/cus0222.pdf,cus0222.pdf,demands_for_grants
2022-2023,https://www.indiabudget.gov.in/budget2022-23/index.php,https://www.indiabudget.gov.in/budget2022-23/doc/cen/cus0322.pdf,cus0322.pdf,demands_for_grants
2022-2023,https://www.indiabudget.gov.in/budget2022-23/index.php,https://www.indiabudget.gov.in/budget2022-23/doc/cen/cus0422.pdf,cus0422.pdf,demands_for_grants
2022-2023,https://www.indiabudget.gov.in/budget2022-23/index.php,https://www.indiabudget.gov.in/budget2022-23/doc/cen/cus0522.pdf,cus0522.pdf,demands_for_grants
2022-2023,https://www.indiabudget.gov.in/budget2022-23/index.php,https://www.indiabudget.gov.in/budget2022-23/doc/cen/cus0622.pdf,cus0622.pdf,demands_for_grants
2022-2023,https://www.indiabudget.gov.in/budget2022-23/index.php,https://www.indiabudget.gov.in/budget2022-23/doc/cen/cus0722.pdf,cus0722.pdf,demands_for_grants
2022-2023,https://www.indiabudget.gov.in/budget2022-23/index.php,https://www.indiabudget.gov.in/budget2022-23/doc/cen/cus0822.pdf,cus0822.pdf,demands_for_grants
2022-2023,https://www.indiabudget.gov.in/budget2022-23/index.php,https://www.indiabudget.gov.in/budget2022-23/doc/cen/cus0922.pdf,cus0922.pdf,demands_for_grants
2022-2023,https://www.indiabudget.gov.in/budget2022-23/index.php,https://www.indiabudget.gov.in/budget2022-23/doc/cen/cus1022.pdf,cus1022.pdf,demands_for_grants
2022-2023,https://www.indiabudget.gov.in/budget2022-23/index.php,https://www.indiabudget.gov.in/budget2022-23/doc/cen/cus1122.pdf,cus1122.pdf,demands_for_grants
2022-2023,https://www.indiabudget.gov.in/budget2022-23/index.php,https://www.indiabudget.gov.in/budget2022-23/doc/cen/cus1222.pdf,cus1222.pdf,demands_for_grants
2022-2023,https://www.indiabudget.gov.in/budget2022-23/index.php,https://www.indiabudget.gov.in/budget2022-23/doc/cen/cus1322.pdf,cus1322.pdf,demands_for_grants
2022-2023,https://www.indiabudget.gov.in/budget2022-23/index.php,https://www.indiabudget.gov.in/budget2022-23/doc/cen/cus1422.pdf,cus1422.pdf,demands_for_grants
2022-2023,https://www.indiabudget.gov.in/budget2022-23/index.php,https://www.indiabudget.gov.in/budget2022-23/doc/cen/cus1522.pdf,cus1522.pdf,demands_for_grants
2022-2023,https://www.indiabudget.gov.in/budget2022-23/index.php,https://www.indiabudget.gov.in/budget2022-23/doc/cen/cusadd0522.pdf,cusadd0522.pdf,demands_for_grants
2022-2023,https://www.indiabudget.gov.in/budget2022-23/index.php,https://www.indiabudget.gov.in/budget2022-23/doc/cen/cusadd0622.pdf,cusadd0622.pdf,demands_for_grants
2022-2023,https://www.indiabudget.gov.in/budget2022-23/index.php,https://www.indiabudget.gov.in/budget2022-23/doc/cen/cusadd0722.pdf,cusadd0722.pdf,demands_for_grants
2022-2023,https://www.indiabudget.gov.in/budget2022-23/index.php,https://www.indiabudget.gov.in/budget2022-23/doc/cen/cusnt0722.pdf,cusnt0722.pdf,demands_for_grants
2022-2023,https://www.indiabudget.gov.in/budget2022-23/index.php,https://www.indiabudget.gov.in/budget2022-23/doc/cen/cuscvd0122.pdf,cuscvd0122.pdf,demands_for_grants
2022-2023,https://www.indiabudget.gov.in/budget2022-23/index.php,https://www.indiabudget.gov.in/budget2022-23/doc/cen/cen0122.pdf,cen0122.pdf,demands_for_grants
2022-2023,https://www.indiabudget.gov.in/budget2022-23/index.php,https://www.indiabudget.gov.in/budget2022-23/doc/cen/cennt0122.pdf,cennt0122.pdf,demands_for_grants
2022-2023,https://www.indiabudget.gov.in/budget2022-23/index.php,https://www.indiabudget.gov.in/budget2022-23/doc/cen/explanatorynote.pdf,explanatorynote.pdf,demands_for_grants
2022-2023,https://www.indiabudget.gov.in/budget2022-23/index.php,https://www.indiabudget.gov.in/budget2022-23/doc/cen/dojstru1.pdf,dojstru1.pdf,demands_for_grants
2022-2023,https://www.indiabudget.gov.in/budget2022-23/index.php,https://www.indiabudget.gov.in/budget2022-23/doc/impbud2021-22.pdf,impbud2021-22.pdf,demands_for_grants
2022-2023,https://www.indiabudget.gov.in/budget2022-23/index.php,https://www.indiabudget.gov.in/budget2022-23/doc/Budget_at_Glance/budget_at_a_glance.pdf,budget_at_a_glance.pdf,full_budget_document
2022-2023,https://www.indiabudget.gov.in/budget2022-23/index.php,https://www.indiabudget.gov.in/budget2022-23/doc/Budget_at_Glance/bag1.pdf,bag1.pdf,demands_for_grants
2022-2023,https://www.indiabudget.gov.in/budget2022-23/index.php,https://www.indiabudget.gov.in/budget2022-23/doc/Budget_at_Glance/bag1.xls,bag1.xls,demands_for_grants
2022-2023,https://www.indiabudget.gov.in/budget2022-23/index.php,https://www.indiabudget.gov.in/budget2022-23/doc/Budget_at_Glance/bag2.pdf,bag2.pdf,demands_for_grants
2022-2023,https://www.indiabudget.gov.in/budget2022-23/index.php,https://www.indiabudget.gov.in/budget2022-23/doc/Budget_at_Glance/bag2.xls,bag2.xls,demands_for_grants
2022-2023,https://www.indiabudget.gov.in/budget2022-23/index.php,https://www.indiabudget.gov.in/budget2022-23/doc/Budget_at_Glance/bag3.pdf,bag3.pdf,demands_for_grants
2022-2023,https://www.indiabudget.gov.in/budget2022-23/index.php,https://www.indiabudget.gov.in/budget2022-23/doc/Budget_at_Glance/bag3.xls,bag3.xls,demands_for_grants
2022-2023,https://www.indiabudget.gov.in/budget2022-23/index.php,https://www.indiabudget.gov.in/budget2022-23/doc/Budget_at_Glance/bag4.pdf,bag4.pdf,demands_for_grants
2022-2023,https://www.indiabudget.gov.in/budget2022-23/index.php,https://www.indiabudget.gov.in/budget2022-23/doc/Budget_at_Glance/bag4.xls,bag4.xls,demands_for_grants
2022-2023,https://www.indiabudget.gov.in/budget2022-23/index.php,https://www.indiabudget.gov.in/budget2022-23/doc/Budget_at_Glance/bag5.pdf,bag5.pdf,demands_for_grants
2022-2023,https://www.indiabudget.gov.in/budget2022-23/index.php,https://www.indiabudget.gov.in/budget2022-23/doc/Budget_at_Glance/bag5.xls,bag5.xls,demands_for_grants
2022-2023,https://www.indiabudget.gov.in/budget2022-23/index.php,https://www.indiabudget.gov.in/budget2022-23/doc/Budget_at_Glance/bag6.pdf,bag6.pdf,demands_for_grants
2022-2023,https://www.indiabudget.gov.in/budget2022-23/index.php,https://www.indiabudget.gov.in/budget2022-23/doc/Budget_at_Glance/bag6.xls,bag6.xls,demands_for_grants
2022-2023,https://www.indiabudget.gov.in/budget2022-23/index.php,https://www.indiabudget.gov.in/budget2022-23/doc/Budget_at_Glance/bag7.pdf,bag7.pdf,demands_for_grants
2022-2023,https://www.indiabudget.gov.in/budget2022-23/index.php,https://www.indiabudget.gov.in/budget2022-23/doc/Budget_at_Glance/bag7.xls,bag7.xls,demands_for_grants
2022-2023,https://www.indiabudget.gov.in/budget2022-23/index.php,https://www.indiabudget.gov.in/budget2022-23/doc/eb/vol1.pdf,vol1.pdf,demands_for_grants
2022-2023,https://www.indiabudget.gov.in/budget2022-23/index.php,https://www.indiabudget.gov.in/budget2022-23/doc/eb/intro.pdf,intro.pdf,demands_for_grants
2022-2023,https://www.indiabudget.gov.in/budget2022-23/index.php,https://www.indiabudget.gov.in/budget2022-23/doc/eb/stat1.pdf,stat1.pdf,demands_for_grants
2022-2023,https://www.indiabudget.gov.in/budget2022-23/index.php,https://www.indiabudget.gov.in/budget2022-23/doc/eb/stat1.xls,stat1.xls,demands_for_grants
2022-2023,https://www.indiabudget.gov.in/budget2022-23/index.php,https://www.indiabudget.gov.in/budget2022-23/doc/eb/stat2a.pdf,stat2a.pdf,demands_for_grants
2022-2023,https://www.indiabudget.gov.in/budget2022-23/index.php,https://www.indiabudget.gov.in/budget2022-23/doc/eb/stat2b.pdf,stat2b.pdf,demands_for_grants
2022-2023,https://www.indiabudget.gov.in/budget2022-23/index.php,https://www.indiabudget.gov.in/budget2022-23/doc/eb/stat3a.pdf,stat3a.pdf,demands_for_grants
2022-2023,https://www.indiabudget.gov.in/budget2022-23/index.php,https://www.indiabudget.gov.in/budget2022-23/doc/eb/stat3a.xls,stat3a.xls,demands_for_grants
2022-2023,https://www.indiabudget.gov.in/budget2022-23/index.php,https://www.indiabudget.gov.in/budget2022-23/doc/eb/stat4a.pdf,stat4a.pdf,demands_for_grants
2022-2023,https://www.indiabudget.gov.in/budget2022-23/index.php,https://www.indiabudget.gov.in/budget2022-23/doc/eb/stat4a.xls,stat4a.xls,demands_for_grants
2022-2023,https://www.indiabudget.gov.in/budget2022-23/index.php,https://www.indiabudget.gov.in/budget2022-23/doc/eb/stat4aa.pdf,stat4aa.pdf,demands_for_grants
2022-2023,https://www.indiabudget.gov.in/budget2022-23/index.php,https://www.indiabudget.gov.in/budget2022-23/doc/eb/stat4b.pdf,stat4b.pdf,demands_for_grants
2022-2023,https://www.indiabudget.gov.in/budget2022-23/index.php,https://www.indiabudget.gov.in/budget2022-23/doc/eb/stat4b.xls,stat4b.xls,demands_for_grants
2022-2023,https://www.indiabudget.gov.in/budget2022-23/index.php,https://www.indiabudget.gov.in/budget2022-23/doc/eb/stat4c.pdf,stat4c.pdf,demands_for_grants
2022-2023,https://www.indiabudget.gov.in/budget2022-23/index.php,https://www.indiabudget.gov.in/budget2022-23/doc/eb/stat4c.xls,stat4c.xls,demands_for_grants
2022-2023,https://www.indiabudget.gov.in/budget2022-23/index.php,https://www.indiabudget.gov.in/budget2022-23/doc/eb/stat4d.pdf,stat4d.pdf,demands_for_grants
2022-2023,https://www.indiabudget.gov.in/budget2022-23/index.php,https://www.indiabudget.gov.in/budget2022-23/doc/eb/stat4d.xls,stat4d.xls,demands_for_grants
2022-2023,https://www.indiabudget.gov.in/budget2022-23/index.php,https://www.indiabudget.gov.in/budget2022-23/doc/eb/stat5.pdf,stat5.pdf,demands_for_grants
2022-2023,https://www.indiabudget.gov.in/budget2022-23/index.php,https://www.indiabudget.gov.in/budget2022-23/doc/eb/stat5.xls,stat5.xls,demands_for_grants
2022-2023,https://www.indiabudget.gov.in/budget2022-23/index.php,https://www.indiabudget.gov.in/budget2022-23/doc/eb/stat6.pdf,stat6.pdf,demands_for_grants
2022-2023,https://www.indiabudget.gov.in/budget2022-23/index.php,https://www.indiabudget.gov.in/budget2022-23/doc/eb/stat6.xls,stat6.xls,demands_for_grants
2022-2023,https://www.indiabudget.gov.in/budget2022-23/index.php,https://www.indiabudget.gov.in/budget2022-23/doc/eb/stat7.pdf,stat7.pdf,demands_for_grants
2022-2023,https://www.indiabudget.gov.in/budget2022-23/index.php,https://www.indiabudget.gov.in/budget2022-23/doc/eb/stat7.xls,stat7.xls,demands_for_grants
2022-2023,https://www.indiabudget.gov.in/budget2022-23/index.php,https://www.indiabudget.gov.in/budget2022-23/doc/eb/stat8.pdf,stat8.pdf,demands_for_grants
2022-2023,https://www.indiabudget.gov.in/budget2022-23/index.php,https://www.indiabudget.gov.in/budget2022-23/doc/eb/stat8.xls,stat8.xls,demands_for_grants
2022-2023,https://www.indiabudget.gov.in/budget2022-23/index.php,https://www.indiabudget.gov.in/budget2022-23/doc/eb/stat9.pdf,stat9.pdf,demands_for_grants
2022-2023,https://www.indiabudget.gov.in/budget2022-23/index.php,https://www.indiabudget.gov.in/budget2022-23/doc/eb/stat9.xls,stat9.xls,demands_for_grants
2022-2023,https://www.indiabudget.gov.in/budget2022-23/index.php,https://www.indiabudget.gov.in/budget2022-23/doc/eb/stat10a.pdf,stat10a.pdf,demands_for_grants
2022-2023,https://www.indiabudget.gov.in/budget2022-23/index.php,https://www.indiabudget.gov.in/budget2022-23/doc/eb/stat10a.xls,stat10a.xls,demands_for_grants
2022-2023,https://www.indiabudget.gov.in/budget2022-23/index.php,https://www.indiabudget.gov.in/budget2022-23/doc/eb/stat10b.pdf,stat10b.pdf,demands_for_grants
2022-2023,https://www.indiabudget.gov.in/budget2022-23/index.php,https://www.indiabudget.gov.in/budget2022-23/doc/eb/stat10b.xls,stat10b.xls,demands_for_grants
2022-2023,https://www.indiabudget.gov.in/budget2022-23/index.php,https://www.indiabudget.gov.in/budget2022-23/doc/eb/stat11.pdf,stat11.pdf,demands_for_grants
2022-2023,https://www.indiabudget.gov.in/budget2022-23/index.php,https://www.indiabudget.gov.in/budget2022-23/doc/eb/stat11.xls,stat11.xls,demands_for_grants
2022-2023,https://www.indiabudget.gov.in/budget2022-23/index.php,https://www.indiabudget.gov.in/budget2022-23/doc/eb/stat12.pdf,stat12.pdf,demands_for_grants
2022-2023,https://www.indiabudget.gov.in/budget2022-23/index.php,https://www.indiabudget.gov.in/budget2022-23/doc/eb/stat12.xls,stat12.xls,demands_for_grants
2022-2023,https://www.indiabudget.gov.in/budget2022-23/index.php,https://www.indiabudget.gov.in/budget2022-23/doc/eb/stat13.pdf,stat13.pdf,demands_for_grants
2022-2023,https://www.indiabudget.gov.in/budget2022-23/index.php,https://www.indiabudget.gov.in/budget2022-23/doc/eb/stat13.xls,stat13.xls,demands_for_grants
2022-2023,https://www.indiabudget.gov.in/budget2022-23/index.php,https://www.indiabudget.gov.in/budget2022-23/doc/eb/stat14.pdf,stat14.pdf,demands_for_grants
2022-2023,https://www.indiabudget.gov.in/budget2022-23/index.php,https://www.indiabudget.gov.in/budget2022-23/doc/eb/stat14.xls,stat14.xls,demands_for_grants
2022-2023,https://www.indiabudget.gov.in/budget2022-23/index.php,https://www.indiabudget.gov.in/budget2022-23/doc/eb/stat15.pdf,stat15.pdf,demands_for_grants
2022-2023,https://www.indiabudget.gov.in/budget2022-23/index.php,https://www.indiabudget.gov.in/budget2022-23/doc/eb/stat16.pdf,stat16.pdf,demands_for_grants
2022-2023,https://www.indiabudget.gov.in/budget2022-23/index.php,https://www.indiabudget.gov.in/budget2022-23/doc/eb/stat16.xls,stat16.xls,demands_for_grants
2022-2023,https://www.indiabudget.gov.in/budget2022-23/index.php,https://www.indiabudget.gov.in/budget2022-23/doc/eb/stat17.pdf,stat17.pdf,demands_for_grants
2022-2023,https://www.indiabudget.gov.in/budget2022-23/index.php,https://www.indiabudget.gov.in/budget2022-23/doc/eb/stat17.xls,stat17.xls,demands_for_grants
2022-2023,https://www.indiabudget.gov.in/budget2022-23/index.php,https://www.indiabudget.gov.in/budget2022-23/doc/eb/stat18.pdf,stat18.pdf,demands_for_grants
2022-2023,https://www.indiabudget.gov.in/budget2022-23/index.php,https://www.indiabudget.gov.in/budget2022-23/doc/eb/stat18.xls,stat18.xls,demands_for_grants
2022-2023,https://www.indiabudget.gov.in/budget2022-23/index.php,https://www.indiabudget.gov.in/budget2022-23/doc/eb/stat19.pdf,stat19.pdf,demands_for_grants
2022-2023,https://www.indiabudget.gov.in/budget2022-23/index.php,https://www.indiabudget.gov.in/budget2022-23/doc/eb/stat20.pdf,stat20.pdf,demands_for_grants
2022-2023,https://www.indiabudget.gov.in/budget2022-23/index.php,https://www.indiabudget.gov.in/budget2022-23/doc/eb/stat20.xls,stat20.xls,demands_for_grants
2022-2023,https://www.indiabudget.gov.in/budget2022-23/index.php,https://www.indiabudget.gov.in/budget2022-23/doc/eb/stat21.pdf,stat21.pdf,demands_for_grants
2022-2023,https://www.indiabudget.gov.in/budget2022-23/index.php,https://www.indiabudget.gov.in/budget2022-23/doc/eb/stat21.xls,stat21.xls,demands_for_grants
2022-2023,https://www.indiabudget.gov.in/budget2022-23/index.php,https://www.indiabudget.gov.in/budget2022-23/doc/eb/stat22.pdf,stat22.pdf,demands_for_grants
2022-2023,https://www.indiabudget.gov.in/budget2022-23/index.php,https://www.indiabudget.gov.in/budget2022-23/doc/eb/stat22.xls,stat22.xls,demands_for_grants
2022-2023,https://www.indiabudget.gov.in/budget2022-23/index.php,https://www.indiabudget.gov.in/budget2022-23/doc/eb/stat23.pdf,stat23.pdf,demands_for_grants
2022-2023,https://www.indiabudget.gov.in/budget2022-23/index.php,https://www.indiabudget.gov.in/budget2022-23/doc/eb/stat23.xls,stat23.xls,demands_for_grants
2022-2023,https://www.indiabudget.gov.in/budget2022-23/index.php,https://www.indiabudget.gov.in/budget2022-23/doc/eb/stat24.pdf,stat24.pdf,demands_for_grants
2022-2023,https://www.indiabudget.gov.in/budget2022-23/index.php,https://www.indiabudget.gov.in/budget2022-23/doc/eb/stat24.xls,stat24.xls,demands_for_grants
2022-2023,https://www.indiabudget.gov.in/budget2022-23/index.php,https://www.indiabudget.gov.in/budget2022-23/doc/eb/stat25.pdf,stat25.pdf,demands_for_grants
2022-2023,https://www.indiabudget.gov.in/budget2022-23/index.php,https://www.indiabudget.gov.in/budget2022-23/doc/eb/stat25.xls,stat25.xls,demands_for_grants
2022-2023,https://www.indiabudget.gov.in/budget2022-23/index.php,https://www.indiabudget.gov.in/budget2022-23/doc/eb/stat26.pdf,stat26.pdf,demands_for_grants
2022-2023,https://www.indiabudget.gov.in/budget2022-23/index.php,https://www.indiabudget.gov.in/budget2022-23/doc/eb/stat26.xls,stat26.xls,demands_for_grants
2022-2023,https://www.indiabudget.gov.in/budget2022-23/index.php,https://www.indiabudget.gov.in/budget2022-23/doc/eb/stat27.pdf,stat27.pdf,demands_for_grants
2022-2023,https://www.indiabudget.gov.in/budget2022-23/index.php,https://www.indiabudget.gov.in/budget2022-23/doc/eb/railstat1.pdf,railstat1.pdf,demands_for_grants
2022-2023,https://www.indiabudget.gov.in/budget2022-23/index.php,https://www.indiabudget.gov.in/budget2022-23/doc/eb/railstat1.xls,railstat1.xls,demands_for_grants
2022-2023,https://www.indiabudget.gov.in/budget2022-23/index.php,https://www.indiabudget.gov.in/budget2022-23/doc/eb/railstat2.pdf,railstat2.pdf,demands_for_grants
2022-2023,https://www.indiabudget.gov.in/budget2022-23/index.php,https://www.indiabudget.gov.in/budget2022-23/doc/eb/railstat2.xls,railstat2.xls,demands_for_grants
2022-2023,https://www.indiabudget.gov.in/budget2022-23/index.php,https://www.indiabudget.gov.in/budget2022-23/doc/eb/railstat3.pdf,railstat3.pdf,demands_for_grants
2022-2023,https://www.indiabudget.gov.in/budget2022-23/index.php,https://www.indiabudget.gov.in/budget2022-23/doc/eb/railstat3.xls,railstat3.xls,demands_for_grants
2022-2023,https://www.indiabudget.gov.in/budget2022-23/index.php,https://www.indiabudget.gov.in/budget2022-23/doc/eb/railstat4.pdf,railstat4.pdf,demands_for_grants
2022-2023,https://www.indiabudget.gov.in/budget2022-23/index.php,https://www.indiabudget.gov.in/budget2022-23/doc/eb/railstat4.xls,railstat4.xls,demands_for_grants
2022-2023,https://www.indiabudget.gov.in/budget2022-23/index.php,https://www.indiabudget.gov.in/budget2022-23/doc/eb/railstat5.pdf,railstat5.pdf,demands_for_grants
2022-2023,https://www.indiabudget.gov.in/budget2022-23/index.php,https://www.indiabudget.gov.in/budget2022-23/doc/eb/railstat5.xls,railstat5.xls,demands_for_grants
2022-2023,https://www.indiabudget.gov.in/budget2022-23/index.php,https://www.indiabudget.gov.in/budget2022-23/doc/eb/railstat6.pdf,railstat6.pdf,demands_for_grants
2022-2023,https://www.indiabudget.gov.in/budget2022-23/index.php,https://www.indiabudget.gov.in/budget2022-23/doc/eb/railstat6.xls,railstat6.xls,demands_for_grants
2022-2023,https://www.indiabudget.gov.in/budget2022-23/index.php,https://www.indiabudget.gov.in/budget2022-23/doc/eb/railstat7.pdf,railstat7.pdf,demands_for_grants
2022-2023,https://www.indiabudget.gov.in/budget2022-23/index.php,https://www.indiabudget.gov.in/budget2022-23/doc/eb/railstat7.xls,railstat7.xls,demands_for_grants
2022-2023,https://www.indiabudget.gov.in/budget2022-23/index.php,https://www.indiabudget.gov.in/budget2022-23/doc/eb/sumsbe.pdf,sumsbe.pdf,expenditure_budget
2022-2023,https://www.indiabudget.gov.in/budget2022-23/index.php,https://www.indiabudget.gov.in/budget2022-23/doc/eb/allsbe.pdf,allsbe.pdf,expenditure_budget
2022-2023,https://www.indiabudget.gov.in/budget2022-23/index.php,https://www.indiabudget.gov.in/budget2022-23/doc/eb/sbe1.pdf,sbe1.pdf,expenditure_budget
2022-2023,https://www.indiabudget.gov.in/budget2022-23/index.php,https://www.indiabudget.gov.in/budget2022-23/doc/eb/sbe1.xls,sbe1.xls,expenditure_budget
2022-2023,https://www.indiabudget.gov.in/budget2022-23/index.php,https://www.indiabudget.gov.in/budget2022-23/doc/eb/sbe2.pdf,sbe2.pdf,expenditure_budget
2022-2023,https://www.indiabudget.gov.in/budget2022-23/index.php,https://www.indiabudget.gov.in/budget2022-23/doc/eb/sbe2.xls,sbe2.xls,expenditure_budget
2022-2023,https://www.indiabudget.gov.in/budget2022-23/index.php,https://www.indiabudget.gov.in/budget2022-23/doc/eb/sbe3.pdf,sbe3.pdf,expenditure_budget
2022-2023,https://www.indiabudget.gov.in/budget2022-23/index.php,https://www.indiabudget.gov.in/budget2022-23/doc/eb/sbe3.xls,sbe3.xls,expenditure_budget
2022-2023,https://www.indiabudget.gov.in/budget2022-23/index.php,https://www.indiabudget.gov.in/budget2022-23/doc/eb/sbe4.pdf,sbe4.pdf,expenditure_budget
2022-2023,https://www.indiabudget.gov.in/budget2022-23/index.php,https://www.indiabudget.gov.in/budget2022-23/doc/eb/sbe4.xls,sbe4.xls,expenditure_budget
2022-2023,https://www.indiabudget.gov.in/budget2022-23/index.php,https://www.indiabudget.gov.in/budget2022-23/doc/eb/sbe5.pdf,sbe5.pdf,expenditure_budget
2022-2023,https://www.indiabudget.gov.in/budget2022-23/index.php,https://www.indiabudget.gov.in/budget2022-23/doc/eb/sbe5.xls,sbe5.xls,expenditure_budget
2022-2023,https://www.indiabudget.gov.in/budget2022-23/index.php,https://www.indiabudget.gov.in/budget2022-23/doc/eb/sbe6.pdf,sbe6.pdf,expenditure_budget
2022-2023,https://www.indiabudget.gov.in/budget2022-23/index.php,https://www.indiabudget.gov.in/budget2022-23/doc/eb/sbe6.xls,sbe6.xls,expenditure_budget
2022-2023,https://www.indiabudget.gov.in/budget2022-23/index.php,https://www.indiabudget.gov.in/budget2022-23/doc/eb/sbe7.pdf,sbe7.pdf,expenditure_budget
2022-2023,https://www.indiabudget.gov.in/budget2022-23/index.php,https://www.indiabudget.gov.in/budget2022-23/doc/eb/sbe7.xls,sbe7.xls,expenditure_budget
2022-2023,https://www.indiabudget.gov.in/budget2022-23/index.php,https://www.indiabudget.gov.in/budget2022-23/doc/eb/sbe8.pdf,sbe8.pdf,expenditure_budget
2022-2023,https://www.indiabudget.gov.in/budget2022-23/index.php,https://www.indiabudget.gov.in/budget2022-23/doc/eb/sbe8.xls,sbe8.xls,expenditure_budget
2022-2023,https://www.indiabudget.gov.in/budget2022-23/index.php,https://www.indiabudget.gov.in/budget2022-23/doc/eb/sbe9.pdf,sbe9.pdf,expenditure_budget
2022-2023,https://www.indiabudget.gov.in/budget2022-23/index.php,https://www.indiabudget.gov.in/budget2022-23/doc/eb/sbe9.xls,sbe9.xls,expenditure_budget
2022-2023,https://www.indiabudget.gov.in/budget2022-23/index.php,https://www.indiabudget.gov.in/budget2022-23/doc/eb/sbe10.pdf,sbe10.pdf,expenditure_budget
2022-2023,https://www.indiabudget.gov.in/budget2022-23/index.php,https://www.indiabudget.gov.in/budget2022-23/doc/eb/sbe10.xls,sbe10.xls,expenditure_budget
2022-2023,https://www.indiabudget.gov.in/budget2022-23/index.php,https://www.indiabudget.gov.in/budget2022-23/doc/eb/sbe11.pdf,sbe11.pdf,expenditure_budget
2022-2023,https://www.indiabudget.gov.in/budget2022-23/index.php,https://www.indiabudget.gov.in/budget2022-23/doc/eb/sbe11.xls,sbe11.xls,expenditure_budget
2022-2023,https://www.indiabudget.gov.in/budget2022-23/index.php,https://www.indiabudget.gov.in/budget2022-23/doc/eb/sbe12.pdf,sbe12.pdf,expenditure_budget
2022-2023,https://www.indiabudget.gov.in/budget2022-23/index.php,https://www.indiabudget.gov.in/budget2022-23/doc/eb/sbe12.xls,sbe12.xls,expenditure_budget
2022-2023,https://www.indiabudget.gov.in/budget2022-23/index.php,https://www.indiabudget.gov.in/budget2022-23/doc/eb/sbe13.pdf,sbe13.pdf,expenditure_budget
2022-2023,https://www.indiabudget.gov.in/budget2022-23/index.php,https://www.indiabudget.gov.in/budget2022-23/doc/eb/sbe13.xls,sbe13.xls,expenditure_budget
2022-2023,https://www.indiabudget.gov.in/budget2022-23/index.php,https://www.indiabudget.gov.in/budget2022-23/doc/eb/sbe14.pdf,sbe14.pdf,expenditure_budget
2022-2023,https://www.indiabudget.gov.in/budget2022-23/index.php,https://www.indiabudget.gov.in/budget2022-23/doc/eb/sbe14.xls,sbe14.xls,expenditure_budget
2022-2023,https://www.indiabudget.gov.in/budget2022-23/index.php,https://www.indiabudget.gov.in/budget2022-23/doc/eb/sbe15.pdf,sbe15.pdf,expenditure_budget
2022-2023,https://www.indiabudget.gov.in/budget2022-23/index.php,https://www.indiabudget.gov.in/budget2022-23/doc/eb/sbe15.xls,sbe15.xls,expenditure_budget
2022-2023,https://www.indiabudget.gov.in/budget2022-23/index.php,https://www.indiabudget.gov.in/budget2022-23/doc/eb/sbe16.pdf,sbe16.pdf,expenditure_budget
2022-2023,https://www.indiabudget.gov.in/budget2022-23/index.php,https://www.indiabudget.gov.in/budget2022-23/doc/eb/sbe16.xls,sbe16.xls,expenditure_budget
2022-2023,https://www.indiabudget.gov.in/budget2022-23/index.php,https://www.indiabudget.gov.in/budget2022-23/doc/eb/sbe17.pdf,sbe17.pdf,expenditure_budget
2022-2023,https://www.indiabudget.gov.in/budget2022-23/index.php,https://www.indiabudget.gov.in/budget2022-23/doc/eb/sbe17.xls,sbe17.xls,expenditure_budget
2022-2023,https://www.indiabudget.gov.in/budget2022-23/index.php,https://www.indiabudget.gov.in/budget2022-23/doc/eb/sbe18.pdf,sbe18.pdf,expenditure_budget
2022-2023,https://www.indiabudget.gov.in/budget2022-23/index.php,https://www.indiabudget.gov.in/budget2022-23/doc/eb/sbe18.xls,sbe18.xls,expenditure_budget
2022-2023,https://www.indiabudget.gov.in/budget2022-23/index.php,https://www.indiabudget.gov.in/budget2022-23/doc/eb/sbe19.pdf,sbe19.pdf,expenditure_budget
2022-2023,https://www.indiabudget.gov.in/budget2022-23/index.php,https://www.indiabudget.gov.in/budget2022-23/doc/eb/sbe19.xls,sbe19.xls,expenditure_budget
2022-2023,https://www.indiabudget.gov.in/budget2022-23/index.php,https://www.indiabudget.gov.in/budget2022-23/doc/eb/sbe20.pdf,sbe20.pdf,expenditure_budget
2022-2023,https://www.indiabudget.gov.in/budget2022-23/index.php,https://www.indiabudget.gov.in/budget2022-23/doc/eb/sbe20.xls,sbe20.xls,expenditure_budget
2022-2023,https://www.indiabudget.gov.in/budget2022-23/index.php,https://www.indiabudget.gov.in/budget2022-23/doc/eb/sbe21.pdf,sbe21.pdf,expenditure_budget
2022-2023,https://www.indiabudget.gov.in/budget2022-23/index.php,https://www.indiabudget.gov.in/budget2022-23/doc/eb/sbe21.xls,sbe21.xls,expenditure_budget
2022-2023,https://www.indiabudget.gov.in/budget2022-23/index.php,https://www.indiabudget.gov.in/budget2022-23/doc/eb/sbe22.pdf,sbe22.pdf,expenditure_budget
2022-2023,https://www.indiabudget.gov.in/budget2022-23/index.php,https://www.indiabudget.gov.in/budget2022-23/doc/eb/sbe22.xls,sbe22.xls,expenditure_budget
2022-2023,https://www.indiabudget.gov.in/budget2022-23/index.php,https://www.indiabudget.gov.in/budget2022-23/doc/eb/sbe23.pdf,sbe23.pdf,expenditure_budget
2022-2023,https://www.indiabudget.gov.in/budget2022-23/index.php,https://www.indiabudget.gov.in/budget2022-23/doc/eb/sbe23.xls,sbe23.xls,expenditure_budget
2022-2023,https://www.indiabudget.gov.in/budget2022-23/index.php,https://www.indiabudget.gov.in/budget2022-23/doc/eb/sbe24.pdf,sbe24.pdf,expenditure_budget
2022-2023,https://www.indiabudget.gov.in/budget2022-23/index.php,https://www.indiabudget.gov.in/budget2022-23/doc/eb/sbe24.xls,sbe24.xls,expenditure_budget
2022-2023,https://www.indiabudget.gov.in/budget2022-23/index.php,https://www.indiabudget.gov.in/budget2022-23/doc/eb/sbe25.pdf,sbe25.pdf,expenditure_budget
2022-2023,https://www.indiabudget.gov.in/budget2022-23/index.php,https://www.indiabudget.gov.in/budget2022-23/doc/eb/sbe25.xls,sbe25.xls,expenditure_budget
2022-2023,https://www.indiabudget.gov.in/budget2022-23/index.php,https://www.indiabudget.gov.in/budget2022-23/doc/eb/sbe26.pdf,sbe26.pdf,expenditure_budget
2022-2023,https://www.indiabudget.gov.in/budget2022-23/index.php,https://www.indiabudget.gov.in/budget2022-23/doc/eb/sbe26.xls,sbe26.xls,expenditure_budget
2022-2023,https://www.indiabudget.gov.in/budget2022-23/index.php,https://www.indiabudget.gov.in/budget2022-23/doc/eb/sbe27.pdf,sbe27.pdf,expenditure_budget
2022-2023,https://www.indiabudget.gov.in/budget2022-23/index.php,https://www.indiabudget.gov.in/budget2022-23/doc/eb/sbe27.xls,sbe27.xls,expenditure_budget
2022-2023,https://www.indiabudget.gov.in/budget2022-23/index.php,https://www.indiabudget.gov.in/budget2022-23/doc/eb/sbe28.pdf,sbe28.pdf,expenditure_budget
2022-2023,https://www.indiabudget.gov.in/budget2022-23/index.php,https://www.indiabudget.gov.in/budget2022-23/doc/eb/sbe28.xls,sbe28.xls,expenditure_budget
2022-2023,https://www.indiabudget.gov.in/budget2022-23/index.php,https://www.indiabudget.gov.in/budget2022-23/doc/eb/sbe29.pdf,sbe29.pdf,expenditure_budget
2022-2023,https://www.indiabudget.gov.in/budget2022-23/index.php,https://www.indiabudget.gov.in/budget2022-23/doc/eb/sbe29.xls,sbe29.xls,expenditure_budget
2022-2023,https://www.indiabudget.gov.in/budget2022-23/index.php,https://www.indiabudget.gov.in/budget2022-23/doc/eb/sbe30.pdf,sbe30.pdf,expenditure_budget
2022-2023,https://www.indiabudget.gov.in/budget2022-23/index.php,https://www.indiabudget.gov.in/budget2022-23/doc/eb/sbe30.xls,sbe30.xls,expenditure_budget
2022-2023,https://www.indiabudget.gov.in/budget2022-23/index.php,https://www.indiabudget.gov.in/budget2022-23/doc/eb/sbe31.pdf,sbe31.pdf,expenditure_budget
2022-2023,https://www.indiabudget.gov.in/budget2022-23/index.php,https://www.indiabudget.gov.in/budget2022-23/doc/eb/sbe31.xls,sbe31.xls,expenditure_budget
2022-2023,https://www.indiabudget.gov.in/budget2022-23/index.php,https://www.indiabudget.gov.in/budget2022-23/doc/eb/sbe32.pdf,sbe32.pdf,expenditure_budget
2022-2023,https://www.indiabudget.gov.in/budget2022-23/index.php,https://www.indiabudget.gov.in/budget2022-23/doc/eb/sbe32.xls,sbe32.xls,expenditure_budget
2022-2023,https://www.indiabudget.gov.in/budget2022-23/index.php,https://www.indiabudget.gov.in/budget2022-23/doc/eb/sbe33.pdf,sbe33.pdf,expenditure_budget
2022-2023,https://www.indiabudget.gov.in/budget2022-23/index.php,https://www.indiabudget.gov.in/budget2022-23/doc/eb/sbe33.xls,sbe33.xls,expenditure_budget
2022-2023,https://www.indiabudget.gov.in/budget2022-23/index.php,https://www.indiabudget.gov.in/budget2022-23/doc/eb/sbe34.pdf,sbe34.pdf,expenditure_budget
2022-2023,https://www.indiabudget.gov.in/budget2022-23/index.php,https://www.indiabudget.gov.in/budget2022-23/doc/eb/sbe34.xls,sbe34.xls,expenditure_budget
2022-2023,https://www.indiabudget.gov.in/budget2022-23/index.php,https://www.indiabudget.gov.in/budget2022-23/doc/eb/sbe35.pdf,sbe35.pdf,expenditure_budget
2022-2023,https://www.indiabudget.gov.in/budget2022-23/index.php,https://www.indiabudget.gov.in/budget2022-23/doc/eb/sbe35.xls,sbe35.xls,expenditure_budget
2022-2023,https://www.indiabudget.gov.in/budget2022-23/index.php,https://www.indiabudget.gov.in/budget2022-23/doc/eb/sbe36.pdf,sbe36.pdf,expenditure_budget
2022-2023,https://www.indiabudget.gov.in/budget2022-23/index.php,https://www.indiabudget.gov.in/budget2022-23/doc/eb/sbe36.xls,sbe36.xls,expenditure_budget
2022-2023,https://www.indiabudget.gov.in/budget2022-23/index.php,https://www.indiabudget.gov.in/budget2022-23/doc/eb/sbe37.pdf,sbe37.pdf,expenditure_budget
2022-2023,https://www.indiabudget.gov.in/budget2022-23/index.php,https://www.indiabudget.gov.in/budget2022-23/doc/eb/sbe37.xls,sbe37.xls,expenditure_budget
2022-2023,https://www.indiabudget.gov.in/budget2022-23/index.php,https://www.indiabudget.gov.in/budget2022-23/doc/eb/sbe38.pdf,sbe38.pdf,expenditure_budget
2022-2023,https://www.indiabudget.gov.in/budget2022-23/index.php,https://www.indiabudget.gov.in/budget2022-23/doc/eb/sbe38.xls,sbe38.xls,expenditure_budget
2022-2023,https://www.indiabudget.gov.in/budget2022-23/index.php,https://www.indiabudget.gov.in/budget2022-23/doc/eb/sbe39.pdf,sbe39.pdf,expenditure_budget
2022-2023,https://www.indiabudget.gov.in/budget2022-23/index.php,https://www.indiabudget.gov.in/budget2022-23/doc/eb/sbe39.xls,sbe39.xls,expenditure_budget
2022-2023,https://www.indiabudget.gov.in/budget2022-23/index.php,https://www.indiabudget.gov.in/budget2022-23/doc/eb/sbe40.pdf,sbe40.pdf,expenditure_budget
2022-2023,https://www.indiabudget.gov.in/budget2022-23/index.php,https://www.indiabudget.gov.in/budget2022-23/doc/eb/sbe40.xls,sbe40.xls,expenditure_budget
2022-2023,https://www.indiabudget.gov.in/budget2022-23/index.php,https://www.indiabudget.gov.in/budget2022-23/doc/eb/sbe41.pdf,sbe41.pdf,expenditure_budget
2022-2023,https://www.indiabudget.gov.in/budget2022-23/index.php,https://www.indiabudget.gov.in/budget2022-23/doc/eb/sbe41.xls,sbe41.xls,expenditure_budget
2022-2023,https://www.indiabudget.gov.in/budget2022-23/index.php,https://www.indiabudget.gov.in/budget2022-23/doc/eb/sbe42.pdf,sbe42.pdf,expenditure_budget
2022-2023,https://www.indiabudget.gov.in/budget2022-23/index.php,https://www.indiabudget.gov.in/budget2022-23/doc/eb/sbe42.xls,sbe42.xls,expenditure_budget
2022-2023,https://www.indiabudget.gov.in/budget2022-23/index.php,https://www.indiabudget.gov.in/budget2022-23/doc/eb/sbe43.pdf,sbe43.pdf,expenditure_budget
2022-2023,https://www.indiabudget.gov.in/budget2022-23/index.php,https://www.indiabudget.gov.in/budget2022-23/doc/eb/sbe43.xls,sbe43.xls,expenditure_budget
2022-2023,https://www.indiabudget.gov.in/budget2022-23/index.php,https://www.indiabudget.gov.in/budget2022-23/doc/eb/sbe44.pdf,sbe44.pdf,expenditure_budget
2022-2023,https://www.indiabudget.gov.in/budget2022-23/index.php,https://www.indiabudget.gov.in/budget2022-23/doc/eb/sbe44.xls,sbe44.xls,expenditure_budget
2022-2023,https://www.indiabudget.gov.in/budget2022-23/index.php,https://www.indiabudget.gov.in/budget2022-23/doc/eb/sbe45.pdf,sbe45.pdf,expenditure_budget
2022-2023,https://www.indiabudget.gov.in/budget2022-23/index.php,https://www.indiabudget.gov.in/budget2022-23/doc/eb/sbe45.xls,sbe45.xls,expenditure_budget
2022-2023,https://www.indiabudget.gov.in/budget2022-23/index.php,https://www.indiabudget.gov.in/budget2022-23/doc/eb/sbe46.pdf,sbe46.pdf,expenditure_budget
2022-2023,https://www.indiabudget.gov.in/budget2022-23/index.php,https://www.indiabudget.gov.in/budget2022-23/doc/eb/sbe46.xls,sbe46.xls,expenditure_budget
2022-2023,https://www.indiabudget.gov.in/budget2022-23/index.php,https://www.indiabudget.gov.in/budget2022-23/doc/eb/sbe47.pdf,sbe47.pdf,expenditure_budget
2022-2023,https://www.indiabudget.gov.in/budget2022-23/index.php,https://www.indiabudget.gov.in/budget2022-23/doc/eb/sbe47.xls,sbe47.xls,expenditure_budget
2022-2023,https://www.indiabudget.gov.in/budget2022-23/index.php,https://www.indiabudget.gov.in/budget2022-23/doc/eb/sbe48.pdf,sbe48.pdf,expenditure_budget
2022-2023,https://www.indiabudget.gov.in/budget2022-23/index.php,https://www.indiabudget.gov.in/budget2022-23/doc/eb/sbe48.xls,sbe48.xls,expenditure_budget
2022-2023,https://www.indiabudget.gov.in/budget2022-23/index.php,https://www.indiabudget.gov.in/budget2022-23/doc/eb/sbe49.pdf,sbe49.pdf,expenditure_budget
2022-2023,https://www.indiabudget.gov.in/budget2022-23/index.php,https://www.indiabudget.gov.in/budget2022-23/doc/eb/sbe49.xls,sbe49.xls,expenditure_budget
2022-2023,https://www.indiabudget.gov.in/budget2022-23/index.php,https://www.indiabudget.gov.in/budget2022-23/doc/eb/sbe50.pdf,sbe50.pdf,expenditure_budget
2022-2023,https://www.indiabudget.gov.in/budget2022-23/index.php,https://www.indiabudget.gov.in/budget2022-23/doc/eb/sbe50.xls,sbe50.xls,expenditure_budget
2022-2023,https://www.indiabudget.gov.in/budget2022-23/index.php,https://www.indiabudget.gov.in/budget2022-23/doc/eb/sbe51.pdf,sbe51.pdf,expenditure_budget
2022-2023,https://www.indiabudget.gov.in/budget2022-23/index.php,https://www.indiabudget.gov.in/budget2022-23/doc/eb/sbe51.xls,sbe51.xls,expenditure_budget
2022-2023,https://www.indiabudget.gov.in/budget2022-23/index.php,https://www.indiabudget.gov.in/budget2022-23/doc/eb/sbe52.pdf,sbe52.pdf,expenditure_budget
2022-2023,https://www.indiabudget.gov.in/budget2022-23/index.php,https://www.indiabudget.gov.in/budget2022-23/doc/eb/sbe52.xls,sbe52.xls,expenditure_budget
2022-2023,https://www.indiabudget.gov.in/budget2022-23/index.php,https://www.indiabudget.gov.in/budget2022-23/doc/eb/sbe53.pdf,sbe53.pdf,expenditure_budget
2022-2023,https://www.indiabudget.gov.in/budget2022-23/index.php,https://www.indiabudget.gov.in/budget2022-23/doc/eb/sbe53.xls,sbe53.xls,expenditure_budget
2022-2023,https://www.indiabudget.gov.in/budget2022-23/index.php,https://www.indiabudget.gov.in/budget2022-23/doc/eb/sbe54.pdf,sbe54.pdf,expenditure_budget
2022-2023,https://www.indiabudget.gov.in/budget2022-23/index.php,https://www.indiabudget.gov.in/budget2022-23/doc/eb/sbe54.xls,sbe54.xls,expenditure_budget
2022-2023,https://www.indiabudget.gov.in/budget2022-23/index.php,https://www.indiabudget.gov.in/budget2022-23/doc/eb/sbe55.pdf,sbe55.pdf,expenditure_budget
2022-2023,https://www.indiabudget.gov.in/budget2022-23/index.php,https://www.indiabudget.gov.in/budget2022-23/doc/eb/sbe55.xls,sbe55.xls,expenditure_budget
2022-2023,https://www.indiabudget.gov.in/budget2022-23/index.php,https://www.indiabudget.gov.in/budget2022-23/doc/eb/sbe56.pdf,sbe56.pdf,expenditure_budget
2022-2023,https://www.indiabudget.gov.in/budget2022-23/index.php,https://www.indiabudget.gov.in/budget2022-23/doc/eb/sbe56.xls,sbe56.xls,expenditure_budget
2022-2023,https://www.indiabudget.gov.in/budget2022-23/index.php,https://www.indiabudget.gov.in/budget2022-23/doc/eb/sbe57.pdf,sbe57.pdf,expenditure_budget
2022-2023,https://www.indiabudget.gov.in/budget2022-23/index.php,https://www.indiabudget.gov.in/budget2022-23/doc/eb/sbe57.xls,sbe57.xls,expenditure_budget
2022-2023,https://www.indiabudget.gov.in/budget2022-23/index.php,https://www.indiabudget.gov.in/budget2022-23/doc/eb/sbe58.pdf,sbe58.pdf,expenditure_budget
2022-2023,https://www.indiabudget.gov.in/budget2022-23/index.php,https://www.indiabudget.gov.in/budget2022-23/doc/eb/sbe58.xls,sbe58.xls,expenditure_budget
2022-2023,https://www.indiabudget.gov.in/budget2022-23/index.php,https://www.indiabudget.gov.in/budget2022-23/doc/eb/sbe59.pdf,sbe59.pdf,expenditure_budget
2022-2023,https://www.indiabudget.gov.in/budget2022-23/index.php,https://www.indiabudget.gov.in/budget2022-23/doc/eb/sbe59.xls,sbe59.xls,expenditure_budget
2022-2023,https://www.indiabudget.gov.in/budget2022-23/index.php,https://www.indiabudget.gov.in/budget2022-23/doc/eb/sbe60.pdf,sbe60.pdf,expenditure_budget
2022-2023,https://www.indiabudget.gov.in/budget2022-23/index.php,https://www.indiabudget.gov.in/budget2022-23/doc/eb/sbe60.xls,sbe60.xls,expenditure_budget
2022-2023,https://www.indiabudget.gov.in/budget2022-23/index.php,https://www.indiabudget.gov.in/budget2022-23/doc/eb/sbe61.pdf,sbe61.pdf,expenditure_budget
2022-2023,https://www.indiabudget.gov.in/budget2022-23/index.php,https://www.indiabudget.gov.in/budget2022-23/doc/eb/sbe61.xls,sbe61.xls,expenditure_budget
2022-2023,https://www.indiabudget.gov.in/budget2022-23/index.php,https://www.indiabudget.gov.in/budget2022-23/doc/eb/sbe62.pdf,sbe62.pdf,expenditure_budget
2022-2023,https://www.indiabudget.gov.in/budget2022-23/index.php,https://www.indiabudget.gov.in/budget2022-23/doc/eb/sbe62.xls,sbe62.xls,expenditure_budget
2022-2023,https://www.indiabudget.gov.in/budget2022-23/index.php,https://www.indiabudget.gov.in/budget2022-23/doc/eb/sbe63.pdf,sbe63.pdf,expenditure_budget
2022-2023,https://www.indiabudget.gov.in/budget2022-23/index.php,https://www.indiabudget.gov.in/budget2022-23/doc/eb/sbe63.xls,sbe63.xls,expenditure_budget
2022-2023,https://www.indiabudget.gov.in/budget2022-23/index.php,https://www.indiabudget.gov.in/budget2022-23/doc/eb/sbe64.pdf,sbe64.pdf,expenditure_budget
2022-2023,https://www.indiabudget.gov.in/budget2022-23/index.php,https://www.indiabudget.gov.in/budget2022-23/doc/eb/sbe64.xls,sbe64.xls,expenditure_budget
2022-2023,https://www.indiabudget.gov.in/budget2022-23/index.php,https://www.indiabudget.gov.in/budget2022-23/doc/eb/sbe65.pdf,sbe65.pdf,expenditure_budget
2022-2023,https://www.indiabudget.gov.in/budget2022-23/index.php,https://www.indiabudget.gov.in/budget2022-23/doc/eb/sbe65.xls,sbe65.xls,expenditure_budget
2022-2023,https://www.indiabudget.gov.in/budget2022-23/index.php,https://www.indiabudget.gov.in/budget2022-23/doc/eb/sbe66.pdf,sbe66.pdf,expenditure_budget
2022-2023,https://www.indiabudget.gov.in/budget2022-23/index.php,https://www.indiabudget.gov.in/budget2022-23/doc/eb/sbe66.xls,sbe66.xls,expenditure_budget
2022-2023,https://www.indiabudget.gov.in/budget2022-23/index.php,https://www.indiabudget.gov.in/budget2022-23/doc/eb/sbe67.pdf,sbe67.pdf,expenditure_budget
2022-2023,https://www.indiabudget.gov.in/budget2022-23/index.php,https://www.indiabudget.gov.in/budget2022-23/doc/eb/sbe67.xls,sbe67.xls,expenditure_budget
2022-2023,https://www.indiabudget.gov.in/budget2022-23/index.php,https://www.indiabudget.gov.in/budget2022-23/doc/eb/sbe68.pdf,sbe68.pdf,expenditure_budget
2022-2023,https://www.indiabudget.gov.in/budget2022-23/index.php,https://www.indiabudget.gov.in/budget2022-23/doc/eb/sbe68.xls,sbe68.xls,expenditure_budget
2022-2023,https://www.indiabudget.gov.in/budget2022-23/index.php,https://www.indiabudget.gov.in/budget2022-23/doc/eb/sbe69.pdf,sbe69.pdf,expenditure_budget
2022-2023,https://www.indiabudget.gov.in/budget2022-23/index.php,https://www.indiabudget.gov.in/budget2022-23/doc/eb/sbe69.xls,sbe69.xls,expenditure_budget
2022-2023,https://www.indiabudget.gov.in/budget2022-23/index.php,https://www.indiabudget.gov.in/budget2022-23/doc/eb/sbe70.pdf,sbe70.pdf,expenditure_budget
2022-2023,https://www.indiabudget.gov.in/budget2022-23/index.php,https://www.indiabudget.gov.in/budget2022-23/doc/eb/sbe70.xls,sbe70.xls,expenditure_budget
2022-2023,https://www.indiabudget.gov.in/budget2022-23/index.php,https://www.indiabudget.gov.in/budget2022-23/doc/eb/sbe71.pdf,sbe71.pdf,expenditure_budget
2022-2023,https://www.indiabudget.gov.in/budget2022-23/index.php,https://www.indiabudget.gov.in/budget2022-23/doc/eb/sbe71.xls,sbe71.xls,expenditure_budget
2022-2023,https://www.indiabudget.gov.in/budget2022-23/index.php,https://www.indiabudget.gov.in/budget2022-23/doc/eb/sbe72.pdf,sbe72.pdf,expenditure_budget
2022-2023,https://www.indiabudget.gov.in/budget2022-23/index.php,https://www.indiabudget.gov.in/budget2022-23/doc/eb/sbe72.xls,sbe72.xls,expenditure_budget
2022-2023,https://www.indiabudget.gov.in/budget2022-23/index.php,https://www.indiabudget.gov.in/budget2022-23/doc/eb/sbe73.pdf,sbe73.pdf,expenditure_budget
2022-2023,https://www.indiabudget.gov.in/budget2022-23/index.php,https://www.indiabudget.gov.in/budget2022-23/doc/eb/sbe73.xls,sbe73.xls,expenditure_budget
2022-2023,https://www.indiabudget.gov.in/budget2022-23/index.php,https://www.indiabudget.gov.in/budget2022-23/doc/eb/sbe74.pdf,sbe74.pdf,expenditure_budget
2022-2023,https://www.indiabudget.gov.in/budget2022-23/index.php,https://www.indiabudget.gov.in/budget2022-23/doc/eb/sbe74.xls,sbe74.xls,expenditure_budget
2022-2023,https://www.indiabudget.gov.in/budget2022-23/index.php,https://www.indiabudget.gov.in/budget2022-23/doc/eb/sbe75.pdf,sbe75.pdf,expenditure_budget
2022-2023,https://www.indiabudget.gov.in/budget2022-23/index.php,https://www.indiabudget.gov.in/budget2022-23/doc/eb/sbe75.xls,sbe75.xls,expenditure_budget
2022-2023,https://www.indiabudget.gov.in/budget2022-23/index.php,https://www.indiabudget.gov.in/budget2022-23/doc/eb/sbe76.pdf,sbe76.pdf,expenditure_budget
2022-2023,https://www.indiabudget.gov.in/budget2022-23/index.php,https://www.indiabudget.gov.in/budget2022-23/doc/eb/sbe76.xls,sbe76.xls,expenditure_budget
2022-2023,https://www.indiabudget.gov.in/budget2022-23/index.php,https://www.indiabudget.gov.in/budget2022-23/doc/eb/sbe77.pdf,sbe77.pdf,expenditure_budget
2022-2023,https://www.indiabudget.gov.in/budget2022-23/index.php,https://www.indiabudget.gov.in/budget2022-23/doc/eb/sbe77.xls,sbe77.xls,expenditure_budget
2022-2023,https://www.indiabudget.gov.in/budget2022-23/index.php,https://www.indiabudget.gov.in/budget2022-23/doc/eb/sbe78.pdf,sbe78.pdf,expenditure_budget
2022-2023,https://www.indiabudget.gov.in/budget2022-23/index.php,https://www.indiabudget.gov.in/budget2022-23/doc/eb/sbe78.xls,sbe78.xls,expenditure_budget
2022-2023,https://www.indiabudget.gov.in/budget2022-23/index.php,https://www.indiabudget.gov.in/budget2022-23/doc/eb/sbe79.pdf,sbe79.pdf,expenditure_budget
2022-2023,https://www.indiabudget.gov.in/budget2022-23/index.php,https://www.indiabudget.gov.in/budget2022-23/doc/eb/sbe79.xls,sbe79.xls,expenditure_budget
2022-2023,https://www.indiabudget.gov.in/budget2022-23/index.php,https://www.indiabudget.gov.in/budget2022-23/doc/eb/sbe80.pdf,sbe80.pdf,expenditure_budget
2022-2023,https://www.indiabudget.gov.in/budget2022-23/index.php,https://www.indiabudget.gov.in/budget2022-23/doc/eb/sbe80.xls,sbe80.xls,expenditure_budget
2022-2023,https://www.indiabudget.gov.in/budget2022-23/index.php,https://www.indiabudget.gov.in/budget2022-23/doc/eb/sbe81.pdf,sbe81.pdf,expenditure_budget
2022-2023,https://www.indiabudget.gov.in/budget2022-23/index.php,https://www.indiabudget.gov.in/budget2022-23/doc/eb/sbe81.xls,sbe81.xls,expenditure_budget
2022-2023,https://www.indiabudget.gov.in/budget2022-23/index.php,https://www.indiabudget.gov.in/budget2022-23/doc/eb/sbe82.pdf,sbe82.pdf,expenditure_budget
2022-2023,https://www.indiabudget.gov.in/budget2022-23/index.php,https://www.indiabudget.gov.in/budget2022-23/doc/eb/sbe82.xls,sbe82.xls,expenditure_budget
2022-2023,https://www.indiabudget.gov.in/budget2022-23/index.php,https://www.indiabudget.gov.in/budget2022-23/doc/eb/sbe83.pdf,sbe83.pdf,expenditure_budget
2022-2023,https://www.indiabudget.gov.in/budget2022-23/index.php,https://www.indiabudget.gov.in/budget2022-23/doc/eb/sbe83.xls,sbe83.xls,expenditure_budget
2022-2023,https://www.indiabudget.gov.in/budget2022-23/index.php,https://www.indiabudget.gov.in/budget2022-23/doc/eb/sbe84.pdf,sbe84.pdf,expenditure_budget
2022-2023,https://www.indiabudget.gov.in/budget2022-23/index.php,https://www.indiabudget.gov.in/budget2022-23/doc/eb/sbe84.xls,sbe84.xls,expenditure_budget
2022-2023,https://www.indiabudget.gov.in/budget2022-23/index.php,https://www.indiabudget.gov.in/budget2022-23/doc/eb/sbe85.pdf,sbe85.pdf,expenditure_budget
2022-2023,https://www.indiabudget.gov.in/budget2022-23/index.php,https://www.indiabudget.gov.in/budget2022-23/doc/eb/sbe85.xls,sbe85.xls,expenditure_budget
2022-2023,https://www.indiabudget.gov.in/budget2022-23/index.php,https://www.indiabudget.gov.in/budget2022-23/doc/eb/sbe86.pdf,sbe86.pdf,expenditure_budget
2022-2023,https://www.indiabudget.gov.in/budget2022-23/index.php,https://www.indiabudget.gov.in/budget2022-23/doc/eb/sbe86.xls,sbe86.xls,expenditure_budget
2022-2023,https://www.indiabudget.gov.in/budget2022-23/index.php,https://www.indiabudget.gov.in/budget2022-23/doc/eb/sbe87.pdf,sbe87.pdf,expenditure_budget
2022-2023,https://www.indiabudget.gov.in/budget2022-23/index.php,https://www.indiabudget.gov.in/budget2022-23/doc/eb/sbe87.xls,sbe87.xls,expenditure_budget
2022-2023,https://www.indiabudget.gov.in/budget2022-23/index.php,https://www.indiabudget.gov.in/budget2022-23/doc/eb/sbe88.pdf,sbe88.pdf,expenditure_budget
2022-2023,https://www.indiabudget.gov.in/budget2022-23/index.php,https://www.indiabudget.gov.in/budget2022-23/doc/eb/sbe88.xls,sbe88.xls,expenditure_budget
2022-2023,https://www.indiabudget.gov.in/budget2022-23/index.php,https://www.indiabudget.gov.in/budget2022-23/doc/eb/sbe89.pdf,sbe89.pdf,expenditure_budget
2022-2023,https://www.indiabudget.gov.in/budget2022-23/index.php,https://www.indiabudget.gov.in/budget2022-23/doc/eb/sbe89.xls,sbe89.xls,expenditure_budget
2022-2023,https://www.indiabudget.gov.in/budget2022-23/index.php,https://www.indiabudget.gov.in/budget2022-23/doc/eb/sbe90.pdf,sbe90.pdf,expenditure_budget
2022-2023,https://www.indiabudget.gov.in/budget2022-23/index.php,https://www.indiabudget.gov.in/budget2022-23/doc/eb/sbe90.xls,sbe90.xls,expenditure_budget
2022-2023,https://www.indiabudget.gov.in/budget2022-23/index.php,https://www.indiabudget.gov.in/budget2022-23/doc/eb/sbe91.pdf,sbe91.pdf,expenditure_budget
2022-2023,https://www.indiabudget.gov.in/budget2022-23/index.php,https://www.indiabudget.gov.in/budget2022-23/doc/eb/sbe91.xls,sbe91.xls,expenditure_budget
2022-2023,https://www.indiabudget.gov.in/budget2022-23/index.php,https://www.indiabudget.gov.in/budget2022-23/doc/eb/sbe92.pdf,sbe92.pdf,expenditure_budget
2022-2023,https://www.indiabudget.gov.in/budget2022-23/index.php,https://www.indiabudget.gov.in/budget2022-23/doc/eb/sbe92.xls,sbe92.xls,expenditure_budget
2022-2023,https://www.indiabudget.gov.in/budget2022-23/index.php,https://www.indiabudget.gov.in/budget2022-23/doc/eb/sbe93.pdf,sbe93.pdf,expenditure_budget
2022-2023,https://www.indiabudget.gov.in/budget2022-23/index.php,https://www.indiabudget.gov.in/budget2022-23/doc/eb/sbe93.xls,sbe93.xls,expenditure_budget
2022-2023,https://www.indiabudget.gov.in/budget2022-23/index.php,https://www.indiabudget.gov.in/budget2022-23/doc/eb/sbe94.pdf,sbe94.pdf,expenditure_budget
2022-2023,https://www.indiabudget.gov.in/budget2022-23/index.php,https://www.indiabudget.gov.in/budget2022-23/doc/eb/sbe94.xls,sbe94.xls,expenditure_budget
2022-2023,https://www.indiabudget.gov.in/budget2022-23/index.php,https://www.indiabudget.gov.in/budget2022-23/doc/eb/sbe95.pdf,sbe95.pdf,expenditure_budget
2022-2023,https://www.indiabudget.gov.in/budget2022-23/index.php,https://www.indiabudget.gov.in/budget2022-23/doc/eb/sbe95.xls,sbe95.xls,expenditure_budget
2022-2023,https://www.indiabudget.gov.in/budget2022-23/index.php,https://www.indiabudget.gov.in/budget2022-23/doc/eb/sbe96.pdf,sbe96.pdf,expenditure_budget
2022-2023,https://www.indiabudget.gov.in/budget2022-23/index.php,https://www.indiabudget.gov.in/budget2022-23/doc/eb/sbe96.xls,sbe96.xls,expenditure_budget
2022-2023,https://www.indiabudget.gov.in/budget2022-23/index.php,https://www.indiabudget.gov.in/budget2022-23/doc/eb/sbe97.pdf,sbe97.pdf,expenditure_budget
2022-2023,https://www.indiabudget.gov.in/budget2022-23/index.php,https://www.indiabudget.gov.in/budget2022-23/doc/eb/sbe97.xls,sbe97.xls,expenditure_budget
2022-2023,https://www.indiabudget.gov.in/budget2022-23/index.php,https://www.indiabudget.gov.in/budget2022-23/doc/eb/sbe98.pdf,sbe98.pdf,expenditure_budget
2022-2023,https://www.indiabudget.gov.in/budget2022-23/index.php,https://www.indiabudget.gov.in/budget2022-23/doc/eb/sbe98.xls,sbe98.xls,expenditure_budget
2022-2023,https://www.indiabudget.gov.in/budget2022-23/index.php,https://www.indiabudget.gov.in/budget2022-23/doc/eb/sbe99.pdf,sbe99.pdf,expenditure_budget
2022-2023,https://www.indiabudget.gov.in/budget2022-23/index.php,https://www.indiabudget.gov.in/budget2022-23/doc/eb/sbe99.xls,sbe99.xls,expenditure_budget
2022-2023,https://www.indiabudget.gov.in/budget2022-23/index.php,https://www.indiabudget.gov.in/budget2022-23/doc/eb/sbe100.pdf,sbe100.pdf,expenditure_budget
2022-2023,https://www.indiabudget.gov.in/budget2022-23/index.php,https://www.indiabudget.gov.in/budget2022-23/doc/eb/sbe100.xls,sbe100.xls,expenditure_budget
2022-2023,https://www.indiabudget.gov.in/budget2022-23/index.php,https://www.indiabudget.gov.in/budget2022-23/doc/eb/sbe101.pdf,sbe101.pdf,expenditure_budget
2022-2023,https://www.indiabudget.gov.in/budget2022-23/index.php,https://www.indiabudget.gov.in/budget2022-23/doc/eb/sbe101.xls,sbe101.xls,expenditure_budget
2022-2023,https://www.indiabudget.gov.in/budget2022-23/index.php,https://www.indiabudget.gov.in/budget2022-23/doc/eb/sbe102.pdf,sbe102.pdf,expenditure_budget
2022-2023,https://www.indiabudget.gov.in/budget2022-23/index.php,https://www.indiabudget.gov.in/budget2022-23/doc/eb/sbe102.xls,sbe102.xls,expenditure_budget
2022-2023,https://www.indiabudget.gov.in/budget2022-23/index.php,https://www.indiabudget.gov.in/budget2022-23/doc/eb/dgsum.pdf,dgsum.pdf,demands_for_grants
2022-2023,https://www.indiabudget.gov.in/budget2022-23/index.php,https://www.indiabudget.gov.in/budget2022-23/doc/eb/alldg.pdf,alldg.pdf,demands_for_grants
2022-2023,https://www.indiabudget.gov.in/budget2022-23/index.php,https://www.indiabudget.gov.in/budget2022-23/doc/eb/dg1.pdf,dg1.pdf,demands_for_grants
2022-2023,https://www.indiabudget.gov.in/budget2022-23/index.php,https://www.indiabudget.gov.in/budget2022-23/doc/eb/dg1.xls,dg1.xls,demands_for_grants
2022-2023,https://www.indiabudget.gov.in/budget2022-23/index.php,https://www.indiabudget.gov.in/budget2022-23/doc/eb/dg2.pdf,dg2.pdf,demands_for_grants
2022-2023,https://www.indiabudget.gov.in/budget2022-23/index.php,https://www.indiabudget.gov.in/budget2022-23/doc/eb/dg2.xls,dg2.xls,demands_for_grants
2022-2023,https://www.indiabudget.gov.in/budget2022-23/index.php,https://www.indiabudget.gov.in/budget2022-23/doc/eb/dg3.pdf,dg3.pdf,demands_for_grants
2022-2023,https://www.indiabudget.gov.in/budget2022-23/index.php,https://www.indiabudget.gov.in/budget2022-23/doc/eb/dg3.xls,dg3.xls,demands_for_grants
2022-2023,https://www.indiabudget.gov.in/budget2022-23/index.php,https://www.indiabudget.gov.in/budget2022-23/doc/eb/dg4.pdf,dg4.pdf,demands_for_grants
2022-2023,https://www.indiabudget.gov.in/budget2022-23/index.php,https://www.indiabudget.gov.in/budget2022-23/doc/eb/dg4.xls,dg4.xls,demands_for_grants
2022-2023,https://www.indiabudget.gov.in/budget2022-23/index.php,https://www.indiabudget.gov.in/budget2022-23/doc/eb/dg5.pdf,dg5.pdf,demands_for_grants
2022-2023,https://www.indiabudget.gov.in/budget2022-23/index.php,https://www.indiabudget.gov.in/budget2022-23/doc/eb/dg5.xls,dg5.xls,demands_for_grants
2022-2023,https://www.indiabudget.gov.in/budget2022-23/index.php,https://www.indiabudget.gov.in/budget2022-23/doc/eb/dg6.pdf,dg6.pdf,demands_for_grants
2022-2023,https://www.indiabudget.gov.in/budget2022-23/index.php,https://www.indiabudget.gov.in/budget2022-23/doc/eb/dg6.xls,dg6.xls,demands_for_grants
2022-2023,https://www.indiabudget.gov.in/budget2022-23/index.php,https://www.indiabudget.gov.in/budget2022-23/doc/eb/dg7.pdf,dg7.pdf,demands_for_grants
2022-2023,https://www.indiabudget.gov.in/budget2022-23/index.php,https://www.indiabudget.gov.in/budget2022-23/doc/eb/dg7.xls,dg7.xls,demands_for_grants
2022-2023,https://www.indiabudget.gov.in/budget2022-23/index.php,https://www.indiabudget.gov.in/budget2022-23/doc/eb/dg8.pdf,dg8.pdf,demands_for_grants
2022-2023,https://www.indiabudget.gov.in/budget2022-23/index.php,https://www.indiabudget.gov.in/budget2022-23/doc/eb/dg8.xls,dg8.xls,demands_for_grants
2022-2023,https://www.indiabudget.gov.in/budget2022-23/index.php,https://www.indiabudget.gov.in/budget2022-23/doc/eb/dg9.pdf,dg9.pdf,demands_for_grants
2022-2023,https://www.indiabudget.gov.in/budget2022-23/index.php,https://www.indiabudget.gov.in/budget2022-23/doc/eb/dg9.xls,dg9.xls,demands_for_grants
2022-2023,https://www.indiabudget.gov.in/budget2022-23/index.php,https://www.indiabudget.gov.in/budget2022-23/doc/eb/dg10.pdf,dg10.pdf,demands_for_grants
2022-2023,https://www.indiabudget.gov.in/budget2022-23/index.php,https://www.indiabudget.gov.in/budget2022-23/doc/eb/dg10.xls,dg10.xls,demands_for_grants
2022-2023,https://www.indiabudget.gov.in/budget2022-23/index.php,https://www.indiabudget.gov.in/budget2022-23/doc/eb/dg11.pdf,dg11.pdf,demands_for_grants
2022-2023,https://www.indiabudget.gov.in/budget2022-23/index.php,https://www.indiabudget.gov.in/budget2022-23/doc/eb/dg11.xls,dg11.xls,demands_for_grants
2022-2023,https://www.indiabudget.gov.in/budget2022-23/index.php,https://www.indiabudget.gov.in/budget2022-23/doc/eb/dg12.pdf,dg12.pdf,demands_for_grants
2022-2023,https://www.indiabudget.gov.in/budget2022-23/index.php,https://www.indiabudget.gov.in/budget2022-23/doc/eb/dg12.xls,dg12.xls,demands_for_grants
2022-2023,https://www.indiabudget.gov.in/budget2022-23/index.php,https://www.indiabudget.gov.in/budget2022-23/doc/eb/dg13.pdf,dg13.pdf,demands_for_grants
2022-2023,https://www.indiabudget.gov.in/budget2022-23/index.php,https://www.indiabudget.gov.in/budget2022-23/doc/eb/dg13.xls,dg13.xls,demands_for_grants
2022-2023,https://www.indiabudget.gov.in/budget2022-23/index.php,https://www.indiabudget.gov.in/budget2022-23/doc/eb/dg14.pdf,dg14.pdf,demands_for_grants
2022-2023,https://www.indiabudget.gov.in/budget2022-23/index.php,https://www.indiabudget.gov.in/budget2022-23/doc/eb/dg14.xls,dg14.xls,demands_for_grants
2022-2023,https://www.indiabudget.gov.in/budget2022-23/index.php,https://www.indiabudget.gov.in/budget2022-23/doc/eb/dg15.pdf,dg15.pdf,demands_for_grants
2022-2023,https://www.indiabudget.gov.in/budget2022-23/index.php,https://www.indiabudget.gov.in/budget2022-23/doc/eb/dg15.xls,dg15.xls,demands_for_grants
2022-2023,https://www.indiabudget.gov.in/budget2022-23/index.php,https://www.indiabudget.gov.in/budget2022-23/doc/eb/dg16.pdf,dg16.pdf,demands_for_grants
2022-2023,https://www.indiabudget.gov.in/budget2022-23/index.php,https://www.indiabudget.gov.in/budget2022-23/doc/eb/dg16.xls,dg16.xls,demands_for_grants
2022-2023,https://www.indiabudget.gov.in/budget2022-23/index.php,https://www.indiabudget.gov.in/budget2022-23/doc/eb/dg17.pdf,dg17.pdf,demands_for_grants
2022-2023,https://www.indiabudget.gov.in/budget2022-23/index.php,https://www.indiabudget.gov.in/budget2022-23/doc/eb/dg17.xls,dg17.xls,demands_for_grants
2022-2023,https://www.indiabudget.gov.in/budget2022-23/index.php,https://www.indiabudget.gov.in/budget2022-23/doc/eb/dg18.pdf,dg18.pdf,demands_for_grants
2022-2023,https://www.indiabudget.gov.in/budget2022-23/index.php,https://www.indiabudget.gov.in/budget2022-23/doc/eb/dg18.xls,dg18.xls,demands_for_grants
2022-2023,https://www.indiabudget.gov.in/budget2022-23/index.php,https://www.indiabudget.gov.in/budget2022-23/doc/eb/dg19.pdf,dg19.pdf,demands_for_grants
2022-2023,https://www.indiabudget.gov.in/budget2022-23/index.php,https://www.indiabudget.gov.in/budget2022-23/doc/eb/dg19.xls,dg19.xls,demands_for_grants
2022-2023,https://www.indiabudget.gov.in/budget2022-23/index.php,https://www.indiabudget.gov.in/budget2022-23/doc/eb/dg20.pdf,dg20.pdf,demands_for_grants
2022-2023,https://www.indiabudget.gov.in/budget2022-23/index.php,https://www.indiabudget.gov.in/budget2022-23/doc/eb/dg20.xls,dg20.xls,demands_for_grants
2022-2023,https://www.indiabudget.gov.in/budget2022-23/index.php,https://www.indiabudget.gov.in/budget2022-23/doc/eb/dg21.pdf,dg21.pdf,demands_for_grants
2022-2023,https://www.indiabudget.gov.in/budget2022-23/index.php,https://www.indiabudget.gov.in/budget2022-23/doc/eb/dg21.xls,dg21.xls,demands_for_grants
2022-2023,https://www.indiabudget.gov.in/budget2022-23/index.php,https://www.indiabudget.gov.in/budget2022-23/doc/eb/dg22.pdf,dg22.pdf,demands_for_grants
2022-2023,https://www.indiabudget.gov.in/budget2022-23/index.php,https://www.indiabudget.gov.in/budget2022-23/doc/eb/dg22.xls,dg22.xls,demands_for_grants
2022-2023,https://www.indiabudget.gov.in/budget2022-23/index.php,https://www.indiabudget.gov.in/budget2022-23/doc/eb/dg23.pdf,dg23.pdf,demands_for_grants
2022-2023,https://www.indiabudget.gov.in/budget2022-23/index.php,https://www.indiabudget.gov.in/budget2022-23/doc/eb/dg23.xls,dg23.xls,demands_for_grants
2022-2023,https://www.indiabudget.gov.in/budget2022-23/index.php,https://www.indiabudget.gov.in/budget2022-23/doc/eb/dg24.pdf,dg24.pdf,demands_for_grants
2022-2023,https://www.indiabudget.gov.in/budget2022-23/index.php,https://www.indiabudget.gov.in/budget2022-23/doc/eb/dg24.xls,dg24.xls,demands_for_grants
2022-2023,https://www.indiabudget.gov.in/budget2022-23/index.php,https://www.indiabudget.gov.in/budget2022-23/doc/eb/dg25.pdf,dg25.pdf,demands_for_grants
2022-2023,https://www.indiabudget.gov.in/budget2022-23/index.php,https://www.indiabudget.gov.in/budget2022-23/doc/eb/dg25.xls,dg25.xls,demands_for_grants
2022-2023,https://www.indiabudget.gov.in/budget2022-23/index.php,https://www.indiabudget.gov.in/budget2022-23/doc/eb/dg26.pdf,dg26.pdf,demands_for_grants
2022-2023,https://www.indiabudget.gov.in/budget2022-23/index.php,https://www.indiabudget.gov.in/budget2022-23/doc/eb/dg26.xls,dg26.xls,demands_for_grants
2022-2023,https://www.indiabudget.gov.in/budget2022-23/index.php,https://www.indiabudget.gov.in/budget2022-23/doc/eb/dg27.pdf,dg27.pdf,demands_for_grants
2022-2023,https://www.indiabudget.gov.in/budget2022-23/index.php,https://www.indiabudget.gov.in/budget2022-23/doc/eb/dg27.xls,dg27.xls,demands_for_grants
2022-2023,https://www.indiabudget.gov.in/budget2022-23/index.php,https://www.indiabudget.gov.in/budget2022-23/doc/eb/dg28.pdf,dg28.pdf,demands_for_grants
2022-2023,https://www.indiabudget.gov.in/budget2022-23/index.php,https://www.indiabudget.gov.in/budget2022-23/doc/eb/dg28.xls,dg28.xls,demands_for_grants
2022-2023,https://www.indiabudget.gov.in/budget2022-23/index.php,https://www.indiabudget.gov.in/budget2022-23/doc/eb/dg29.pdf,dg29.pdf,demands_for_grants
2022-2023,https://www.indiabudget.gov.in/budget2022-23/index.php,https://www.indiabudget.gov.in/budget2022-23/doc/eb/dg29.xls,dg29.xls,demands_for_grants
2022-2023,https://www.indiabudget.gov.in/budget2022-23/index.php,https://www.indiabudget.gov.in/budget2022-23/doc/eb/dg30.pdf,dg30.pdf,demands_for_grants
2022-2023,https://www.indiabudget.gov.in/budget2022-23/index.php,https://www.indiabudget.gov.in/budget2022-23/doc/eb/dg30.xls,dg30.xls,demands_for_grants
2022-2023,https://www.indiabudget.gov.in/budget2022-23/index.php,https://www.indiabudget.gov.in/budget2022-23/doc/eb/dg31.pdf,dg31.pdf,demands_for_grants
2022-2023,https://www.indiabudget.gov.in/budget2022-23/index.php,https://www.indiabudget.gov.in/budget2022-23/doc/eb/dg31.xls,dg31.xls,demands_for_grants
2022-2023,https://www.indiabudget.gov.in/budget2022-23/index.php,https://www.indiabudget.gov.in/budget2022-23/doc/eb/dg32.pdf,dg32.pdf,demands_for_grants
2022-2023,https://www.indiabudget.gov.in/budget2022-23/index.php,https://www.indiabudget.gov.in/budget2022-23/doc/eb/dg32.xls,dg32.xls,demands_for_grants
2022-2023,https://www.indiabudget.gov.in/budget2022-23/index.php,https://www.indiabudget.gov.in/budget2022-23/doc/eb/dg33.pdf,dg33.pdf,demands_for_grants
2022-2023,https://www.indiabudget.gov.in/budget2022-23/index.php,https://www.indiabudget.gov.in/budget2022-23/doc/eb/dg33.xls,dg33.xls,demands_for_grants
2022-2023,https://www.indiabudget.gov.in/budget2022-23/index.php,https://www.indiabudget.gov.in/budget2022-23/doc/eb/dg34.pdf,dg34.pdf,demands_for_grants
2022-2023,https://www.indiabudget.gov.in/budget2022-23/index.php,https://www.indiabudget.gov.in/budget2022-23/doc/eb/dg34.xls,dg34.xls,demands_for_grants
2022-2023,https://www.indiabudget.gov.in/budget2022-23/index.php,https://www.indiabudget.gov.in/budget2022-23/doc/eb/dg35.pdf,dg35.pdf,demands_for_grants
2022-2023,https://www.indiabudget.gov.in/budget2022-23/index.php,https://www.indiabudget.gov.in/budget2022-23/doc/eb/dg35.xls,dg35.xls,demands_for_grants
2022-2023,https://www.indiabudget.gov.in/budget2022-23/index.php,https://www.indiabudget.gov.in/budget2022-23/doc/eb/dg36.pdf,dg36.pdf,demands_for_grants
2022-2023,https://www.indiabudget.gov.in/budget2022-23/index.php,https://www.indiabudget.gov.in/budget2022-23/doc/eb/dg36.xls,dg36.xls,demands_for_grants
2022-2023,https://www.indiabudget.gov.in/budget2022-23/index.php,https://www.indiabudget.gov.in/budget2022-23/doc/eb/dg37.pdf,dg37.pdf,demands_for_grants
2022-2023,https://www.indiabudget.gov.in/budget2022-23/index.php,https://www.indiabudget.gov.in/budget2022-23/doc/eb/dg37.xls,dg37.xls,demands_for_grants
2022-2023,https://www.indiabudget.gov.in/budget2022-23/index.php,https://www.indiabudget.gov.in/budget2022-23/doc/eb/dg38.pdf,dg38.pdf,demands_for_grants
2022-2023,https://www.indiabudget.gov.in/budget2022-23/index.php,https://www.indiabudget.gov.in/budget2022-23/doc/eb/dg38.xls,dg38.xls,demands_for_grants
2022-2023,https://www.indiabudget.gov.in/budget2022-23/index.php,https://www.indiabudget.gov.in/budget2022-23/doc/eb/dg39.pdf,dg39.pdf,demands_for_grants
2022-2023,https://www.indiabudget.gov.in/budget2022-23/index.php,https://www.indiabudget.gov.in/budget2022-23/doc/eb/dg39.xls,dg39.xls,demands_for_grants
2022-2023,https://www.indiabudget.gov.in/budget2022-23/index.php,https://www.indiabudget.gov.in/budget2022-23/doc/eb/dg40.pdf,dg40.pdf,demands_for_grants
2022-2023,https://www.indiabudget.gov.in/budget2022-23/index.php,https://www.indiabudget.gov.in/budget2022-23/doc/eb/dg40.xls,dg40.xls,demands_for_grants
2022-2023,https://www.indiabudget.gov.in/budget2022-23/index.php,https://www.indiabudget.gov.in/budget2022-23/doc/eb/dg41.pdf,dg41.pdf,demands_for_grants
2022-2023,https://www.indiabudget.gov.in/budget2022-23/index.php,https://www.indiabudget.gov.in/budget2022-23/doc/eb/dg41.xls,dg41.xls,demands_for_grants
2022-2023,https://www.indiabudget.gov.in/budget2022-23/index.php,https://www.indiabudget.gov.in/budget2022-23/doc/eb/dg42.pdf,dg42.pdf,demands_for_grants
2022-2023,https://www.indiabudget.gov.in/budget2022-23/index.php,https://www.indiabudget.gov.in/budget2022-23/doc/eb/dg42.xls,dg42.xls,demands_for_grants
2022-2023,https://www.indiabudget.gov.in/budget2022-23/index.php,https://www.indiabudget.gov.in/budget2022-23/doc/eb/dg43.pdf,dg43.pdf,demands_for_grants
2022-2023,https://www.indiabudget.gov.in/budget2022-23/index.php,https://www.indiabudget.gov.in/budget2022-23/doc/eb/dg43.xls,dg43.xls,demands_for_grants
2022-2023,https://www.indiabudget.gov.in/budget2022-23/index.php,https://www.indiabudget.gov.in/budget2022-23/doc/eb/dg44.pdf,dg44.pdf,demands_for_grants
2022-2023,https://www.indiabudget.gov.in/budget2022-23/index.php,https://www.indiabudget.gov.in/budget2022-23/doc/eb/dg44.xls,dg44.xls,demands_for_grants
2022-2023,https://www.indiabudget.gov.in/budget2022-23/index.php,https://www.indiabudget.gov.in/budget2022-23/doc/eb/dg45.pdf,dg45.pdf,demands_for_grants
2022-2023,https://www.indiabudget.gov.in/budget2022-23/index.php,https://www.indiabudget.gov.in/budget2022-23/doc/eb/dg45.xls,dg45.xls,demands_for_grants
2022-2023,https://www.indiabudget.gov.in/budget2022-23/index.php,https://www.indiabudget.gov.in/budget2022-23/doc/eb/dg46.pdf,dg46.pdf,demands_for_grants
2022-2023,https://www.indiabudget.gov.in/budget2022-23/index.php,https://www.indiabudget.gov.in/budget2022-23/doc/eb/dg46.xls,dg46.xls,demands_for_grants
2022-2023,https://www.indiabudget.gov.in/budget2022-23/index.php,https://www.indiabudget.gov.in/budget2022-23/doc/eb/dg47.pdf,dg47.pdf,demands_for_grants
2022-2023,https://www.indiabudget.gov.in/budget2022-23/index.php,https://www.indiabudget.gov.in/budget2022-23/doc/eb/dg47.xls,dg47.xls,demands_for_grants
2022-2023,https://www.indiabudget.gov.in/budget2022-23/index.php,https://www.indiabudget.gov.in/budget2022-23/doc/eb/dg48.pdf,dg48.pdf,demands_for_grants
2022-2023,https://www.indiabudget.gov.in/budget2022-23/index.php,https://www.indiabudget.gov.in/budget2022-23/doc/eb/dg48.xls,dg48.xls,demands_for_grants
2022-2023,https://www.indiabudget.gov.in/budget2022-23/index.php,https://www.indiabudget.gov.in/budget2022-23/doc/eb/dg49.pdf,dg49.pdf,demands_for_grants
2022-2023,https://www.indiabudget.gov.in/budget2022-23/index.php,https://www.indiabudget.gov.in/budget2022-23/doc/eb/dg49.xls,dg49.xls,demands_for_grants
2022-2023,https://www.indiabudget.gov.in/budget2022-23/index.php,https://www.indiabudget.gov.in/budget2022-23/doc/eb/dg50.pdf,dg50.pdf,demands_for_grants
2022-2023,https://www.indiabudget.gov.in/budget2022-23/index.php,https://www.indiabudget.gov.in/budget2022-23/doc/eb/dg50.xls,dg50.xls,demands_for_grants
2022-2023,https://www.indiabudget.gov.in/budget2022-23/index.php,https://www.indiabudget.gov.in/budget2022-23/doc/eb/dg51.pdf,dg51.pdf,demands_for_grants
2022-2023,https://www.indiabudget.gov.in/budget2022-23/index.php,https://www.indiabudget.gov.in/budget2022-23/doc/eb/dg51.xls,dg51.xls,demands_for_grants
2022-2023,https://www.indiabudget.gov.in/budget2022-23/index.php,https://www.indiabudget.gov.in/budget2022-23/doc/eb/dg52.pdf,dg52.pdf,demands_for_grants
2022-2023,https://www.indiabudget.gov.in/budget2022-23/index.php,https://www.indiabudget.gov.in/budget2022-23/doc/eb/dg52.xls,dg52.xls,demands_for_grants
2022-2023,https://www.indiabudget.gov.in/budget2022-23/index.php,https://www.indiabudget.gov.in/budget2022-23/doc/eb/dg53.pdf,dg53.pdf,demands_for_grants
2022-2023,https://www.indiabudget.gov.in/budget2022-23/index.php,https://www.indiabudget.gov.in/budget2022-23/doc/eb/dg53.xls,dg53.xls,demands_for_grants
2022-2023,https://www.indiabudget.gov.in/budget2022-23/index.php,https://www.indiabudget.gov.in/budget2022-23/doc/eb/dg54.pdf,dg54.pdf,demands_for_grants
2022-2023,https://www.indiabudget.gov.in/budget2022-23/index.php,https://www.indiabudget.gov.in/budget2022-23/doc/eb/dg54.xls,dg54.xls,demands_for_grants
2022-2023,https://www.indiabudget.gov.in/budget2022-23/index.php,https://www.indiabudget.gov.in/budget2022-23/doc/eb/dg55.pdf,dg55.pdf,demands_for_grants
2022-2023,https://www.indiabudget.gov.in/budget2022-23/index.php,https://www.indiabudget.gov.in/budget2022-23/doc/eb/dg55.xls,dg55.xls,demands_for_grants
2022-2023,https://www.indiabudget.gov.in/budget2022-23/index.php,https://www.indiabudget.gov.in/budget2022-23/doc/eb/dg56.pdf,dg56.pdf,demands_for_grants
2022-2023,https://www.indiabudget.gov.in/budget2022-23/index.php,https://www.indiabudget.gov.in/budget2022-23/doc/eb/dg56.xls,dg56.xls,demands_for_grants
2022-2023,https://www.indiabudget.gov.in/budget2022-23/index.php,https://www.indiabudget.gov.in/budget2022-23/doc/eb/dg57.pdf,dg57.pdf,demands_for_grants
2022-2023,https://www.indiabudget.gov.in/budget2022-23/index.php,https://www.indiabudget.gov.in/budget2022-23/doc/eb/dg57.xls,dg57.xls,demands_for_grants
2022-2023,https://www.indiabudget.gov.in/budget2022-23/index.php,https://www.indiabudget.gov.in/budget2022-23/doc/eb/dg58.pdf,dg58.pdf,demands_for_grants
2022-2023,https://www.indiabudget.gov.in/budget2022-23/index.php,https://www.indiabudget.gov.in/budget2022-23/doc/eb/dg58.xls,dg58.xls,demands_for_grants
2022-2023,https://www.indiabudget.gov.in/budget2022-23/index.php,https://www.indiabudget.gov.in/budget2022-23/doc/eb/dg59.pdf,dg59.pdf,demands_for_grants
2022-2023,https://www.indiabudget.gov.in/budget2022-23/index.php,https://www.indiabudget.gov.in/budget2022-23/doc/eb/dg59.xls,dg59.xls,demands_for_grants
2022-2023,https://www.indiabudget.gov.in/budget2022-23/index.php,https://www.indiabudget.gov.in/budget2022-23/doc/eb/dg60.pdf,dg60.pdf,demands_for_grants
2022-2023,https://www.indiabudget.gov.in/budget2022-23/index.php,https://www.indiabudget.gov.in/budget2022-23/doc/eb/dg60.xls,dg60.xls,demands_for_grants
2022-2023,https://www.indiabudget.gov.in/budget2022-23/index.php,https://www.indiabudget.gov.in/budget2022-23/doc/eb/dg61.pdf,dg61.pdf,demands_for_grants
2022-2023,https://www.indiabudget.gov.in/budget2022-23/index.php,https://www.indiabudget.gov.in/budget2022-23/doc/eb/dg61.xls,dg61.xls,demands_for_grants
2022-2023,https://www.indiabudget.gov.in/budget2022-23/index.php,https://www.indiabudget.gov.in/budget2022-23/doc/eb/dg62.pdf,dg62.pdf,demands_for_grants
2022-2023,https://www.indiabudget.gov.in/budget2022-23/index.php,https://www.indiabudget.gov.in/budget2022-23/doc/eb/dg62.xls,dg62.xls,demands_for_grants
2022-2023,https://www.indiabudget.gov.in/budget2022-23/index.php,https://www.indiabudget.gov.in/budget2022-23/doc/eb/dg63.pdf,dg63.pdf,demands_for_grants
2022-2023,https://www.indiabudget.gov.in/budget2022-23/index.php,https://www.indiabudget.gov.in/budget2022-23/doc/eb/dg63.xls,dg63.xls,demands_for_grants
2022-2023,https://www.indiabudget.gov.in/budget2022-23/index.php,https://www.indiabudget.gov.in/budget2022-23/doc/eb/dg64.pdf,dg64.pdf,demands_for_grants
2022-2023,https://www.indiabudget.gov.in/budget2022-23/index.php,https://www.indiabudget.gov.in/budget2022-23/doc/eb/dg64.xls,dg64.xls,demands_for_grants
2022-2023,https://www.indiabudget.gov.in/budget2022-23/index.php,https://www.indiabudget.gov.in/budget2022-23/doc/eb/dg65.pdf,dg65.pdf,demands_for_grants
2022-2023,https://www.indiabudget.gov.in/budget2022-23/index.php,https://www.indiabudget.gov.in/budget2022-23/doc/eb/dg65.xls,dg65.xls,demands_for_grants
2022-2023,https://www.indiabudget.gov.in/budget2022-23/index.php,https://www.indiabudget.gov.in/budget2022-23/doc/eb/dg66.pdf,dg66.pdf,demands_for_grants
2022-2023,https://www.indiabudget.gov.in/budget2022-23/index.php,https://www.indiabudget.gov.in/budget2022-23/doc/eb/dg66.xls,dg66.xls,demands_for_grants
2022-2023,https://www.indiabudget.gov.in/budget2022-23/index.php,https://www.indiabudget.gov.in/budget2022-23/doc/eb/dg67.pdf,dg67.pdf,demands_for_grants
2022-2023,https://www.indiabudget.gov.in/budget2022-23/index.php,https://www.indiabudget.gov.in/budget2022-23/doc/eb/dg67.xls,dg67.xls,demands_for_grants
2022-2023,https://www.indiabudget.gov.in/budget2022-23/index.php,https://www.indiabudget.gov.in/budget2022-23/doc/eb/dg68.pdf,dg68.pdf,demands_for_grants
2022-2023,https://www.indiabudget.gov.in/budget2022-23/index.php,https://www.indiabudget.gov.in/budget2022-23/doc/eb/dg68.xls,dg68.xls,demands_for_grants
2022-2023,https://www.indiabudget.gov.in/budget2022-23/index.php,https://www.indiabudget.gov.in/budget2022-23/doc/eb/dg69.pdf,dg69.pdf,demands_for_grants
2022-2023,https://www.indiabudget.gov.in/budget2022-23/index.php,https://www.indiabudget.gov.in/budget2022-23/doc/eb/dg69.xls,dg69.xls,demands_for_grants
2022-2023,https://www.indiabudget.gov.in/budget2022-23/index.php,https://www.indiabudget.gov.in/budget2022-23/doc/eb/dg70.pdf,dg70.pdf,demands_for_grants
2022-2023,https://www.indiabudget.gov.in/budget2022-23/index.php,https://www.indiabudget.gov.in/budget2022-23/doc/eb/dg70.xls,dg70.xls,demands_for_grants
2022-2023,https://www.indiabudget.gov.in/budget2022-23/index.php,https://www.indiabudget.gov.in/budget2022-23/doc/eb/dg71.pdf,dg71.pdf,demands_for_grants
2022-2023,https://www.indiabudget.gov.in/budget2022-23/index.php,https://www.indiabudget.gov.in/budget2022-23/doc/eb/dg71.xls,dg71.xls,demands_for_grants
2022-2023,https://www.indiabudget.gov.in/budget2022-23/index.php,https://www.indiabudget.gov.in/budget2022-23/doc/eb/dg72.pdf,dg72.pdf,demands_for_grants
2022-2023,https://www.indiabudget.gov.in/budget2022-23/index.php,https://www.indiabudget.gov.in/budget2022-23/doc/eb/dg72.xls,dg72.xls,demands_for_grants
2022-2023,https://www.indiabudget.gov.in/budget2022-23/index.php,https://www.indiabudget.gov.in/budget2022-23/doc/eb/dg73.pdf,dg73.pdf,demands_for_grants
2022-2023,https://www.indiabudget.gov.in/budget2022-23/index.php,https://www.indiabudget.gov.in/budget2022-23/doc/eb/dg73.xls,dg73.xls,demands_for_grants
2022-2023,https://www.indiabudget.gov.in/budget2022-23/index.php,https://www.indiabudget.gov.in/budget2022-23/doc/eb/dg74.pdf,dg74.pdf,demands_for_grants
2022-2023,https://www.indiabudget.gov.in/budget2022-23/index.php,https://www.indiabudget.gov.in/budget2022-23/doc/eb/dg74.xls,dg74.xls,demands_for_grants
2022-2023,https://www.indiabudget.gov.in/budget2022-23/index.php,https://www.indiabudget.gov.in/budget2022-23/doc/eb/dg75.pdf,dg75.pdf,demands_for_grants
2022-2023,https://www.indiabudget.gov.in/budget2022-23/index.php,https://www.indiabudget.gov.in/budget2022-23/doc/eb/dg75.xls,dg75.xls,demands_for_grants
2022-2023,https://www.indiabudget.gov.in/budget2022-23/index.php,https://www.indiabudget.gov.in/budget2022-23/doc/eb/dg76.pdf,dg76.pdf,demands_for_grants
2022-2023,https://www.indiabudget.gov.in/budget2022-23/index.php,https://www.indiabudget.gov.in/budget2022-23/doc/eb/dg76.xls,dg76.xls,demands_for_grants
2022-2023,https://www.indiabudget.gov.in/budget2022-23/index.php,https://www.indiabudget.gov.in/budget2022-23/doc/eb/dg77.pdf,dg77.pdf,demands_for_grants
2022-2023,https://www.indiabudget.gov.in/budget2022-23/index.php,https://www.indiabudget.gov.in/budget2022-23/doc/eb/dg77.xls,dg77.xls,demands_for_grants
2022-2023,https://www.indiabudget.gov.in/budget2022-23/index.php,https://www.indiabudget.gov.in/budget2022-23/doc/eb/dg78.pdf,dg78.pdf,demands_for_grants
2022-2023,https://www.indiabudget.gov.in/budget2022-23/index.php,https://www.indiabudget.gov.in/budget2022-23/doc/eb/dg78.xls,dg78.xls,demands_for_grants
2022-2023,https://www.indiabudget.gov.in/budget2022-23/index.php,https://www.indiabudget.gov.in/budget2022-23/doc/eb/dg79.pdf,dg79.pdf,demands_for_grants
2022-2023,https://www.indiabudget.gov.in/budget2022-23/index.php,https://www.indiabudget.gov.in/budget2022-23/doc/eb/dg79.xls,dg79.xls,demands_for_grants
2022-2023,https://www.indiabudget.gov.in/budget2022-23/index.php,https://www.indiabudget.gov.in/budget2022-23/doc/eb/dg80.pdf,dg80.pdf,demands_for_grants
2022-2023,https://www.indiabudget.gov.in/budget2022-23/index.php,https://www.indiabudget.gov.in/budget2022-23/doc/eb/dg80.xls,dg80.xls,demands_for_grants
2022-2023,https://www.indiabudget.gov.in/budget2022-23/index.php,https://www.indiabudget.gov.in/budget2022-23/doc/eb/dg81.pdf,dg81.pdf,demands_for_grants
2022-2023,https://www.indiabudget.gov.in/budget2022-23/index.php,https://www.indiabudget.gov.in/budget2022-23/doc/eb/dg81.xls,dg81.xls,demands_for_grants
2022-2023,https://www.indiabudget.gov.in/budget2022-23/index.php,https://www.indiabudget.gov.in/budget2022-23/doc/eb/dg82.pdf,dg82.pdf,demands_for_grants
2022-2023,https://www.indiabudget.gov.in/budget2022-23/index.php,https://www.indiabudget.gov.in/budget2022-23/doc/eb/dg82.xls,dg82.xls,demands_for_grants
2022-2023,https://www.indiabudget.gov.in/budget2022-23/index.php,https://www.indiabudget.gov.in/budget2022-23/doc/eb/dg83.pdf,dg83.pdf,demands_for_grants
2022-2023,https://www.indiabudget.gov.in/budget2022-23/index.php,https://www.indiabudget.gov.in/budget2022-23/doc/eb/dg83.xls,dg83.xls,demands_for_grants
2022-2023,https://www.indiabudget.gov.in/budget2022-23/index.php,https://www.indiabudget.gov.in/budget2022-23/doc/eb/dg84.pdf,dg84.pdf,demands_for_grants
2022-2023,https://www.indiabudget.gov.in/budget2022-23/index.php,https://www.indiabudget.gov.in/budget2022-23/doc/eb/dg84.xls,dg84.xls,demands_for_grants
2022-2023,https://www.indiabudget.gov.in/budget2022-23/index.php,https://www.indiabudget.gov.in/budget2022-23/doc/eb/dg85.pdf,dg85.pdf,demands_for_grants
2022-2023,https://www.indiabudget.gov.in/budget2022-23/index.php,https://www.indiabudget.gov.in/budget2022-23/doc/eb/dg85.xls,dg85.xls,demands_for_grants
2022-2023,https://www.indiabudget.gov.in/budget2022-23/index.php,https://www.indiabudget.gov.in/budget2022-23/doc/eb/dg86.pdf,dg86.pdf,demands_for_grants
2022-2023,https://www.indiabudget.gov.in/budget2022-23/index.php,https://www.indiabudget.gov.in/budget2022-23/doc/eb/dg86.xls,dg86.xls,demands_for_grants
2022-2023,https://www.indiabudget.gov.in/budget2022-23/index.php,https://www.indiabudget.gov.in/budget2022-23/doc/eb/dg87.pdf,dg87.pdf,demands_for_grants
2022-2023,https://www.indiabudget.gov.in/budget2022-23/index.php,https://www.indiabudget.gov.in/budget2022-23/doc/eb/dg87.xls,dg87.xls,demands_for_grants
2022-2023,https://www.indiabudget.gov.in/budget2022-23/index.php,https://www.indiabudget.gov.in/budget2022-23/doc/eb/dg88.pdf,dg88.pdf,demands_for_grants
2022-2023,https://www.indiabudget.gov.in/budget2022-23/index.php,https://www.indiabudget.gov.in/budget2022-23/doc/eb/dg88.xls,dg88.xls,demands_for_grants
2022-2023,https://www.indiabudget.gov.in/budget2022-23/index.php,https://www.indiabudget.gov.in/budget2022-23/doc/eb/dg89.pdf,dg89.pdf,demands_for_grants
2022-2023,https://www.indiabudget.gov.in/budget2022-23/index.php,https://www.indiabudget.gov.in/budget2022-23/doc/eb/dg89.xls,dg89.xls,demands_for_grants
2022-2023,https://www.indiabudget.gov.in/budget2022-23/index.php,https://www.indiabudget.gov.in/budget2022-23/doc/eb/dg90.pdf,dg90.pdf,demands_for_grants
2022-2023,https://www.indiabudget.gov.in/budget2022-23/index.php,https://www.indiabudget.gov.in/budget2022-23/doc/eb/dg90.xls,dg90.xls,demands_for_grants
2022-2023,https://www.indiabudget.gov.in/budget2022-23/index.php,https://www.indiabudget.gov.in/budget2022-23/doc/eb/dg91.pdf,dg91.pdf,demands_for_grants
2022-2023,https://www.indiabudget.gov.in/budget2022-23/index.php,https://www.indiabudget.gov.in/budget2022-23/doc/eb/dg91.xls,dg91.xls,demands_for_grants
2022-2023,https://www.indiabudget.gov.in/budget2022-23/index.php,https://www.indiabudget.gov.in/budget2022-23/doc/eb/dg92.pdf,dg92.pdf,demands_for_grants
2022-2023,https://www.indiabudget.gov.in/budget2022-23/index.php,https://www.indiabudget.gov.in/budget2022-23/doc/eb/dg92.xls,dg92.xls,demands_for_grants
2022-2023,https://www.indiabudget.gov.in/budget2022-23/index.php,https://www.indiabudget.gov.in/budget2022-23/doc/eb/dg93.pdf,dg93.pdf,demands_for_grants
2022-2023,https://www.indiabudget.gov.in/budget2022-23/index.php,https://www.indiabudget.gov.in/budget2022-23/doc/eb/dg93.xls,dg93.xls,demands_for_grants
2022-2023,https://www.indiabudget.gov.in/budget2022-23/index.php,https://www.indiabudget.gov.in/budget2022-23/doc/eb/dg94.pdf,dg94.pdf,demands_for_grants
2022-2023,https://www.indiabudget.gov.in/budget2022-23/index.php,https://www.indiabudget.gov.in/budget2022-23/doc/eb/dg94.xls,dg94.xls,demands_for_grants
2022-2023,https://www.indiabudget.gov.in/budget2022-23/index.php,https://www.indiabudget.gov.in/budget2022-23/doc/eb/dg95.pdf,dg95.pdf,demands_for_grants
2022-2023,https://www.indiabudget.gov.in/budget2022-23/index.php,https://www.indiabudget.gov.in/budget2022-23/doc/eb/dg95.xls,dg95.xls,demands_for_grants
2022-2023,https://www.indiabudget.gov.in/budget2022-23/index.php,https://www.indiabudget.gov.in/budget2022-23/doc/eb/dg96.pdf,dg96.pdf,demands_for_grants
2022-2023,https://www.indiabudget.gov.in/budget2022-23/index.php,https://www.indiabudget.gov.in/budget2022-23/doc/eb/dg96.xls,dg96.xls,demands_for_grants
2022-2023,https://www.indiabudget.gov.in/budget2022-23/index.php,https://www.indiabudget.gov.in/budget2022-23/doc/eb/dg97.pdf,dg97.pdf,demands_for_grants
2022-2023,https://www.indiabudget.gov.in/budget2022-23/index.php,https://www.indiabudget.gov.in/budget2022-23/doc/eb/dg97.xls,dg97.xls,demands_for_grants
2022-2023,https://www.indiabudget.gov.in/budget2022-23/index.php,https://www.indiabudget.gov.in/budget2022-23/doc/eb/dg98.pdf,dg98.pdf,demands_for_grants
2022-2023,https://www.indiabudget.gov.in/budget2022-23/index.php,https://www.indiabudget.gov.in/budget2022-23/doc/eb/dg98.xls,dg98.xls,demands_for_grants
2022-2023,https://www.indiabudget.gov.in/budget2022-23/index.php,https://www.indiabudget.gov.in/budget2022-23/doc/eb/dg99.pdf,dg99.pdf,demands_for_grants
2022-2023,https://www.indiabudget.gov.in/budget2022-23/index.php,https://www.indiabudget.gov.in/budget2022-23/doc/eb/dg99.xls,dg99.xls,demands_for_grants
2022-2023,https://www.indiabudget.gov.in/budget2022-23/index.php,https://www.indiabudget.gov.in/budget2022-23/doc/eb/dg100.pdf,dg100.pdf,demands_for_grants
2022-2023,https://www.indiabudget.gov.in/budget2022-23/index.php,https://www.indiabudget.gov.in/budget2022-23/doc/eb/dg100.xls,dg100.xls,demands_for_grants
2022-2023,https://www.indiabudget.gov.in/budget2022-23/index.php,https://www.indiabudget.gov.in/budget2022-23/doc/eb/dg101.pdf,dg101.pdf,demands_for_grants
2022-2023,https://www.indiabudget.gov.in/budget2022-23/index.php,https://www.indiabudget.gov.in/budget2022-23/doc/eb/dg101.xls,dg101.xls,demands_for_grants
2022-2023,https://www.indiabudget.gov.in/budget2022-23/index.php,https://www.indiabudget.gov.in/budget2022-23/doc/eb/dg102.pdf,dg102.pdf,demands_for_grants
2022-2023,https://www.indiabudget.gov.in/budget2022-23/index.php,https://www.indiabudget.gov.in/budget2022-23/doc/eb/dg102.xls,dg102.xls,demands_for_grants
2022-2023,https://www.indiabudget.gov.in/budget2022-23/index.php,https://www.indiabudget.gov.in/budget2022-23/doc/rec/allrec.pdf,allrec.pdf,demands_for_grants
2022-2023,https://www.indiabudget.gov.in/budget2022-23/index.php,https://www.indiabudget.gov.in/budget2022-23/doc/rec/int.pdf,int.pdf,demands_for_grants
2022-2023,https://www.indiabudget.gov.in/budget2022-23/index.php,https://www.indiabudget.gov.in/budget2022-23/doc/rec/ar.pdf,ar.pdf,demands_for_grants
2022-2023,https://www.indiabudget.gov.in/budget2022-23/index.php,https://www.indiabudget.gov.in/budget2022-23/doc/rec/tr.pdf,tr.pdf,demands_for_grants
2022-2023,https://www.indiabudget.gov.in/budget2022-23/index.php,https://www.indiabudget.gov.in/budget2022-23/doc/rec/tr.xls,tr.xls,demands_for_grants
2022-2023,https://www.indiabudget.gov.in/budget2022-23/index.php,https://www.indiabudget.gov.in/budget2022-23/doc/rec/ntr.pdf,ntr.pdf,demands_for_grants
2022-2023,https://www.indiabudget.gov.in/budget2022-23/index.php,https://www.indiabudget.gov.in/budget2022-23/doc/rec/ntr.xls,ntr.xls,demands_for_grants
2022-2023,https://www.indiabudget.gov.in/budget2022-23/index.php,https://www.indiabudget.gov.in/budget2022-23/doc/rec/ctr.pdf,ctr.pdf,demands_for_grants
2022-2023,https://www.indiabudget.gov.in/budget2022-23/index.php,https://www.indiabudget.gov.in/budget2022-23/doc/rec/ctr.xls,ctr.xls,demands_for_grants
2022-2023,https://www.indiabudget.gov.in/budget2022-23/index.php,https://www.indiabudget.gov.in/budget2022-23/doc/rec/annex1.pdf,annex1.pdf,demands_for_grants
2022-2023,https://www.indiabudget.gov.in/budget2022-23/index.php,https://www.indiabudget.gov.in/budget2022-23/doc/rec/annex2.pdf,annex2.pdf,demands_for_grants
2022-2023,https://www.indiabudget.gov.in/budget2022-23/index.php,https://www.indiabudget.gov.in/budget2022-23/doc/rec/annex3.pdf,annex3.pdf,demands_for_grants
2022-2023,https://www.indiabudget.gov.in/budget2022-23/index.php,https://www.indiabudget.gov.in/budget2022-23/doc/rec/annex4.pdf,annex4.pdf,demands_for_grants
2022-2023,https://www.indiabudget.gov.in/budget2022-23/index.php,https://www.indiabudget.gov.in/budget2022-23/doc/rec/annex4a.pdf,annex4a.pdf,demands_for_grants
2022-2023,https://www.indiabudget.gov.in/budget2022-23/index.php,https://www.indiabudget.gov.in/budget2022-23/doc/rec/annex4b.pdf,annex4b.pdf,demands_for_grants
2022-2023,https://www.indiabudget.gov.in/budget2022-23/index.php,https://www.indiabudget.gov.in/budget2022-23/doc/rec/annex5.pdf,annex5.pdf,demands_for_grants
2022-2023,https://www.indiabudget.gov.in/budget2022-23/index.php,https://www.indiabudget.gov.in/budget2022-23/doc/rec/annex6.pdf,annex6.pdf,demands_for_grants
2022-2023,https://www.indiabudget.gov.in/budget2022-23/index.php,https://www.indiabudget.gov.in/budget2022-23/doc/rec/annex7.pdf,annex7.pdf,demands_for_grants
2022-2023,https://www.indiabudget.gov.in/budget2022-23/index.php,https://www.indiabudget.gov.in/budget2022-23/doc/rec/annex8.pdf,annex8.pdf,demands_for_grants
2022-2023,https://www.indiabudget.gov.in/budget2022-23/index.php,https://www.indiabudget.gov.in/budget2022-23/doc/rec/annex9.pdf,annex9.pdf,demands_for_grants
2022-2023,https://www.indiabudget.gov.in/budget2022-23/index.php,https://www.indiabudget.gov.in/budget2022-23/doc/rec/annex91.pdf,annex91.pdf,demands_for_grants
2022-2023,https://www.indiabudget.gov.in/budget2022-23/index.php,https://www.indiabudget.gov.in/budget2022-23/doc/rec/annex92.pdf,annex92.pdf,demands_for_grants
2022-2023,https://www.indiabudget.gov.in/budget2022-23/index.php,https://www.indiabudget.gov.in/budget2022-23/doc/rec/annex93.pdf,annex93.pdf,demands_for_grants
2022-2023,https://www.indiabudget.gov.in/budget2022-23/index.php,https://www.indiabudget.gov.in/budget2022-23/doc/rec/annex94.pdf,annex94.pdf,demands_for_grants
2022-2023,https://www.indiabudget.gov.in/budget2022-23/index.php,https://www.indiabudget.gov.in/budget2022-23/doc/rec/annex10.pdf,annex10.pdf,demands_for_grants
2022-2023,https://www.indiabudget.gov.in/budget2022-23/index.php,https://www.indiabudget.gov.in/budget2022-23/doc/rec/annex10a.pdf,annex10a.pdf,demands_for_grants
2022-2023,https://www.indiabudget.gov.in/budget2022-23/index.php,https://www.indiabudget.gov.in/budget2022-23/doc/rec/annex10b.pdf,annex10b.pdf,demands_for_grants
2022-2023,https://www.indiabudget.gov.in/budget2022-23/index.php,https://www.indiabudget.gov.in/budget2022-23/doc/rec/annex10c.pdf,annex10c.pdf,demands_for_grants
2022-2023,https://www.indiabudget.gov.in/budget2022-23/index.php,https://www.indiabudget.gov.in/budget2022-23/doc/rec/annex10d.pdf,annex10d.pdf,demands_for_grants
2022-2023,https://www.indiabudget.gov.in/budget2022-23/index.php,https://www.indiabudget.gov.in/budget2022-23/doc/rec/annex10e.pdf,annex10e.pdf,demands_for_grants
2022-2023,https://www.indiabudget.gov.in/budget2022-23/index.php,https://www.indiabudget.gov.in/budget2022-23/doc/rec/annex10f.pdf,annex10f.pdf,demands_for_grants
2022-2023,https://www.indiabudget.gov.in/budget2022-23/index.php,https://www.indiabudget.gov.in/budget2022-23/doc/rec/annex10g.pdf,annex10g.pdf,demands_for_grants
2022-2023,https://www.indiabudget.gov.in/budget2022-23/index.php,https://www.indiabudget.gov.in/budget2022-23/doc/rec/annex10h.pdf,annex10h.pdf,demands_for_grants
2022-2023,https://www.indiabudget.gov.in/budget2022-23/index.php,https://www.indiabudget.gov.in/budget2022-23/doc/rec/annex10i.pdf,annex10i.pdf,demands_for_grants
2022-2023,https://www.indiabudget.gov.in/budget2022-23/index.php,https://www.indiabudget.gov.in/budget2022-23/doc/rec/annex11.pdf,annex11.pdf,demands_for_grants
2022-2023,https://www.indiabudget.gov.in/budget2022-23/index.php,https://www.indiabudget.gov.in/budget2022-23/doc/rec/annex12.pdf,annex12.pdf,demands_for_grants
2022-2023,https://www.indiabudget.gov.in/budget2022-23/index.php,https://www.indiabudget.gov.in/budget2022-23/doc/rec/annex13.pdf,annex13.pdf,demands_for_grants
2022-2023,https://www.indiabudget.gov.in/budget2022-23/index.php,https://www.indiabudget.gov.in/budget2022-23/doc/rec/annex14.pdf,annex14.pdf,demands_for_grants
2021-2022,https://www.indiabudget.gov.in/budget2021-22/index.php,https://www.indiabudget.gov.in/budget2021-22/doc/Key_to_Budget_Document_2021.pdf,Key_to_Budget_Document_2021.pdf,full_budget_document
2021-2022,https://www.indiabudget.gov.in/budget2021-22/index.php,https://www.indiabudget.gov.in/budget2021-22/doc/bh1.pdf,bh1.pdf,demands_for_grants
2021-2022,https://www.indiabudget.gov.in/budget2021-22/index.php,https://www.indiabudget.gov.in/budget2021-22/doc/AFS/allafs.pdf,allafs.pdf,demands_for_grants
2021-2022,https://www.indiabudget.gov.in/budget2021-22/index.php,https://www.indiabudget.gov.in/budget2021-22/doc/AFS/allafs.xlsx,allafs.xlsx,demands_for_grants
2021-2022,https://www.indiabudget.gov.in/budget2021-22/index.php,https://www.indiabudget.gov.in/budget2021-22/doc/AFS/afs1.pdf,afs1.pdf,demands_for_grants
2021-2022,https://www.indiabudget.gov.in/budget2021-22/index.php,https://www.indiabudget.gov.in/budget2021-22/doc/AFS/afs1.xlsx,afs1.xlsx,demands_for_grants
2021-2022,https://www.indiabudget.gov.in/budget2021-22/index.php,https://www.indiabudget.gov.in/budget2021-22/doc/AFS/afs2.pdf,afs2.pdf,demands_for_grants
2021-2022,https://www.indiabudget.gov.in/budget2021-22/index.php,https://www.indiabudget.gov.in/budget2021-22/doc/AFS/afs2.xlsx,afs2.xlsx,demands_for_grants
2021-2022,https://www.indiabudget.gov.in/budget2021-22/index.php,https://www.indiabudget.gov.in/budget2021-22/doc/AFS/afs3.pdf,afs3.pdf,demands_for_grants
2021-2022,https://www.indiabudget.gov.in/budget2021-22/index.php,https://www.indiabudget.gov.in/budget2021-22/doc/AFS/afs3.xlsx,afs3.xlsx,demands_for_grants
2021-2022,https://www.indiabudget.gov.in/budget2021-22/index.php,https://www.indiabudget.gov.in/budget2021-22/doc/AFS/afs4.pdf,afs4.pdf,demands_for_grants
2021-2022,https://www.indiabudget.gov.in/budget2021-22/index.php,https://www.indiabudget.gov.in/budget2021-22/doc/AFS/afs4.xlsx,afs4.xlsx,demands_for_grants
2021-2022,https://www.indiabudget.gov.in/budget2021-22/index.php,https://www.indiabudget.gov.in/budget2021-22/doc/AFS/afs5.pdf,afs5.pdf,demands_for_grants
2021-2022,https://www.indiabudget.gov.in/budget2021-22/index.php,https://www.indiabudget.gov.in/budget2021-22/doc/AFS/afs5.xlsx,afs5.xlsx,demands_for_grants
2021-2022,https://www.indiabudget.gov.in/budget2021-22/index.php,https://www.indiabudget.gov.in/budget2021-22/doc/AFS/afs6.pdf,afs6.pdf,demands_for_grants
2021-2022,https://www.indiabudget.gov.in/budget2021-22/index.php,https://www.indiabudget.gov.in/budget2021-22/doc/AFS/afs6.xlsx,afs6.xlsx,demands_for_grants
2021-2022,https://www.indiabudget.gov.in/budget2021-22/index.php,https://www.indiabudget.gov.in/budget2021-22/doc/AFS/afs7.pdf,afs7.pdf,demands_for_grants
2021-2022,https://www.indiabudget.gov.in/budget2021-22/index.php,https://www.indiabudget.gov.in/budget2021-22/doc/AFS/afs7.xlsx,afs7.xlsx,demands_for_grants
2021-2022,https://www.indiabudget.gov.in/budget2021-22/index.php,https://www.indiabudget.gov.in/budget2021-22/doc/AFS/afs8.pdf,afs8.pdf,demands_for_grants
2021-2022,https://www.indiabudget.gov.in/budget2021-22/index.php,https://www.indiabudget.gov.in/budget2021-22/doc/AFS/afs8.xlsx,afs8.xlsx,demands_for_grants
2021-2022,https://www.indiabudget.gov.in/budget2021-22/index.php,https://www.indiabudget.gov.in/budget2021-22/doc/AFS/afs9.pdf,afs9.pdf,demands_for_grants
2021-2022,https://www.indiabudget.gov.in/budget2021-22/index.php,https://www.indiabudget.gov.in/budget2021-22/doc/AFS/afs9.xlsx,afs9.xlsx,demands_for_grants
2021-2022,https://www.indiabudget.gov.in/budget2021-22/index.php,https://www.indiabudget.gov.in/budget2021-22/doc/memo.pdf,memo.pdf,demands_for_grants
2021-2022,https://www.indiabudget.gov.in/budget2021-22/index.php,https://www.indiabudget.gov.in/budget2021-22/doc/Finance_Bill.pdf,Finance_Bill.pdf,demands_for_grants
2021-2022,https://www.indiabudget.gov.in/budget2021-22/index.php,https://www.indiabudget.gov.in/budget2021-22/doc/frbm1.pdf,frbm1.pdf,demands_for_grants
2021-2022,https://www.indiabudget.gov.in/budget2021-22/index.php,https://www.indiabudget.gov.in/budget2021-22/doc/frbm2.pdf,frbm2.pdf,demands_for_grants
2021-2022,https://www.indiabudget.gov.in/budget2021-22/index.php,https://www.indiabudget.gov.in/budget2021-22/doc/OutcomeBudgetE2021_2022.pdf,OutcomeBudgetE2021_2022.pdf,demands_for_grants
2021-2022,https://www.indiabudget.gov.in/budget2021-22/index.php,https://www.indiabudget.gov.in/budget2021-22/doc/cen/cus0221.pdf,cus0221.pdf,demands_for_grants
2021-2022,https://www.indiabudget.gov.in/budget2021-22/index.php,https://www.indiabudget.gov.in/budget2021-22/doc/cen/cus0321.pdf,cus0321.pdf,demands_for_grants
2021-2022,https://www.indiabudget.gov.in/budget2021-22/index.php,https://www.indiabudget.gov.in/budget2021-22/doc/cen/cus0421.pdf,cus0421.pdf,demands_for_grants
2021-2022,https://www.indiabudget.gov.in/budget2021-22/index.php,https://www.indiabudget.gov.in/budget2021-22/doc/cen/cus0521.pdf,cus0521.pdf,demands_for_grants
2021-2022,https://www.indiabudget.gov.in/budget2021-22/index.php,https://www.indiabudget.gov.in/budget2021-22/doc/cen/cus0621.pdf,cus0621.pdf,demands_for_grants
2021-2022,https://www.indiabudget.gov.in/budget2021-22/index.php,https://www.indiabudget.gov.in/budget2021-22/doc/cen/cus0721.pdf,cus0721.pdf,demands_for_grants
2021-2022,https://www.indiabudget.gov.in/budget2021-22/index.php,https://www.indiabudget.gov.in/budget2021-22/doc/cen/cus0821.pdf,cus0821.pdf,demands_for_grants
2021-2022,https://www.indiabudget.gov.in/budget2021-22/index.php,https://www.indiabudget.gov.in/budget2021-22/doc/cen/cus0921.pdf,cus0921.pdf,demands_for_grants
2021-2022,https://www.indiabudget.gov.in/budget2021-22/index.php,https://www.indiabudget.gov.in/budget2021-22/doc/cen/cus1021.pdf,cus1021.pdf,demands_for_grants
2021-2022,https://www.indiabudget.gov.in/budget2021-22/index.php,https://www.indiabudget.gov.in/budget2021-22/doc/cen/cus1121.pdf,cus1121.pdf,demands_for_grants
2021-2022,https://www.indiabudget.gov.in/budget2021-22/index.php,https://www.indiabudget.gov.in/budget2021-22/doc/cen/cus1221.pdf,cus1221.pdf,demands_for_grants
2021-2022,https://www.indiabudget.gov.in/budget2021-22/index.php,https://www.indiabudget.gov.in/budget2021-22/doc/cen/cus1321.pdf,cus1321.pdf,demands_for_grants
2021-2022,https://www.indiabudget.gov.in/budget2021-22/index.php,https://www.indiabudget.gov.in/budget2021-22/doc/cen/cus1421.pdf,cus1421.pdf,demands_for_grants
2021-2022,https://www.indiabudget.gov.in/budget2021-22/index.php,https://www.indiabudget.gov.in/budget2021-22/doc/cen/cus1521.pdf,cus1521.pdf,demands_for_grants
2021-2022,https://www.indiabudget.gov.in/budget2021-22/index.php,https://www.indiabudget.gov.in/budget2021-22/doc/cen/cusadd0521.pdf,cusadd0521.pdf,demands_for_grants
2021-2022,https://www.indiabudget.gov.in/budget2021-22/index.php,https://www.indiabudget.gov.in/budget2021-22/doc/cen/cusadd0621.pdf,cusadd0621.pdf,demands_for_grants
2021-2022,https://www.indiabudget.gov.in/budget2021-22/index.php,https://www.indiabudget.gov.in/budget2021-22/doc/cen/cusadd0721.pdf,cusadd0721.pdf,demands_for_grants
2021-2022,https://www.indiabudget.gov.in/budget2021-22/index.php,https://www.indiabudget.gov.in/budget2021-22/doc/cen/cusnt0921.pdf,cusnt0921.pdf,demands_for_grants
2021-2022,https://www.indiabudget.gov.in/budget2021-22/index.php,https://www.indiabudget.gov.in/budget2021-22/doc/cen/cusnt1021.pdf,cusnt1021.pdf,demands_for_grants
2021-2022,https://www.indiabudget.gov.in/budget2021-22/index.php,https://www.indiabudget.gov.in/budget2021-22/doc/cen/cusnt1121.pdf,cusnt1121.pdf,demands_for_grants
2021-2022,https://www.indiabudget.gov.in/budget2021-22/index.php,https://www.indiabudget.gov.in/budget2021-22/doc/cen/cusnt1221.pdf,cusnt1221.pdf,demands_for_grants
2021-2022,https://www.indiabudget.gov.in/budget2021-22/index.php,https://www.indiabudget.gov.in/budget2021-22/doc/cen/cuscvd0121.pdf,cuscvd0121.pdf,demands_for_grants
2021-2022,https://www.indiabudget.gov.in/budget2021-22/index.php,https://www.indiabudget.gov.in/budget2021-22/doc/cen/cuscvd0221.pdf,cuscvd0221.pdf,demands_for_grants
2021-2022,https://www.indiabudget.gov.in/budget2021-22/index.php,https://www.indiabudget.gov.in/budget2021-22/doc/cen/cen0121.pdf,cen0121.pdf,demands_for_grants
2021-2022,https://www.indiabudget.gov.in/budget2021-22/index.php,https://www.indiabudget.gov.in/budget2021-22/doc/cen/cen0221.pdf,cen0221.pdf,demands_for_grants
2021-2022,https://www.indiabudget.gov.in/budget2021-22/index.php,https://www.indiabudget.gov.in/budget2021-22/doc/cen/cen0321.pdf,cen0321.pdf,demands_for_grants
2021-2022,https://www.indiabudget.gov.in/budget2021-22/index.php,https://www.indiabudget.gov.in/budget2021-22/doc/cen/cen0421.pdf,cen0421.pdf,demands_for_grants
2021-2022,https://www.indiabudget.gov.in/budget2021-22/index.php,https://www.indiabudget.gov.in/budget2021-22/doc/cen/cen0521.pdf,cen0521.pdf,demands_for_grants
2021-2022,https://www.indiabudget.gov.in/budget2021-22/index.php,https://www.indiabudget.gov.in/budget2021-22/doc/cen/cen0621.pdf,cen0621.pdf,demands_for_grants
2021-2022,https://www.indiabudget.gov.in/budget2021-22/index.php,https://www.indiabudget.gov.in/budget2021-22/doc/cen/cen0721.pdf,cen0721.pdf,demands_for_grants
2021-2022,https://www.indiabudget.gov.in/budget2021-22/index.php,https://www.indiabudget.gov.in/budget2021-22/doc/cen/explanatorynote.pdf,explanatorynote.pdf,demands_for_grants
2021-2022,https://www.indiabudget.gov.in/budget2021-22/index.php,https://www.indiabudget.gov.in/budget2021-22/doc/cen/dojstru1.pdf,dojstru1.pdf,demands_for_grants
2021-2022,https://www.indiabudget.gov.in/budget2021-22/index.php,https://www.indiabudget.gov.in/budget2021-22/doc/impbud2020-21.pdf,impbud2020-21.pdf,demands_for_grants
2021-2022,https://www.indiabudget.gov.in/budget2021-22/index.php,https://www.indiabudget.gov.in/budget2021-22/doc/Budget_at_Glance/budget_at_a_glance.pdf,budget_at_a_glance.pdf,full_budget_document
2021-2022,https://www.indiabudget.gov.in/budget2021-22/index.php,https://www.indiabudget.gov.in/budget2021-22/doc/Budget_at_Glance/bag1.pdf,bag1.pdf,demands_for_grants
2021-2022,https://www.indiabudget.gov.in/budget2021-22/index.php,https://www.indiabudget.gov.in/budget2021-22/doc/Budget_at_Glance/bag1.xls,bag1.xls,demands_for_grants
2021-2022,https://www.indiabudget.gov.in/budget2021-22/index.php,https://www.indiabudget.gov.in/budget2021-22/doc/Budget_at_Glance/bag2.pdf,bag2.pdf,demands_for_grants
2021-2022,https://www.indiabudget.gov.in/budget2021-22/index.php,https://www.indiabudget.gov.in/budget2021-22/doc/Budget_at_Glance/bag2.xls,bag2.xls,demands_for_grants
2021-2022,https://www.indiabudget.gov.in/budget2021-22/index.php,https://www.indiabudget.gov.in/budget2021-22/doc/Budget_at_Glance/bag3.pdf,bag3.pdf,demands_for_grants
2021-2022,https://www.indiabudget.gov.in/budget2021-22/index.php,https://www.indiabudget.gov.in/budget2021-22/doc/Budget_at_Glance/bag3.xls,bag3.xls,demands_for_grants
2021-2022,https://www.indiabudget.gov.in/budget2021-22/index.php,https://www.indiabudget.gov.in/budget2021-22/doc/Budget_at_Glance/bag4.pdf,bag4.pdf,demands_for_grants
2021-2022,https://www.indiabudget.gov.in/budget2021-22/index.php,https://www.indiabudget.gov.in/budget2021-22/doc/Budget_at_Glance/bag4.xls,bag4.xls,demands_for_grants
2021-2022,https://www.indiabudget.gov.in/budget2021-22/index.php,https://www.indiabudget.gov.in/budget2021-22/doc/Budget_at_Glance/bag5.pdf,bag5.pdf,demands_for_grants
2021-2022,https://www.indiabudget.gov.in/budget2021-22/index.php,https://www.indiabudget.gov.in/budget2021-22/doc/Budget_at_Glance/bag5.xls,bag5.xls,demands_for_grants
2021-2022,https://www.indiabudget.gov.in/budget2021-22/index.php,https://www.indiabudget.gov.in/budget2021-22/doc/Budget_at_Glance/bag6.pdf,bag6.pdf,demands_for_grants
2021-2022,https://www.indiabudget.gov.in/budget2021-22/index.php,https://www.indiabudget.gov.in/budget2021-22/doc/Budget_at_Glance/bag6.xls,bag6.xls,demands_for_grants
2021-2022,https://www.indiabudget.gov.in/budget2021-22/index.php,https://www.indiabudget.gov.in/budget2021-22/doc/Budget_at_Glance/bag7.pdf,bag7.pdf,demands_for_grants
2021-2022,https://www.indiabudget.gov.in/budget2021-22/index.php,https://www.indiabudget.gov.in/budget2021-22/doc/Budget_at_Glance/bag7.xls,bag7.xls,demands_for_grants
2021-2022,https://www.indiabudget.gov.in/budget2021-22/index.php,https://www.indiabudget.gov.in/budget2021-22/doc/eb/vol1.pdf,vol1.pdf,demands_for_grants
2021-2022,https://www.indiabudget.gov.in/budget2021-22/index.php,https://www.indiabudget.gov.in/budget2021-22/doc/eb/intro.pdf,intro.pdf,demands_for_grants
2021-2022,https://www.indiabudget.gov.in/budget2021-22/index.php,https://www.indiabudget.gov.in/budget2021-22/doc/eb/stat1.pdf,stat1.pdf,demands_for_grants
2021-2022,https://www.indiabudget.gov.in/budget2021-22/index.php,https://www.indiabudget.gov.in/budget2021-22/doc/eb/stat1.xlsx,stat1.xlsx,demands_for_grants
2021-2022,https://www.indiabudget.gov.in/budget2021-22/index.php,https://www.indiabudget.gov.in/budget2021-22/doc/eb/stat2a.pdf,stat2a.pdf,demands_for_grants
2021-2022,https://www.indiabudget.gov.in/budget2021-22/index.php,https://www.indiabudget.gov.in/budget2021-22/doc/eb/stat2b.pdf,stat2b.pdf,demands_for_grants
2021-2022,https://www.indiabudget.gov.in/budget2021-22/index.php,https://www.indiabudget.gov.in/budget2021-22/doc/eb/stat3a.pdf,stat3a.pdf,demands_for_grants
2021-2022,https://www.indiabudget.gov.in/budget2021-22/index.php,https://www.indiabudget.gov.in/budget2021-22/doc/eb/stat3a.xls,stat3a.xls,demands_for_grants
2021-2022,https://www.indiabudget.gov.in/budget2021-22/index.php,https://www.indiabudget.gov.in/budget2021-22/doc/eb/stat4a.pdf,stat4a.pdf,demands_for_grants
2021-2022,https://www.indiabudget.gov.in/budget2021-22/index.php,https://www.indiabudget.gov.in/budget2021-22/doc/eb/stat4a.xlsx,stat4a.xlsx,demands_for_grants
2021-2022,https://www.indiabudget.gov.in/budget2021-22/index.php,https://www.indiabudget.gov.in/budget2021-22/doc/eb/stat4b.pdf,stat4b.pdf,demands_for_grants
2021-2022,https://www.indiabudget.gov.in/budget2021-22/index.php,https://www.indiabudget.gov.in/budget2021-22/doc/eb/stat4b.xls,stat4b.xls,demands_for_grants
2021-2022,https://www.indiabudget.gov.in/budget2021-22/index.php,https://www.indiabudget.gov.in/budget2021-22/doc/eb/stat4c.pdf,stat4c.pdf,demands_for_grants
2021-2022,https://www.indiabudget.gov.in/budget2021-22/index.php,https://www.indiabudget.gov.in/budget2021-22/doc/eb/stat4c.xls,stat4c.xls,demands_for_grants
2021-2022,https://www.indiabudget.gov.in/budget2021-22/index.php,https://www.indiabudget.gov.in/budget2021-22/doc/eb/stat4d.pdf,stat4d.pdf,demands_for_grants
2021-2022,https://www.indiabudget.gov.in/budget2021-22/index.php,https://www.indiabudget.gov.in/budget2021-22/doc/eb/stat4d.xls,stat4d.xls,demands_for_grants
2021-2022,https://www.indiabudget.gov.in/budget2021-22/index.php,https://www.indiabudget.gov.in/budget2021-22/doc/eb/stat5.pdf,stat5.pdf,demands_for_grants
2021-2022,https://www.indiabudget.gov.in/budget2021-22/index.php,https://www.indiabudget.gov.in/budget2021-22/doc/eb/stat5.xls,stat5.xls,demands_for_grants
2021-2022,https://www.indiabudget.gov.in/budget2021-22/index.php,https://www.indiabudget.gov.in/budget2021-22/doc/eb/stat6.pdf,stat6.pdf,demands_for_grants
2021-2022,https://www.indiabudget.gov.in/budget2021-22/index.php,https://www.indiabudget.gov.in/budget2021-22/doc/eb/stat6.xls,stat6.xls,demands_for_grants
2021-2022,https://www.indiabudget.gov.in/budget2021-22/index.php,https://www.indiabudget.gov.in/budget2021-22/doc/eb/stat7.pdf,stat7.pdf,demands_for_grants
2021-2022,https://www.indiabudget.gov.in/budget2021-22/index.php,https://www.indiabudget.gov.in/budget2021-22/doc/eb/stat7.xls,stat7.xls,demands_for_grants
2021-2022,https://www.indiabudget.gov.in/budget2021-22/index.php,https://www.indiabudget.gov.in/budget2021-22/doc/eb/stat8.pdf,stat8.pdf,demands_for_grants
2021-2022,https://www.indiabudget.gov.in/budget2021-22/index.php,https://www.indiabudget.gov.in/budget2021-22/doc/eb/stat8.xls,stat8.xls,demands_for_grants
2021-2022,https://www.indiabudget.gov.in/budget2021-22/index.php,https://www.indiabudget.gov.in/budget2021-22/doc/eb/stat9.pdf,stat9.pdf,demands_for_grants
2021-2022,https://www.indiabudget.gov.in/budget2021-22/index.php,https://www.indiabudget.gov.in/budget2021-22/doc/eb/stat9.xls,stat9.xls,demands_for_grants
2021-2022,https://www.indiabudget.gov.in/budget2021-22/index.php,https://www.indiabudget.gov.in/budget2021-22/doc/eb/stat10a.pdf,stat10a.pdf,demands_for_grants
2021-2022,https://www.indiabudget.gov.in/budget2021-22/index.php,https://www.indiabudget.gov.in/budget2021-22/doc/eb/stat10a.xls,stat10a.xls,demands_for_grants
2021-2022,https://www.indiabudget.gov.in/budget2021-22/index.php,https://www.indiabudget.gov.in/budget2021-22/doc/eb/stat10b.pdf,stat10b.pdf,demands_for_grants
2021-2022,https://www.indiabudget.gov.in/budget2021-22/index.php,https://www.indiabudget.gov.in/budget2021-22/doc/eb/stat10b.xls,stat10b.xls,demands_for_grants
2021-2022,https://www.indiabudget.gov.in/budget2021-22/index.php,https://www.indiabudget.gov.in/budget2021-22/doc/eb/stat11.pdf,stat11.pdf,demands_for_grants
2021-2022,https://www.indiabudget.gov.in/budget2021-22/index.php,https://www.indiabudget.gov.in/budget2021-22/doc/eb/stat11.xls,stat11.xls,demands_for_grants
2021-2022,https://www.indiabudget.gov.in/budget2021-22/index.php,https://www.indiabudget.gov.in/budget2021-22/doc/eb/stat12.pdf,stat12.pdf,demands_for_grants
2021-2022,https://www.indiabudget.gov.in/budget2021-22/index.php,https://www.indiabudget.gov.in/budget2021-22/doc/eb/stat12.xls,stat12.xls,demands_for_grants
2021-2022,https://www.indiabudget.gov.in/budget2021-22/index.php,https://www.indiabudget.gov.in/budget2021-22/doc/eb/stat13.pdf,stat13.pdf,demands_for_grants
2021-2022,https://www.indiabudget.gov.in/budget2021-22/index.php,https://www.indiabudget.gov.in/budget2021-22/doc/eb/stat13.xls,stat13.xls,demands_for_grants
2021-2022,https://www.indiabudget.gov.in/budget2021-22/index.php,https://www.indiabudget.gov.in/budget2021-22/doc/eb/stat14.pdf,stat14.pdf,demands_for_grants
2021-2022,https://www.indiabudget.gov.in/budget2021-22/index.php,https://www.indiabudget.gov.in/budget2021-22/doc/eb/stat14.xls,stat14.xls,demands_for_grants
2021-2022,https://www.indiabudget.gov.in/budget2021-22/index.php,https://www.indiabudget.gov.in/budget2021-22/doc/eb/stat15.pdf,stat15.pdf,demands_for_grants
2021-2022,https://www.indiabudget.gov.in/budget2021-22/index.php,https://www.indiabudget.gov.in/budget2021-22/doc/eb/stat16.pdf,stat16.pdf,demands_for_grants
2021-2022,https://www.indiabudget.gov.in/budget2021-22/index.php,https://www.indiabudget.gov.in/budget2021-22/doc/eb/stat16.xls,stat16.xls,demands_for_grants
2021-2022,https://www.indiabudget.gov.in/budget2021-22/index.php,https://www.indiabudget.gov.in/budget2021-22/doc/eb/stat17.pdf,stat17.pdf,demands_for_grants
2021-2022,https://www.indiabudget.gov.in/budget2021-22/index.php,https://www.indiabudget.gov.in/budget2021-22/doc/eb/stat17.xls,stat17.xls,demands_for_grants
2021-2022,https://www.indiabudget.gov.in/budget2021-22/index.php,https://www.indiabudget.gov.in/budget2021-22/doc/eb/stat18.pdf,stat18.pdf,demands_for_grants
2021-2022,https://www.indiabudget.gov.in/budget2021-22/index.php,https://www.indiabudget.gov.in/budget2021-22/doc/eb/stat18.xlsx,stat18.xlsx,demands_for_grants
2021-2022,https://www.indiabudget.gov.in/budget2021-22/index.php,https://www.indiabudget.gov.in/budget2021-22/doc/eb/stat19.pdf,stat19.pdf,demands_for_grants
2021-2022,https://www.indiabudget.gov.in/budget2021-22/index.php,https://www.indiabudget.gov.in/budget2021-22/doc/eb/stat20.pdf,stat20.pdf,demands_for_grants
2021-2022,https://www.indiabudget.gov.in/budget2021-22/index.php,https://www.indiabudget.gov.in/budget2021-22/doc/eb/stat20.xls,stat20.xls,demands_for_grants
2021-2022,https://www.indiabudget.gov.in/budget2021-22/index.php,https://www.indiabudget.gov.in/budget2021-22/doc/eb/stat21.pdf,stat21.pdf,demands_for_grants
2021-2022,https://www.indiabudget.gov.in/budget2021-22/index.php,https://www.indiabudget.gov.in/budget2021-22/doc/eb/stat21.xls,stat21.xls,demands_for_grants
2021-2022,https://www.indiabudget.gov.in/budget2021-22/index.php,https://www.indiabudget.gov.in/budget2021-22/doc/eb/stat22.pdf,stat22.pdf,demands_for_grants
2021-2022,https://www.indiabudget.gov.in/budget2021-22/index.php,https://www.indiabudget.gov.in/budget2021-22/doc/eb/stat22.xls,stat22.xls,demands_for_grants
2021-2022,https://www.indiabudget.gov.in/budget2021-22/index.php,https://www.indiabudget.gov.in/budget2021-22/doc/eb/stat23.pdf,stat23.pdf,demands_for_grants
2021-2022,https://www.indiabudget.gov.in/budget2021-22/index.php,https://www.indiabudget.gov.in/budget2021-22/doc/eb/stat23.xls,stat23.xls,demands_for_grants
2021-2022,https://www.indiabudget.gov.in/budget2021-22/index.php,https://www.indiabudget.gov.in/budget2021-22/doc/eb/stat24.pdf,stat24.pdf,demands_for_grants
2021-2022,https://www.indiabudget.gov.in/budget2021-22/index.php,https://www.indiabudget.gov.in/budget2021-22/doc/eb/stat24.xls,stat24.xls,demands_for_grants
2021-2022,https://www.indiabudget.gov.in/budget2021-22/index.php,https://www.indiabudget.gov.in/budget2021-22/doc/eb/stat25.pdf,stat25.pdf,demands_for_grants
2021-2022,https://www.indiabudget.gov.in/budget2021-22/index.php,https://www.indiabudget.gov.in/budget2021-22/doc/eb/stat25.xls,stat25.xls,demands_for_grants
2021-2022,https://www.indiabudget.gov.in/budget2021-22/index.php,https://www.indiabudget.gov.in/budget2021-22/doc/eb/stat26.pdf,stat26.pdf,demands_for_grants
2021-2022,https://www.indiabudget.gov.in/budget2021-22/index.php,https://www.indiabudget.gov.in/budget2021-22/doc/eb/stat26.xlsx,stat26.xlsx,demands_for_grants
2021-2022,https://www.indiabudget.gov.in/budget2021-22/index.php,https://www.indiabudget.gov.in/budget2021-22/doc/eb/stat27.pdf,stat27.pdf,demands_for_grants
2021-2022,https://www.indiabudget.gov.in/budget2021-22/index.php,https://www.indiabudget.gov.in/budget2021-22/doc/eb/railstat1.pdf,railstat1.pdf,demands_for_grants
2021-2022,https://www.indiabudget.gov.in/budget2021-22/index.php,https://www.indiabudget.gov.in/budget2021-22/doc/eb/railstat1.xls,railstat1.xls,demands_for_grants
2021-2022,https://www.indiabudget.gov.in/budget2021-22/index.php,https://www.indiabudget.gov.in/budget2021-22/doc/eb/railstat2.pdf,railstat2.pdf,demands_for_grants
2021-2022,https://www.indiabudget.gov.in/budget2021-22/index.php,https://www.indiabudget.gov.in/budget2021-22/doc/eb/railstat2.xls,railstat2.xls,demands_for_grants
2021-2022,https://www.indiabudget.gov.in/budget2021-22/index.php,https://www.indiabudget.gov.in/budget2021-22/doc/eb/railstat3.pdf,railstat3.pdf,demands_for_grants
2021-2022,https://www.indiabudget.gov.in/budget2021-22/index.php,https://www.indiabudget.gov.in/budget2021-22/doc/eb/railstat3.xls,railstat3.xls,demands_for_grants
2021-2022,https://www.indiabudget.gov.in/budget2021-22/index.php,https://www.indiabudget.gov.in/budget2021-22/doc/eb/railstat4.pdf,railstat4.pdf,demands_for_grants
2021-2022,https://www.indiabudget.gov.in/budget2021-22/index.php,https://www.indiabudget.gov.in/budget2021-22/doc/eb/railstat4.xls,railstat4.xls,demands_for_grants
2021-2022,https://www.indiabudget.gov.in/budget2021-22/index.php,https://www.indiabudget.gov.in/budget2021-22/doc/eb/railstat5.pdf,railstat5.pdf,demands_for_grants
2021-2022,https://www.indiabudget.gov.in/budget2021-22/index.php,https://www.indiabudget.gov.in/budget2021-22/doc/eb/railstat5.xls,railstat5.xls,demands_for_grants
2021-2022,https://www.indiabudget.gov.in/budget2021-22/index.php,https://www.indiabudget.gov.in/budget2021-22/doc/eb/railstat6.pdf,railstat6.pdf,demands_for_grants
2021-2022,https://www.indiabudget.gov.in/budget2021-22/index.php,https://www.indiabudget.gov.in/budget2021-22/doc/eb/railstat6.xls,railstat6.xls,demands_for_grants
2021-2022,https://www.indiabudget.gov.in/budget2021-22/index.php,https://www.indiabudget.gov.in/budget2021-22/doc/eb/railstat7.pdf,railstat7.pdf,demands_for_grants
2021-2022,https://www.indiabudget.gov.in/budget2021-22/index.php,https://www.indiabudget.gov.in/budget2021-22/doc/eb/railstat7.xls,railstat7.xls,demands_for_grants
2021-2022,https://www.indiabudget.gov.in/budget2021-22/index.php,https://www.indiabudget.gov.in/budget2021-22/doc/eb/sumsbe.pdf,sumsbe.pdf,expenditure_budget
2021-2022,https://www.indiabudget.gov.in/budget2021-22/index.php,https://www.indiabudget.gov.in/budget2021-22/doc/eb/allsbe.pdf,allsbe.pdf,expenditure_budget
2021-2022,https://www.indiabudget.gov.in/budget2021-22/index.php,https://www.indiabudget.gov.in/budget2021-22/doc/eb/sbe1.pdf,sbe1.pdf,expenditure_budget
2021-2022,https://www.indiabudget.gov.in/budget2021-22/index.php,https://www.indiabudget.gov.in/budget2021-22/doc/eb/sbe1.xls,sbe1.xls,expenditure_budget
2021-2022,https://www.indiabudget.gov.in/budget2021-22/index.php,https://www.indiabudget.gov.in/budget2021-22/doc/eb/sbe2.pdf,sbe2.pdf,expenditure_budget
2021-2022,https://www.indiabudget.gov.in/budget2021-22/index.php,https://www.indiabudget.gov.in/budget2021-22/doc/eb/sbe2.xls,sbe2.xls,expenditure_budget
2021-2022,https://www.indiabudget.gov.in/budget2021-22/index.php,https://www.indiabudget.gov.in/budget2021-22/doc/eb/sbe3.pdf,sbe3.pdf,expenditure_budget
2021-2022,https://www.indiabudget.gov.in/budget2021-22/index.php,https://www.indiabudget.gov.in/budget2021-22/doc/eb/sbe3.xls,sbe3.xls,expenditure_budget
2021-2022,https://www.indiabudget.gov.in/budget2021-22/index.php,https://www.indiabudget.gov.in/budget2021-22/doc/eb/sbe4.pdf,sbe4.pdf,expenditure_budget
2021-2022,https://www.indiabudget.gov.in/budget2021-22/index.php,https://www.indiabudget.gov.in/budget2021-22/doc/eb/sbe4.xls,sbe4.xls,expenditure_budget
2021-2022,https://www.indiabudget.gov.in/budget2021-22/index.php,https://www.indiabudget.gov.in/budget2021-22/doc/eb/sbe5.pdf,sbe5.pdf,expenditure_budget
2021-2022,https://www.indiabudget.gov.in/budget2021-22/index.php,https://www.indiabudget.gov.in/budget2021-22/doc/eb/sbe5.xls,sbe5.xls,expenditure_budget
2021-2022,https://www.indiabudget.gov.in/budget2021-22/index.php,https://www.indiabudget.gov.in/budget2021-22/doc/eb/sbe6.pdf,sbe6.pdf,expenditure_budget
2021-2022,https://www.indiabudget.gov.in/budget2021-22/index.php,https://www.indiabudget.gov.in/budget2021-22/doc/eb/sbe6.xls,sbe6.xls,expenditure_budget
2021-2022,https://www.indiabudget.gov.in/budget2021-22/index.php,https://www.indiabudget.gov.in/budget2021-22/doc/eb/sbe7.pdf,sbe7.pdf,expenditure_budget
2021-2022,https://www.indiabudget.gov.in/budget2021-22/index.php,https://www.indiabudget.gov.in/budget2021-22/doc/eb/sbe7.xls,sbe7.xls,expenditure_budget
2021-2022,https://www.indiabudget.gov.in/budget2021-22/index.php,https://www.indiabudget.gov.in/budget2021-22/doc/eb/sbe8.pdf,sbe8.pdf,expenditure_budget
2021-2022,https://www.indiabudget.gov.in/budget2021-22/index.php,https://www.indiabudget.gov.in/budget2021-22/doc/eb/sbe8.xls,sbe8.xls,expenditure_budget
2021-2022,https://www.indiabudget.gov.in/budget2021-22/index.php,https://www.indiabudget.gov.in/budget2021-22/doc/eb/sbe9.pdf,sbe9.pdf,expenditure_budget
2021-2022,https://www.indiabudget.gov.in/budget2021-22/index.php,https://www.indiabudget.gov.in/budget2021-22/doc/eb/sbe9.xls,sbe9.xls,expenditure_budget
2021-2022,https://www.indiabudget.gov.in/budget2021-22/index.php,https://www.indiabudget.gov.in/budget2021-22/doc/eb/sbe10.pdf,sbe10.pdf,expenditure_budget
2021-2022,https://www.indiabudget.gov.in/budget2021-22/index.php,https://www.indiabudget.gov.in/budget2021-22/doc/eb/sbe10.xls,sbe10.xls,expenditure_budget
2021-2022,https://www.indiabudget.gov.in/budget2021-22/index.php,https://www.indiabudget.gov.in/budget2021-22/doc/eb/sbe11.pdf,sbe11.pdf,expenditure_budget
2021-2022,https://www.indiabudget.gov.in/budget2021-22/index.php,https://www.indiabudget.gov.in/budget2021-22/doc/eb/sbe11.xls,sbe11.xls,expenditure_budget
2021-2022,https://www.indiabudget.gov.in/budget2021-22/index.php,https://www.indiabudget.gov.in/budget2021-22/doc/eb/sbe12.pdf,sbe12.pdf,expenditure_budget
2021-2022,https://www.indiabudget.gov.in/budget2021-22/index.php,https://www.indiabudget.gov.in/budget2021-22/doc/eb/sbe12.xls,sbe12.xls,expenditure_budget
2021-2022,https://www.indiabudget.gov.in/budget2021-22/index.php,https://www.indiabudget.gov.in/budget2021-22/doc/eb/sbe13.pdf,sbe13.pdf,expenditure_budget
2021-2022,https://www.indiabudget.gov.in/budget2021-22/index.php,https://www.indiabudget.gov.in/budget2021-22/doc/eb/sbe13.xls,sbe13.xls,expenditure_budget
2021-2022,https://www.indiabudget.gov.in/budget2021-22/index.php,https://www.indiabudget.gov.in/budget2021-22/doc/eb/sbe14.pdf,sbe14.pdf,expenditure_budget
2021-2022,https://www.indiabudget.gov.in/budget2021-22/index.php,https://www.indiabudget.gov.in/budget2021-22/doc/eb/sbe14.xls,sbe14.xls,expenditure_budget
2021-2022,https://www.indiabudget.gov.in/budget2021-22/index.php,https://www.indiabudget.gov.in/budget2021-22/doc/eb/sbe15.pdf,sbe15.pdf,expenditure_budget
2021-2022,https://www.indiabudget.gov.in/budget2021-22/index.php,https://www.indiabudget.gov.in/budget2021-22/doc/eb/sbe15.xls,sbe15.xls,expenditure_budget
2021-2022,https://www.indiabudget.gov.in/budget2021-22/index.php,https://www.indiabudget.gov.in/budget2021-22/doc/eb/sbe16.pdf,sbe16.pdf,expenditure_budget
2021-2022,https://www.indiabudget.gov.in/budget2021-22/index.php,https://www.indiabudget.gov.in/budget2021-22/doc/eb/sbe16.xls,sbe16.xls,expenditure_budget
2021-2022,https://www.indiabudget.gov.in/budget2021-22/index.php,https://www.indiabudget.gov.in/budget2021-22/doc/eb/sbe17.pdf,sbe17.pdf,expenditure_budget
2021-2022,https://www.indiabudget.gov.in/budget2021-22/index.php,https://www.indiabudget.gov.in/budget2021-22/doc/eb/sbe17.xls,sbe17.xls,expenditure_budget
2021-2022,https://www.indiabudget.gov.in/budget2021-22/index.php,https://www.indiabudget.gov.in/budget2021-22/doc/eb/sbe18.pdf,sbe18.pdf,expenditure_budget
2021-2022,https://www.indiabudget.gov.in/budget2021-22/index.php,https://www.indiabudget.gov.in/budget2021-22/doc/eb/sbe18.xls,sbe18.xls,expenditure_budget
2021-2022,https://www.indiabudget.gov.in/budget2021-22/index.php,https://www.indiabudget.gov.in/budget2021-22/doc/eb/sbe19.pdf,sbe19.pdf,expenditure_budget
2021-2022,https://www.indiabudget.gov.in/budget2021-22/index.php,https://www.indiabudget.gov.in/budget2021-22/doc/eb/sbe19.xls,sbe19.xls,expenditure_budget
2021-2022,https://www.indiabudget.gov.in/budget2021-22/index.php,https://www.indiabudget.gov.in/budget2021-22/doc/eb/sbe20.pdf,sbe20.pdf,expenditure_budget
2021-2022,https://www.indiabudget.gov.in/budget2021-22/index.php,https://www.indiabudget.gov.in/budget2021-22/doc/eb/sbe20.xls,sbe20.xls,expenditure_budget
2021-2022,https://www.indiabudget.gov.in/budget2021-22/index.php,https://www.indiabudget.gov.in/budget2021-22/doc/eb/sbe21.pdf,sbe21.pdf,expenditure_budget
2021-2022,https://www.indiabudget.gov.in/budget2021-22/index.php,https://www.indiabudget.gov.in/budget2021-22/doc/eb/sbe21.xls,sbe21.xls,expenditure_budget
2021-2022,https://www.indiabudget.gov.in/budget2021-22/index.php,https://www.indiabudget.gov.in/budget2021-22/doc/eb/sbe22.pdf,sbe22.pdf,expenditure_budget
2021-2022,https://www.indiabudget.gov.in/budget2021-22/index.php,https://www.indiabudget.gov.in/budget2021-22/doc/eb/sbe22.xls,sbe22.xls,expenditure_budget
2021-2022,https://www.indiabudget.gov.in/budget2021-22/index.php,https://www.indiabudget.gov.in/budget2021-22/doc/eb/sbe23.pdf,sbe23.pdf,expenditure_budget
2021-2022,https://www.indiabudget.gov.in/budget2021-22/index.php,https://www.indiabudget.gov.in/budget2021-22/doc/eb/sbe23.xls,sbe23.xls,expenditure_budget
2021-2022,https://www.indiabudget.gov.in/budget2021-22/index.php,https://www.indiabudget.gov.in/budget2021-22/doc/eb/sbe24.pdf,sbe24.pdf,expenditure_budget
2021-2022,https://www.indiabudget.gov.in/budget2021-22/index.php,https://www.indiabudget.gov.in/budget2021-22/doc/eb/sbe24.xls,sbe24.xls,expenditure_budget
2021-2022,https://www.indiabudget.gov.in/budget2021-22/index.php,https://www.indiabudget.gov.in/budget2021-22/doc/eb/sbe25.pdf,sbe25.pdf,expenditure_budget
2021-2022,https://www.indiabudget.gov.in/budget2021-22/index.php,https://www.indiabudget.gov.in/budget2021-22/doc/eb/sbe25.xls,sbe25.xls,expenditure_budget
2021-2022,https://www.indiabudget.gov.in/budget2021-22/index.php,https://www.indiabudget.gov.in/budget2021-22/doc/eb/sbe26.pdf,sbe26.pdf,expenditure_budget
2021-2022,https://www.indiabudget.gov.in/budget2021-22/index.php,https://www.indiabudget.gov.in/budget2021-22/doc/eb/sbe26.xls,sbe26.xls,expenditure_budget
2021-2022,https://www.indiabudget.gov.in/budget2021-22/index.php,https://www.indiabudget.gov.in/budget2021-22/doc/eb/sbe27.pdf,sbe27.pdf,expenditure_budget
2021-2022,https://www.indiabudget.gov.in/budget2021-22/index.php,https://www.indiabudget.gov.in/budget2021-22/doc/eb/sbe27.xls,sbe27.xls,expenditure_budget
2021-2022,https://www.indiabudget.gov.in/budget2021-22/index.php,https://www.indiabudget.gov.in/budget2021-22/doc/eb/sbe28.pdf,sbe28.pdf,expenditure_budget
2021-2022,https://www.indiabudget.gov.in/budget2021-22/index.php,https://www.indiabudget.gov.in/budget2021-22/doc/eb/sbe28.xls,sbe28.xls,expenditure_budget
2021-2022,https://www.indiabudget.gov.in/budget2021-22/index.php,https://www.indiabudget.gov.in/budget2021-22/doc/eb/sbe29.pdf,sbe29.pdf,expenditure_budget
2021-2022,https://www.indiabudget.gov.in/budget2021-22/index.php,https://www.indiabudget.gov.in/budget2021-22/doc/eb/sbe29.xls,sbe29.xls,expenditure_budget
2021-2022,https://www.indiabudget.gov.in/budget2021-22/index.php,https://www.indiabudget.gov.in/budget2021-22/doc/eb/sbe30.pdf,sbe30.pdf,expenditure_budget
2021-2022,https://www.indiabudget.gov.in/budget2021-22/index.php,https://www.indiabudget.gov.in/budget2021-22/doc/eb/sbe30.xls,sbe30.xls,expenditure_budget
2021-2022,https://www.indiabudget.gov.in/budget2021-22/index.php,https://www.indiabudget.gov.in/budget2021-22/doc/eb/sbe31.pdf,sbe31.pdf,expenditure_budget
2021-2022,https://www.indiabudget.gov.in/budget2021-22/index.php,https://www.indiabudget.gov.in/budget2021-22/doc/eb/sbe31.xls,sbe31.xls,expenditure_budget
2021-2022,https://www.indiabudget.gov.in/budget2021-22/index.php,https://www.indiabudget.gov.in/budget2021-22/doc/eb/sbe32.pdf,sbe32.pdf,expenditure_budget
2021-2022,https://www.indiabudget.gov.in/budget2021-22/index.php,https://www.indiabudget.gov.in/budget2021-22/doc/eb/sbe32.xls,sbe32.xls,expenditure_budget
2021-2022,https://www.indiabudget.gov.in/budget2021-22/index.php,https://www.indiabudget.gov.in/budget2021-22/doc/eb/sbe33.pdf,sbe33.pdf,expenditure_budget
2021-2022,https://www.indiabudget.gov.in/budget2021-22/index.php,https://www.indiabudget.gov.in/budget2021-22/doc/eb/sbe33.xls,sbe33.xls,expenditure_budget
2021-2022,https://www.indiabudget.gov.in/budget2021-22/index.php,https://www.indiabudget.gov.in/budget2021-22/doc/eb/sbe34.pdf,sbe34.pdf,expenditure_budget
2021-2022,https://www.indiabudget.gov.in/budget2021-22/index.php,https://www.indiabudget.gov.in/budget2021-22/doc/eb/sbe34.xls,sbe34.xls,expenditure_budget
2021-2022,https://www.indiabudget.gov.in/budget2021-22/index.php,https://www.indiabudget.gov.in/budget2021-22/doc/eb/sbe35.pdf,sbe35.pdf,expenditure_budget
2021-2022,https://www.indiabudget.gov.in/budget2021-22/index.php,https://www.indiabudget.gov.in/budget2021-22/doc/eb/sbe35.xls,sbe35.xls,expenditure_budget
2021-2022,https://www.indiabudget.gov.in/budget2021-22/index.php,https://www.indiabudget.gov.in/budget2021-22/doc/eb/sbe36.pdf,sbe36.pdf,expenditure_budget
2021-2022,https://www.indiabudget.gov.in/budget2021-22/index.php,https://www.indiabudget.gov.in/budget2021-22/doc/eb/sbe36.xls,sbe36.xls,expenditure_budget
2021-2022,https://www.indiabudget.gov.in/budget2021-22/index.php,https://www.indiabudget.gov.in/budget2021-22/doc/eb/sbe37.pdf,sbe37.pdf,expenditure_budget
2021-2022,https://www.indiabudget.gov.in/budget2021-22/index.php,https://www.indiabudget.gov.in/budget2021-22/doc/eb/sbe37.xls,sbe37.xls,expenditure_budget
2021-2022,https://www.indiabudget.gov.in/budget2021-22/index.php,https://www.indiabudget.gov.in/budget2021-22/doc/eb/sbe38.pdf,sbe38.pdf,expenditure_budget
2021-2022,https://www.indiabudget.gov.in/budget2021-22/index.php,https://www.indiabudget.gov.in/budget2021-22/doc/eb/sbe38.xls,sbe38.xls,expenditure_budget
2021-2022,https://www.indiabudget.gov.in/budget2021-22/index.php,https://www.indiabudget.gov.in/budget2021-22/doc/eb/sbe39.pdf,sbe39.pdf,expenditure_budget
2021-2022,https://www.indiabudget.gov.in/budget2021-22/index.php,https://www.indiabudget.gov.in/budget2021-22/doc/eb/sbe39.xls,sbe39.xls,expenditure_budget
2021-2022,https://www.indiabudget.gov.in/budget2021-22/index.php,https://www.indiabudget.gov.in/budget2021-22/doc/eb/sbe40.pdf,sbe40.pdf,expenditure_budget
2021-2022,https://www.indiabudget.gov.in/budget2021-22/index.php,https://www.indiabudget.gov.in/budget2021-22/doc/eb/sbe40.xls,sbe40.xls,expenditure_budget
2021-2022,https://www.indiabudget.gov.in/budget2021-22/index.php,https://www.indiabudget.gov.in/budget2021-22/doc/eb/sbe41.pdf,sbe41.pdf,expenditure_budget
2021-2022,https://www.indiabudget.gov.in/budget2021-22/index.php,https://www.indiabudget.gov.in/budget2021-22/doc/eb/sbe41.xls,sbe41.xls,expenditure_budget
2021-2022,https://www.indiabudget.gov.in/budget2021-22/index.php,https://www.indiabudget.gov.in/budget2021-22/doc/eb/sbe42.pdf,sbe42.pdf,expenditure_budget
2021-2022,https://www.indiabudget.gov.in/budget2021-22/index.php,https://www.indiabudget.gov.in/budget2021-22/doc/eb/sbe42.xls,sbe42.xls,expenditure_budget
2021-2022,https://www.indiabudget.gov.in/budget2021-22/index.php,https://www.indiabudget.gov.in/budget2021-22/doc/eb/sbe43.pdf,sbe43.pdf,expenditure_budget
2021-2022,https://www.indiabudget.gov.in/budget2021-22/index.php,https://www.indiabudget.gov.in/budget2021-22/doc/eb/sbe43.xls,sbe43.xls,expenditure_budget
2021-2022,https://www.indiabudget.gov.in/budget2021-22/index.php,https://www.indiabudget.gov.in/budget2021-22/doc/eb/sbe44.pdf,sbe44.pdf,expenditure_budget
2021-2022,https://www.indiabudget.gov.in/budget2021-22/index.php,https://www.indiabudget.gov.in/budget2021-22/doc/eb/sbe44.xls,sbe44.xls,expenditure_budget
2021-2022,https://www.indiabudget.gov.in/budget2021-22/index.php,https://www.indiabudget.gov.in/budget2021-22/doc/eb/sbe45.pdf,sbe45.pdf,expenditure_budget
2021-2022,https://www.indiabudget.gov.in/budget2021-22/index.php,https://www.indiabudget.gov.in/budget2021-22/doc/eb/sbe45.xls,sbe45.xls,expenditure_budget
2021-2022,https://www.indiabudget.gov.in/budget2021-22/index.php,https://www.indiabudget.gov.in/budget2021-22/doc/eb/sbe46.pdf,sbe46.pdf,expenditure_budget
2021-2022,https://www.indiabudget.gov.in/budget2021-22/index.php,https://www.indiabudget.gov.in/budget2021-22/doc/eb/sbe46.xls,sbe46.xls,expenditure_budget
2021-2022,https://www.indiabudget.gov.in/budget2021-22/index.php,https://www.indiabudget.gov.in/budget2021-22/doc/eb/sbe47.pdf,sbe47.pdf,expenditure_budget
2021-2022,https://www.indiabudget.gov.in/budget2021-22/index.php,https://www.indiabudget.gov.in/budget2021-22/doc/eb/sbe47.xls,sbe47.xls,expenditure_budget
2021-2022,https://www.indiabudget.gov.in/budget2021-22/index.php,https://www.indiabudget.gov.in/budget2021-22/doc/eb/sbe48.pdf,sbe48.pdf,expenditure_budget
2021-2022,https://www.indiabudget.gov.in/budget2021-22/index.php,https://www.indiabudget.gov.in/budget2021-22/doc/eb/sbe48.xls,sbe48.xls,expenditure_budget
2021-2022,https://www.indiabudget.gov.in/budget2021-22/index.php,https://www.indiabudget.gov.in/budget2021-22/doc/eb/sbe49.pdf,sbe49.pdf,expenditure_budget
2021-2022,https://www.indiabudget.gov.in/budget2021-22/index.php,https://www.indiabudget.gov.in/budget2021-22/doc/eb/sbe49.xls,sbe49.xls,expenditure_budget
2021-2022,https://www.indiabudget.gov.in/budget2021-22/index.php,https://www.indiabudget.gov.in/budget2021-22/doc/eb/sbe50.pdf,sbe50.pdf,expenditure_budget
2021-2022,https://www.indiabudget.gov.in/budget2021-22/index.php,https://www.indiabudget.gov.in/budget2021-22/doc/eb/sbe50.xls,sbe50.xls,expenditure_budget
2021-2022,https://www.indiabudget.gov.in/budget2021-22/index.php,https://www.indiabudget.gov.in/budget2021-22/doc/eb/sbe51.pdf,sbe51.pdf,expenditure_budget
2021-2022,https://www.indiabudget.gov.in/budget2021-22/index.php,https://www.indiabudget.gov.in/budget2021-22/doc/eb/sbe51.xls,sbe51.xls,expenditure_budget
2021-2022,https://www.indiabudget.gov.in/budget2021-22/index.php,https://www.indiabudget.gov.in/budget2021-22/doc/eb/sbe52.pdf,sbe52.pdf,expenditure_budget
2021-2022,https://www.indiabudget.gov.in/budget2021-22/index.php,https://www.indiabudget.gov.in/budget2021-22/doc/eb/sbe52.xls,sbe52.xls,expenditure_budget
2021-2022,https://www.indiabudget.gov.in/budget2021-22/index.php,https://www.indiabudget.gov.in/budget2021-22/doc/eb/sbe53.pdf,sbe53.pdf,expenditure_budget
2021-2022,https://www.indiabudget.gov.in/budget2021-22/index.php,https://www.indiabudget.gov.in/budget2021-22/doc/eb/sbe53.xls,sbe53.xls,expenditure_budget
2021-2022,https://www.indiabudget.gov.in/budget2021-22/index.php,https://www.indiabudget.gov.in/budget2021-22/doc/eb/sbe54.pdf,sbe54.pdf,expenditure_budget
2021-2022,https://www.indiabudget.gov.in/budget2021-22/index.php,https://www.indiabudget.gov.in/budget2021-22/doc/eb/sbe54.xls,sbe54.xls,expenditure_budget
2021-2022,https://www.indiabudget.gov.in/budget2021-22/index.php,https://www.indiabudget.gov.in/budget2021-22/doc/eb/sbe55.pdf,sbe55.pdf,expenditure_budget
2021-2022,https://www.indiabudget.gov.in/budget2021-22/index.php,https://www.indiabudget.gov.in/budget2021-22/doc/eb/sbe55.xls,sbe55.xls,expenditure_budget
2021-2022,https://www.indiabudget.gov.in/budget2021-22/index.php,https://www.indiabudget.gov.in/budget2021-22/doc/eb/sbe56.pdf,sbe56.pdf,expenditure_budget
2021-2022,https://www.indiabudget.gov.in/budget2021-22/index.php,https://www.indiabudget.gov.in/budget2021-22/doc/eb/sbe56.xls,sbe56.xls,expenditure_budget
2021-2022,https://www.indiabudget.gov.in/budget2021-22/index.php,https://www.indiabudget.gov.in/budget2021-22/doc/eb/sbe57.pdf,sbe57.pdf,expenditure_budget
2021-2022,https://www.indiabudget.gov.in/budget2021-22/index.php,https://www.indiabudget.gov.in/budget2021-22/doc/eb/sbe57.xls,sbe57.xls,expenditure_budget
2021-2022,https://www.indiabudget.gov.in/budget2021-22/index.php,https://www.indiabudget.gov.in/budget2021-22/doc/eb/sbe58.pdf,sbe58.pdf,expenditure_budget
2021-2022,https://www.indiabudget.gov.in/budget2021-22/index.php,https://www.indiabudget.gov.in/budget2021-22/doc/eb/sbe58.xls,sbe58.xls,expenditure_budget
2021-2022,https://www.indiabudget.gov.in/budget2021-22/index.php,https://www.indiabudget.gov.in/budget2021-22/doc/eb/sbe59.pdf,sbe59.pdf,expenditure_budget
2021-2022,https://www.indiabudget.gov.in/budget2021-22/index.php,https://www.indiabudget.gov.in/budget2021-22/doc/eb/sbe59.xls,sbe59.xls,expenditure_budget
2021-2022,https://www.indiabudget.gov.in/budget2021-22/index.php,https://www.indiabudget.gov.in/budget2021-22/doc/eb/sbe60.pdf,sbe60.pdf,expenditure_budget
2021-2022,https://www.indiabudget.gov.in/budget2021-22/index.php,https://www.indiabudget.gov.in/budget2021-22/doc/eb/sbe60.xls,sbe60.xls,expenditure_budget
2021-2022,https://www.indiabudget.gov.in/budget2021-22/index.php,https://www.indiabudget.gov.in/budget2021-22/doc/eb/sbe61.pdf,sbe61.pdf,expenditure_budget
2021-2022,https://www.indiabudget.gov.in/budget2021-22/index.php,https://www.indiabudget.gov.in/budget2021-22/doc/eb/sbe61.xls,sbe61.xls,expenditure_budget
2021-2022,https://www.indiabudget.gov.in/budget2021-22/index.php,https://www.indiabudget.gov.in/budget2021-22/doc/eb/sbe62.pdf,sbe62.pdf,expenditure_budget
2021-2022,https://www.indiabudget.gov.in/budget2021-22/index.php,https://www.indiabudget.gov.in/budget2021-22/doc/eb/sbe62.xls,sbe62.xls,expenditure_budget
2021-2022,https://www.indiabudget.gov.in/budget2021-22/index.php,https://www.indiabudget.gov.in/budget2021-22/doc/eb/sbe63.pdf,sbe63.pdf,expenditure_budget
2021-2022,https://www.indiabudget.gov.in/budget2021-22/index.php,https://www.indiabudget.gov.in/budget2021-22/doc/eb/sbe63.xls,sbe63.xls,expenditure_budget
2021-2022,https://www.indiabudget.gov.in/budget2021-22/index.php,https://www.indiabudget.gov.in/budget2021-22/doc/eb/sbe64.pdf,sbe64.pdf,expenditure_budget
2021-2022,https://www.indiabudget.gov.in/budget2021-22/index.php,https://www.indiabudget.gov.in/budget2021-22/doc/eb/sbe64.xls,sbe64.xls,expenditure_budget
2021-2022,https://www.indiabudget.gov.in/budget2021-22/index.php,https://www.indiabudget.gov.in/budget2021-22/doc/eb/sbe65.pdf,sbe65.pdf,expenditure_budget
2021-2022,https://www.indiabudget.gov.in/budget2021-22/index.php,https://www.indiabudget.gov.in/budget2021-22/doc/eb/sbe65.xls,sbe65.xls,expenditure_budget
2021-2022,https://www.indiabudget.gov.in/budget2021-22/index.php,https://www.indiabudget.gov.in/budget2021-22/doc/eb/sbe66.pdf,sbe66.pdf,expenditure_budget
2021-2022,https://www.indiabudget.gov.in/budget2021-22/index.php,https://www.indiabudget.gov.in/budget2021-22/doc/eb/sbe66.xls,sbe66.xls,expenditure_budget
2021-2022,https://www.indiabudget.gov.in/budget2021-22/index.php,https://www.indiabudget.gov.in/budget2021-22/doc/eb/sbe67.pdf,sbe67.pdf,expenditure_budget
2021-2022,https://www.indiabudget.gov.in/budget2021-22/index.php,https://www.indiabudget.gov.in/budget2021-22/doc/eb/sbe67.xls,sbe67.xls,expenditure_budget
2021-2022,https://www.indiabudget.gov.in/budget2021-22/index.php,https://www.indiabudget.gov.in/budget2021-22/doc/eb/sbe68.pdf,sbe68.pdf,expenditure_budget
2021-2022,https://www.indiabudget.gov.in/budget2021-22/index.php,https://www.indiabudget.gov.in/budget2021-22/doc/eb/sbe68.xls,sbe68.xls,expenditure_budget
2021-2022,https://www.indiabudget.gov.in/budget2021-22/index.php,https://www.indiabudget.gov.in/budget2021-22/doc/eb/sbe69.pdf,sbe69.pdf,expenditure_budget
2021-2022,https://www.indiabudget.gov.in/budget2021-22/index.php,https://www.indiabudget.gov.in/budget2021-22/doc/eb/sbe69.xls,sbe69.xls,expenditure_budget
2021-2022,https://www.indiabudget.gov.in/budget2021-22/index.php,https://www.indiabudget.gov.in/budget2021-22/doc/eb/sbe70.pdf,sbe70.pdf,expenditure_budget
2021-2022,https://www.indiabudget.gov.in/budget2021-22/index.php,https://www.indiabudget.gov.in/budget2021-22/doc/eb/sbe70.xls,sbe70.xls,expenditure_budget
2021-2022,https://www.indiabudget.gov.in/budget2021-22/index.php,https://www.indiabudget.gov.in/budget2021-22/doc/eb/sbe71.pdf,sbe71.pdf,expenditure_budget
2021-2022,https://www.indiabudget.gov.in/budget2021-22/index.php,https://www.indiabudget.gov.in/budget2021-22/doc/eb/sbe71.xls,sbe71.xls,expenditure_budget
2021-2022,https://www.indiabudget.gov.in/budget2021-22/index.php,https://www.indiabudget.gov.in/budget2021-22/doc/eb/sbe72.pdf,sbe72.pdf,expenditure_budget
2021-2022,https://www.indiabudget.gov.in/budget2021-22/index.php,https://www.indiabudget.gov.in/budget2021-22/doc/eb/sbe72.xls,sbe72.xls,expenditure_budget
2021-2022,https://www.indiabudget.gov.in/budget2021-22/index.php,https://www.indiabudget.gov.in/budget2021-22/doc/eb/sbe73.pdf,sbe73.pdf,expenditure_budget
2021-2022,https://www.indiabudget.gov.in/budget2021-22/index.php,https://www.indiabudget.gov.in/budget2021-22/doc/eb/sbe73.xls,sbe73.xls,expenditure_budget
2021-2022,https://www.indiabudget.gov.in/budget2021-22/index.php,https://www.indiabudget.gov.in/budget2021-22/doc/eb/sbe74.pdf,sbe74.pdf,expenditure_budget
2021-2022,https://www.indiabudget.gov.in/budget2021-22/index.php,https://www.indiabudget.gov.in/budget2021-22/doc/eb/sbe74.xls,sbe74.xls,expenditure_budget
2021-2022,https://www.indiabudget.gov.in/budget2021-22/index.php,https://www.indiabudget.gov.in/budget2021-22/doc/eb/sbe75.pdf,sbe75.pdf,expenditure_budget
2021-2022,https://www.indiabudget.gov.in/budget2021-22/index.php,https://www.indiabudget.gov.in/budget2021-22/doc/eb/sbe75.xls,sbe75.xls,expenditure_budget
2021-2022,https://www.indiabudget.gov.in/budget2021-22/index.php,https://www.indiabudget.gov.in/budget2021-22/doc/eb/sbe76.pdf,sbe76.pdf,expenditure_budget
2021-2022,https://www.indiabudget.gov.in/budget2021-22/index.php,https://www.indiabudget.gov.in/budget2021-22/doc/eb/sbe76.xls,sbe76.xls,expenditure_budget
2021-2022,https://www.indiabudget.gov.in/budget2021-22/index.php,https://www.indiabudget.gov.in/budget2021-22/doc/eb/sbe77.pdf,sbe77.pdf,expenditure_budget
2021-2022,https://www.indiabudget.gov.in/budget2021-22/index.php,https://www.indiabudget.gov.in/budget2021-22/doc/eb/sbe77.xls,sbe77.xls,expenditure_budget
2021-2022,https://www.indiabudget.gov.in/budget2021-22/index.php,https://www.indiabudget.gov.in/budget2021-22/doc/eb/sbe78.pdf,sbe78.pdf,expenditure_budget
2021-2022,https://www.indiabudget.gov.in/budget2021-22/index.php,https://www.indiabudget.gov.in/budget2021-22/doc/eb/sbe78.xls,sbe78.xls,expenditure_budget
2021-2022,https://www.indiabudget.gov.in/budget2021-22/index.php,https://www.indiabudget.gov.in/budget2021-22/doc/eb/sbe79.pdf,sbe79.pdf,expenditure_budget
2021-2022,https://www.indiabudget.gov.in/budget2021-22/index.php,https://www.indiabudget.gov.in/budget2021-22/doc/eb/sbe79.xls,sbe79.xls,expenditure_budget
2021-2022,https://www.indiabudget.gov.in/budget2021-22/index.php,https://www.indiabudget.gov.in/budget2021-22/doc/eb/sbe80.pdf,sbe80.pdf,expenditure_budget
2021-2022,https://www.indiabudget.gov.in/budget2021-22/index.php,https://www.indiabudget.gov.in/budget2021-22/doc/eb/sbe80.xls,sbe80.xls,expenditure_budget
2021-2022,https://www.indiabudget.gov.in/budget2021-22/index.php,https://www.indiabudget.gov.in/budget2021-22/doc/eb/sbe81.pdf,sbe81.pdf,expenditure_budget
2021-2022,https://www.indiabudget.gov.in/budget2021-22/index.php,https://www.indiabudget.gov.in/budget2021-22/doc/eb/sbe81.xls,sbe81.xls,expenditure_budget
2021-2022,https://www.indiabudget.gov.in/budget2021-22/index.php,https://www.indiabudget.gov.in/budget2021-22/doc/eb/sbe82.pdf,sbe82.pdf,expenditure_budget
2021-2022,https://www.indiabudget.gov.in/budget2021-22/index.php,https://www.indiabudget.gov.in/budget2021-22/doc/eb/sbe82.xls,sbe82.xls,expenditure_budget
2021-2022,https://www.indiabudget.gov.in/budget2021-22/index.php,https://www.indiabudget.gov.in/budget2021-22/doc/eb/sbe83.pdf,sbe83.pdf,expenditure_budget
2021-2022,https://www.indiabudget.gov.in/budget2021-22/index.php,https://www.indiabudget.gov.in/budget2021-22/doc/eb/sbe83.xls,sbe83.xls,expenditure_budget
2021-2022,https://www.indiabudget.gov.in/budget2021-22/index.php,https://www.indiabudget.gov.in/budget2021-22/doc/eb/sbe84.pdf,sbe84.pdf,expenditure_budget
2021-2022,https://www.indiabudget.gov.in/budget2021-22/index.php,https://www.indiabudget.gov.in/budget2021-22/doc/eb/sbe84.xls,sbe84.xls,expenditure_budget
2021-2022,https://www.indiabudget.gov.in/budget2021-22/index.php,https://www.indiabudget.gov.in/budget2021-22/doc/eb/sbe85.pdf,sbe85.pdf,expenditure_budget
2021-2022,https://www.indiabudget.gov.in/budget2021-22/index.php,https://www.indiabudget.gov.in/budget2021-22/doc/eb/sbe85.xls,sbe85.xls,expenditure_budget
2021-2022,https://www.indiabudget.gov.in/budget2021-22/index.php,https://www.indiabudget.gov.in/budget2021-22/doc/eb/sbe86.pdf,sbe86.pdf,expenditure_budget
2021-2022,https://www.indiabudget.gov.in/budget2021-22/index.php,https://www.indiabudget.gov.in/budget2021-22/doc/eb/sbe86.xls,sbe86.xls,expenditure_budget
2021-2022,https://www.indiabudget.gov.in/budget2021-22/index.php,https://www.indiabudget.gov.in/budget2021-22/doc/eb/sbe87.pdf,sbe87.pdf,expenditure_budget
2021-2022,https://www.indiabudget.gov.in/budget2021-22/index.php,https://www.indiabudget.gov.in/budget2021-22/doc/eb/sbe87.xls,sbe87.xls,expenditure_budget
2021-2022,https://www.indiabudget.gov.in/budget2021-22/index.php,https://www.indiabudget.gov.in/budget2021-22/doc/eb/sbe88.pdf,sbe88.pdf,expenditure_budget
2021-2022,https://www.indiabudget.gov.in/budget2021-22/index.php,https://www.indiabudget.gov.in/budget2021-22/doc/eb/sbe88.xls,sbe88.xls,expenditure_budget
2021-2022,https://www.indiabudget.gov.in/budget2021-22/index.php,https://www.indiabudget.gov.in/budget2021-22/doc/eb/sbe89.pdf,sbe89.pdf,expenditure_budget
2021-2022,https://www.indiabudget.gov.in/budget2021-22/index.php,https://www.indiabudget.gov.in/budget2021-22/doc/eb/sbe89.xls,sbe89.xls,expenditure_budget
2021-2022,https://www.indiabudget.gov.in/budget2021-22/index.php,https://www.indiabudget.gov.in/budget2021-22/doc/eb/sbe90.pdf,sbe90.pdf,expenditure_budget
2021-2022,https://www.indiabudget.gov.in/budget2021-22/index.php,https://www.indiabudget.gov.in/budget2021-22/doc/eb/sbe90.xls,sbe90.xls,expenditure_budget
2021-2022,https://www.indiabudget.gov.in/budget2021-22/index.php,https://www.indiabudget.gov.in/budget2021-22/doc/eb/sbe91.pdf,sbe91.pdf,expenditure_budget
2021-2022,https://www.indiabudget.gov.in/budget2021-22/index.php,https://www.indiabudget.gov.in/budget2021-22/doc/eb/sbe91.xls,sbe91.xls,expenditure_budget
2021-2022,https://www.indiabudget.gov.in/budget2021-22/index.php,https://www.indiabudget.gov.in/budget2021-22/doc/eb/sbe92.pdf,sbe92.pdf,expenditure_budget
2021-2022,https://www.indiabudget.gov.in/budget2021-22/index.php,https://www.indiabudget.gov.in/budget2021-22/doc/eb/sbe93.pdf,sbe93.pdf,expenditure_budget
2021-2022,https://www.indiabudget.gov.in/budget2021-22/index.php,https://www.indiabudget.gov.in/budget2021-22/doc/eb/sbe93.xls,sbe93.xls,expenditure_budget
2021-2022,https://www.indiabudget.gov.in/budget2021-22/index.php,https://www.indiabudget.gov.in/budget2021-22/doc/eb/sbe94.pdf,sbe94.pdf,expenditure_budget
2021-2022,https://www.indiabudget.gov.in/budget2021-22/index.php,https://www.indiabudget.gov.in/budget2021-22/doc/eb/sbe94.xls,sbe94.xls,expenditure_budget
2021-2022,https://www.indiabudget.gov.in/budget2021-22/index.php,https://www.indiabudget.gov.in/budget2021-22/doc/eb/sbe95.pdf,sbe95.pdf,expenditure_budget
2021-2022,https://www.indiabudget.gov.in/budget2021-22/index.php,https://www.indiabudget.gov.in/budget2021-22/doc/eb/sbe95.xls,sbe95.xls,expenditure_budget
2021-2022,https://www.indiabudget.gov.in/budget2021-22/index.php,https://www.indiabudget.gov.in/budget2021-22/doc/eb/sbe96.pdf,sbe96.pdf,expenditure_budget
2021-2022,https://www.indiabudget.gov.in/budget2021-22/index.php,https://www.indiabudget.gov.in/budget2021-22/doc/eb/sbe96.xls,sbe96.xls,expenditure_budget
2021-2022,https://www.indiabudget.gov.in/budget2021-22/index.php,https://www.indiabudget.gov.in/budget2021-22/doc/eb/sbe97.pdf,sbe97.pdf,expenditure_budget
2021-2022,https://www.indiabudget.gov.in/budget2021-22/index.php,https://www.indiabudget.gov.in/budget2021-22/doc/eb/sbe97.xls,sbe97.xls,expenditure_budget
2021-2022,https://www.indiabudget.gov.in/budget2021-22/index.php,https://www.indiabudget.gov.in/budget2021-22/doc/eb/sbe98.pdf,sbe98.pdf,expenditure_budget
2021-2022,https://www.indiabudget.gov.in/budget2021-22/index.php,https://www.indiabudget.gov.in/budget2021-22/doc/eb/sbe98.xls,sbe98.xls,expenditure_budget
2021-2022,https://www.indiabudget.gov.in/budget2021-22/index.php,https://www.indiabudget.gov.in/budget2021-22/doc/eb/sbe99.pdf,sbe99.pdf,expenditure_budget
2021-2022,https://www.indiabudget.gov.in/budget2021-22/index.php,https://www.indiabudget.gov.in/budget2021-22/doc/eb/sbe99.xls,sbe99.xls,expenditure_budget
2021-2022,https://www.indiabudget.gov.in/budget2021-22/index.php,https://www.indiabudget.gov.in/budget2021-22/doc/eb/sbe100.pdf,sbe100.pdf,expenditure_budget
2021-2022,https://www.indiabudget.gov.in/budget2021-22/index.php,https://www.indiabudget.gov.in/budget2021-22/doc/eb/sbe100.xls,sbe100.xls,expenditure_budget
2021-2022,https://www.indiabudget.gov.in/budget2021-22/index.php,https://www.indiabudget.gov.in/budget2021-22/doc/eb/sbe101.pdf,sbe101.pdf,expenditure_budget
2021-2022,https://www.indiabudget.gov.in/budget2021-22/index.php,https://www.indiabudget.gov.in/budget2021-22/doc/eb/sbe101.xls,sbe101.xls,expenditure_budget
2021-2022,https://www.indiabudget.gov.in/budget2021-22/index.php,https://www.indiabudget.gov.in/budget2021-22/doc/eb/dgsum.pdf,dgsum.pdf,demands_for_grants
2021-2022,https://www.indiabudget.gov.in/budget2021-22/index.php,https://www.indiabudget.gov.in/budget2021-22/doc/eb/alldg.pdf,alldg.pdf,demands_for_grants
2021-2022,https://www.indiabudget.gov.in/budget2021-22/index.php,https://www.indiabudget.gov.in/budget2021-22/doc/eb/dg1.pdf,dg1.pdf,demands_for_grants
2021-2022,https://www.indiabudget.gov.in/budget2021-22/index.php,https://www.indiabudget.gov.in/budget2021-22/doc/eb/dg1.xls,dg1.xls,demands_for_grants
2021-2022,https://www.indiabudget.gov.in/budget2021-22/index.php,https://www.indiabudget.gov.in/budget2021-22/doc/eb/dg2.pdf,dg2.pdf,demands_for_grants
2021-2022,https://www.indiabudget.gov.in/budget2021-22/index.php,https://www.indiabudget.gov.in/budget2021-22/doc/eb/dg2.xls,dg2.xls,demands_for_grants
2021-2022,https://www.indiabudget.gov.in/budget2021-22/index.php,https://www.indiabudget.gov.in/budget2021-22/doc/eb/dg3.pdf,dg3.pdf,demands_for_grants
2021-2022,https://www.indiabudget.gov.in/budget2021-22/index.php,https://www.indiabudget.gov.in/budget2021-22/doc/eb/dg3.xls,dg3.xls,demands_for_grants
2021-2022,https://www.indiabudget.gov.in/budget2021-22/index.php,https://www.indiabudget.gov.in/budget2021-22/doc/eb/dg4.pdf,dg4.pdf,demands_for_grants
2021-2022,https://www.indiabudget.gov.in/budget2021-22/index.php,https://www.indiabudget.gov.in/budget2021-22/doc/eb/dg4.xls,dg4.xls,demands_for_grants
2021-2022,https://www.indiabudget.gov.in/budget2021-22/index.php,https://www.indiabudget.gov.in/budget2021-22/doc/eb/dg5.pdf,dg5.pdf,demands_for_grants
2021-2022,https://www.indiabudget.gov.in/budget2021-22/index.php,https://www.indiabudget.gov.in/budget2021-22/doc/eb/dg5.xls,dg5.xls,demands_for_grants
2021-2022,https://www.indiabudget.gov.in/budget2021-22/index.php,https://www.indiabudget.gov.in/budget2021-22/doc/eb/dg6.pdf,dg6.pdf,demands_for_grants
2021-2022,https://www.indiabudget.gov.in/budget2021-22/index.php,https://www.indiabudget.gov.in/budget2021-22/doc/eb/dg6.xls,dg6.xls,demands_for_grants
2021-2022,https://www.indiabudget.gov.in/budget2021-22/index.php,https://www.indiabudget.gov.in/budget2021-22/doc/eb/dg7.pdf,dg7.pdf,demands_for_grants
2021-2022,https://www.indiabudget.gov.in/budget2021-22/index.php,https://www.indiabudget.gov.in/budget2021-22/doc/eb/dg7.xls,dg7.xls,demands_for_grants
2021-2022,https://www.indiabudget.gov.in/budget2021-22/index.php,https://www.indiabudget.gov.in/budget2021-22/doc/eb/dg8.pdf,dg8.pdf,demands_for_grants
2021-2022,https://www.indiabudget.gov.in/budget2021-22/index.php,https://www.indiabudget.gov.in/budget2021-22/doc/eb/dg8.xls,dg8.xls,demands_for_grants
2021-2022,https://www.indiabudget.gov.in/budget2021-22/index.php,https://www.indiabudget.gov.in/budget2021-22/doc/eb/dg9.pdf,dg9.pdf,demands_for_grants
2021-2022,https://www.indiabudget.gov.in/budget2021-22/index.php,https://www.indiabudget.gov.in/budget2021-22/doc/eb/dg9.xls,dg9.xls,demands_for_grants
2021-2022,https://www.indiabudget.gov.in/budget2021-22/index.php,https://www.indiabudget.gov.in/budget2021-22/doc/eb/dg10.pdf,dg10.pdf,demands_for_grants
2021-2022,https://www.indiabudget.gov.in/budget2021-22/index.php,https://www.indiabudget.gov.in/budget2021-22/doc/eb/dg10.xls,dg10.xls,demands_for_grants
2021-2022,https://www.indiabudget.gov.in/budget2021-22/index.php,https://www.indiabudget.gov.in/budget2021-22/doc/eb/dg11.pdf,dg11.pdf,demands_for_grants
2021-2022,https://www.indiabudget.gov.in/budget2021-22/index.php,https://www.indiabudget.gov.in/budget2021-22/doc/eb/dg11.xls,dg11.xls,demands_for_grants
2021-2022,https://www.indiabudget.gov.in/budget2021-22/index.php,https://www.indiabudget.gov.in/budget2021-22/doc/eb/dg12.pdf,dg12.pdf,demands_for_grants
2021-2022,https://www.indiabudget.gov.in/budget2021-22/index.php,https://www.indiabudget.gov.in/budget2021-22/doc/eb/dg12.xls,dg12.xls,demands_for_grants
2021-2022,https://www.indiabudget.gov.in/budget2021-22/index.php,https://www.indiabudget.gov.in/budget2021-22/doc/eb/dg13.pdf,dg13.pdf,demands_for_grants
2021-2022,https://www.indiabudget.gov.in/budget2021-22/index.php,https://www.indiabudget.gov.in/budget2021-22/doc/eb/dg13.xls,dg13.xls,demands_for_grants
2021-2022,https://www.indiabudget.gov.in/budget2021-22/index.php,https://www.indiabudget.gov.in/budget2021-22/doc/eb/dg14.pdf,dg14.pdf,demands_for_grants
2021-2022,https://www.indiabudget.gov.in/budget2021-22/index.php,https://www.indiabudget.gov.in/budget2021-22/doc/eb/dg14.xls,dg14.xls,demands_for_grants
2021-2022,https://www.indiabudget.gov.in/budget2021-22/index.php,https://www.indiabudget.gov.in/budget2021-22/doc/eb/dg15.pdf,dg15.pdf,demands_for_grants
2021-2022,https://www.indiabudget.gov.in/budget2021-22/index.php,https://www.indiabudget.gov.in/budget2021-22/doc/eb/dg15.xls,dg15.xls,demands_for_grants
2021-2022,https://www.indiabudget.gov.in/budget2021-22/index.php,https://www.indiabudget.gov.in/budget2021-22/doc/eb/dg16.pdf,dg16.pdf,demands_for_grants
2021-2022,https://www.indiabudget.gov.in/budget2021-22/index.php,https://www.indiabudget.gov.in/budget2021-22/doc/eb/dg16.xls,dg16.xls,demands_for_grants
2021-2022,https://www.indiabudget.gov.in/budget2021-22/index.php,https://www.indiabudget.gov.in/budget2021-22/doc/eb/dg17.pdf,dg17.pdf,demands_for_grants
2021-2022,https://www.indiabudget.gov.in/budget2021-22/index.php,https://www.indiabudget.gov.in/budget2021-22/doc/eb/dg17.xls,dg17.xls,demands_for_grants
2021-2022,https://www.indiabudget.gov.in/budget2021-22/index.php,https://www.indiabudget.gov.in/budget2021-22/doc/eb/dg18.pdf,dg18.pdf,demands_for_grants
2021-2022,https://www.indiabudget.gov.in/budget2021-22/index.php,https://www.indiabudget.gov.in/budget2021-22/doc/eb/dg18.xls,dg18.xls,demands_for_grants
2021-2022,https://www.indiabudget.gov.in/budget2021-22/index.php,https://www.indiabudget.gov.in/budget2021-22/doc/eb/dg19.pdf,dg19.pdf,demands_for_grants
2021-2022,https://www.indiabudget.gov.in/budget2021-22/index.php,https://www.indiabudget.gov.in/budget2021-22/doc/eb/dg19.xls,dg19.xls,demands_for_grants
2021-2022,https://www.indiabudget.gov.in/budget2021-22/index.php,https://www.indiabudget.gov.in/budget2021-22/doc/eb/dg20.pdf,dg20.pdf,demands_for_grants
2021-2022,https://www.indiabudget.gov.in/budget2021-22/index.php,https://www.indiabudget.gov.in/budget2021-22/doc/eb/dg20.xls,dg20.xls,demands_for_grants
2021-2022,https://www.indiabudget.gov.in/budget2021-22/index.php,https://www.indiabudget.gov.in/budget2021-22/doc/eb/dg21.pdf,dg21.pdf,demands_for_grants
2021-2022,https://www.indiabudget.gov.in/budget2021-22/index.php,https://www.indiabudget.gov.in/budget2021-22/doc/eb/dg21.xls,dg21.xls,demands_for_grants
2021-2022,https://www.indiabudget.gov.in/budget2021-22/index.php,https://www.indiabudget.gov.in/budget2021-22/doc/eb/dg22.pdf,dg22.pdf,demands_for_grants
2021-2022,https://www.indiabudget.gov.in/budget2021-22/index.php,https://www.indiabudget.gov.in/budget2021-22/doc/eb/dg22.xls,dg22.xls,demands_for_grants
2021-2022,https://www.indiabudget.gov.in/budget2021-22/index.php,https://www.indiabudget.gov.in/budget2021-22/doc/eb/dg23.pdf,dg23.pdf,demands_for_grants
2021-2022,https://www.indiabudget.gov.in/budget2021-22/index.php,https://www.indiabudget.gov.in/budget2021-22/doc/eb/dg23.xls,dg23.xls,demands_for_grants
2021-2022,https://www.indiabudget.gov.in/budget2021-22/index.php,https://www.indiabudget.gov.in/budget2021-22/doc/eb/dg24.pdf,dg24.pdf,demands_for_grants
2021-2022,https://www.indiabudget.gov.in/budget2021-22/index.php,https://www.indiabudget.gov.in/budget2021-22/doc/eb/dg24.xls,dg24.xls,demands_for_grants
2021-2022,https://www.indiabudget.gov.in/budget2021-22/index.php,https://www.indiabudget.gov.in/budget2021-22/doc/eb/dg25.pdf,dg25.pdf,demands_for_grants
2021-2022,https://www.indiabudget.gov.in/budget2021-22/index.php,https://www.indiabudget.gov.in/budget2021-22/doc/eb/dg25.xls,dg25.xls,demands_for_grants
2021-2022,https://www.indiabudget.gov.in/budget2021-22/index.php,https://www.indiabudget.gov.in/budget2021-22/doc/eb/dg26.pdf,dg26.pdf,demands_for_grants
2021-2022,https://www.indiabudget.gov.in/budget2021-22/index.php,https://www.indiabudget.gov.in/budget2021-22/doc/eb/dg26.xls,dg26.xls,demands_for_grants
2021-2022,https://www.indiabudget.gov.in/budget2021-22/index.php,https://www.indiabudget.gov.in/budget2021-22/doc/eb/dg27.pdf,dg27.pdf,demands_for_grants
2021-2022,https://www.indiabudget.gov.in/budget2021-22/index.php,https://www.indiabudget.gov.in/budget2021-22/doc/eb/dg27.xls,dg27.xls,demands_for_grants
2021-2022,https://www.indiabudget.gov.in/budget2021-22/index.php,https://www.indiabudget.gov.in/budget2021-22/doc/eb/dg28.pdf,dg28.pdf,demands_for_grants
2021-2022,https://www.indiabudget.gov.in/budget2021-22/index.php,https://www.indiabudget.gov.in/budget2021-22/doc/eb/dg28.xls,dg28.xls,demands_for_grants
2021-2022,https://www.indiabudget.gov.in/budget2021-22/index.php,https://www.indiabudget.gov.in/budget2021-22/doc/eb/dg29.pdf,dg29.pdf,demands_for_grants
2021-2022,https://www.indiabudget.gov.in/budget2021-22/index.php,https://www.indiabudget.gov.in/budget2021-22/doc/eb/dg29.xls,dg29.xls,demands_for_grants
2021-2022,https://www.indiabudget.gov.in/budget2021-22/index.php,https://www.indiabudget.gov.in/budget2021-22/doc/eb/dg30.pdf,dg30.pdf,demands_for_grants
2021-2022,https://www.indiabudget.gov.in/budget2021-22/index.php,https://www.indiabudget.gov.in/budget2021-22/doc/eb/dg30.xls,dg30.xls,demands_for_grants
2021-2022,https://www.indiabudget.gov.in/budget2021-22/index.php,https://www.indiabudget.gov.in/budget2021-22/doc/eb/dg31.pdf,dg31.pdf,demands_for_grants
2021-2022,https://www.indiabudget.gov.in/budget2021-22/index.php,https://www.indiabudget.gov.in/budget2021-22/doc/eb/dg31.xls,dg31.xls,demands_for_grants
2021-2022,https://www.indiabudget.gov.in/budget2021-22/index.php,https://www.indiabudget.gov.in/budget2021-22/doc/eb/dg32.pdf,dg32.pdf,demands_for_grants
2021-2022,https://www.indiabudget.gov.in/budget2021-22/index.php,https://www.indiabudget.gov.in/budget2021-22/doc/eb/dg32.xls,dg32.xls,demands_for_grants
2021-2022,https://www.indiabudget.gov.in/budget2021-22/index.php,https://www.indiabudget.gov.in/budget2021-22/doc/eb/dg33.pdf,dg33.pdf,demands_for_grants
2021-2022,https://www.indiabudget.gov.in/budget2021-22/index.php,https://www.indiabudget.gov.in/budget2021-22/doc/eb/dg33.xls,dg33.xls,demands_for_grants
2021-2022,https://www.indiabudget.gov.in/budget2021-22/index.php,https://www.indiabudget.gov.in/budget2021-22/doc/eb/dg34.pdf,dg34.pdf,demands_for_grants
2021-2022,https://www.indiabudget.gov.in/budget2021-22/index.php,https://www.indiabudget.gov.in/budget2021-22/doc/eb/dg34.xls,dg34.xls,demands_for_grants
2021-2022,https://www.indiabudget.gov.in/budget2021-22/index.php,https://www.indiabudget.gov.in/budget2021-22/doc/eb/dg35.pdf,dg35.pdf,demands_for_grants
2021-2022,https://www.indiabudget.gov.in/budget2021-22/index.php,https://www.indiabudget.gov.in/budget2021-22/doc/eb/dg35.xls,dg35.xls,demands_for_grants
2021-2022,https://www.indiabudget.gov.in/budget2021-22/index.php,https://www.indiabudget.gov.in/budget2021-22/doc/eb/dg36.pdf,dg36.pdf,demands_for_grants
2021-2022,https://www.indiabudget.gov.in/budget2021-22/index.php,https://www.indiabudget.gov.in/budget2021-22/doc/eb/dg36.xls,dg36.xls,demands_for_grants
2021-2022,https://www.indiabudget.gov.in/budget2021-22/index.php,https://www.indiabudget.gov.in/budget2021-22/doc/eb/dg37.pdf,dg37.pdf,demands_for_grants
2021-2022,https://www.indiabudget.gov.in/budget2021-22/index.php,https://www.indiabudget.gov.in/budget2021-22/doc/eb/dg37.xls,dg37.xls,demands_for_grants
2021-2022,https://www.indiabudget.gov.in/budget2021-22/index.php,https://www.indiabudget.gov.in/budget2021-22/doc/eb/dg38.pdf,dg38.pdf,demands_for_grants
2021-2022,https://www.indiabudget.gov.in/budget2021-22/index.php,https://www.indiabudget.gov.in/budget2021-22/doc/eb/dg38.xls,dg38.xls,demands_for_grants
2021-2022,https://www.indiabudget.gov.in/budget2021-22/index.php,https://www.indiabudget.gov.in/budget2021-22/doc/eb/dg39.pdf,dg39.pdf,demands_for_grants
2021-2022,https://www.indiabudget.gov.in/budget2021-22/index.php,https://www.indiabudget.gov.in/budget2021-22/doc/eb/dg39.xls,dg39.xls,demands_for_grants
2021-2022,https://www.indiabudget.gov.in/budget2021-22/index.php,https://www.indiabudget.gov.in/budget2021-22/doc/eb/dg40.pdf,dg40.pdf,demands_for_grants
2021-2022,https://www.indiabudget.gov.in/budget2021-22/index.php,https://www.indiabudget.gov.in/budget2021-22/doc/eb/dg40.xls,dg40.xls,demands_for_grants
2021-2022,https://www.indiabudget.gov.in/budget2021-22/index.php,https://www.indiabudget.gov.in/budget2021-22/doc/eb/dg41.pdf,dg41.pdf,demands_for_grants
2021-2022,https://www.indiabudget.gov.in/budget2021-22/index.php,https://www.indiabudget.gov.in/budget2021-22/doc/eb/dg41.xls,dg41.xls,demands_for_grants
2021-2022,https://www.indiabudget.gov.in/budget2021-22/index.php,https://www.indiabudget.gov.in/budget2021-22/doc/eb/dg42.pdf,dg42.pdf,demands_for_grants
2021-2022,https://www.indiabudget.gov.in/budget2021-22/index.php,https://www.indiabudget.gov.in/budget2021-22/doc/eb/dg42.xls,dg42.xls,demands_for_grants
2021-2022,https://www.indiabudget.gov.in/budget2021-22/index.php,https://www.indiabudget.gov.in/budget2021-22/doc/eb/dg43.pdf,dg43.pdf,demands_for_grants
2021-2022,https://www.indiabudget.gov.in/budget2021-22/index.php,https://www.indiabudget.gov.in/budget2021-22/doc/eb/dg43.xls,dg43.xls,demands_for_grants
2021-2022,https://www.indiabudget.gov.in/budget2021-22/index.php,https://www.indiabudget.gov.in/budget2021-22/doc/eb/dg44.pdf,dg44.pdf,demands_for_grants
2021-2022,https://www.indiabudget.gov.in/budget2021-22/index.php,https://www.indiabudget.gov.in/budget2021-22/doc/eb/dg44.xls,dg44.xls,demands_for_grants
2021-2022,https://www.indiabudget.gov.in/budget2021-22/index.php,https://www.indiabudget.gov.in/budget2021-22/doc/eb/dg45.pdf,dg45.pdf,demands_for_grants
2021-2022,https://www.indiabudget.gov.in/budget2021-22/index.php,https://www.indiabudget.gov.in/budget2021-22/doc/eb/dg45.xls,dg45.xls,demands_for_grants
2021-2022,https://www.indiabudget.gov.in/budget2021-22/index.php,https://www.indiabudget.gov.in/budget2021-22/doc/eb/dg46.pdf,dg46.pdf,demands_for_grants
2021-2022,https://www.indiabudget.gov.in/budget2021-22/index.php,https://www.indiabudget.gov.in/budget2021-22/doc/eb/dg46.xls,dg46.xls,demands_for_grants
2021-2022,https://www.indiabudget.gov.in/budget2021-22/index.php,https://www.indiabudget.gov.in/budget2021-22/doc/eb/dg47.pdf,dg47.pdf,demands_for_grants
2021-2022,https://www.indiabudget.gov.in/budget2021-22/index.php,https://www.indiabudget.gov.in/budget2021-22/doc/eb/dg47.xls,dg47.xls,demands_for_grants
2021-2022,https://www.indiabudget.gov.in/budget2021-22/index.php,https://www.indiabudget.gov.in/budget2021-22/doc/eb/dg48.pdf,dg48.pdf,demands_for_grants
2021-2022,https://www.indiabudget.gov.in/budget2021-22/index.php,https://www.indiabudget.gov.in/budget2021-22/doc/eb/dg48.xls,dg48.xls,demands_for_grants
2021-2022,https://www.indiabudget.gov.in/budget2021-22/index.php,https://www.indiabudget.gov.in/budget2021-22/doc/eb/dg49.pdf,dg49.pdf,demands_for_grants
2021-2022,https://www.indiabudget.gov.in/budget2021-22/index.php,https://www.indiabudget.gov.in/budget2021-22/doc/eb/dg49.xls,dg49.xls,demands_for_grants
2021-2022,https://www.indiabudget.gov.in/budget2021-22/index.php,https://www.indiabudget.gov.in/budget2021-22/doc/eb/dg50.pdf,dg50.pdf,demands_for_grants
2021-2022,https://www.indiabudget.gov.in/budget2021-22/index.php,https://www.indiabudget.gov.in/budget2021-22/doc/eb/dg50.xls,dg50.xls,demands_for_grants
2021-2022,https://www.indiabudget.gov.in/budget2021-22/index.php,https://www.indiabudget.gov.in/budget2021-22/doc/eb/dg51.pdf,dg51.pdf,demands_for_grants
2021-2022,https://www.indiabudget.gov.in/budget2021-22/index.php,https://www.indiabudget.gov.in/budget2021-22/doc/eb/dg51.xls,dg51.xls,demands_for_grants
2021-2022,https://www.indiabudget.gov.in/budget2021-22/index.php,https://www.indiabudget.gov.in/budget2021-22/doc/eb/dg52.pdf,dg52.pdf,demands_for_grants
2021-2022,https://www.indiabudget.gov.in/budget2021-22/index.php,https://www.indiabudget.gov.in/budget2021-22/doc/eb/dg52.xls,dg52.xls,demands_for_grants
2021-2022,https://www.indiabudget.gov.in/budget2021-22/index.php,https://www.indiabudget.gov.in/budget2021-22/doc/eb/dg53.pdf,dg53.pdf,demands_for_grants
2021-2022,https://www.indiabudget.gov.in/budget2021-22/index.php,https://www.indiabudget.gov.in/budget2021-22/doc/eb/dg53.xls,dg53.xls,demands_for_grants
2021-2022,https://www.indiabudget.gov.in/budget2021-22/index.php,https://www.indiabudget.gov.in/budget2021-22/doc/eb/dg54.pdf,dg54.pdf,demands_for_grants
2021-2022,https://www.indiabudget.gov.in/budget2021-22/index.php,https://www.indiabudget.gov.in/budget2021-22/doc/eb/dg54.xls,dg54.xls,demands_for_grants
2021-2022,https://www.indiabudget.gov.in/budget2021-22/index.php,https://www.indiabudget.gov.in/budget2021-22/doc/eb/dg55.pdf,dg55.pdf,demands_for_grants
2021-2022,https://www.indiabudget.gov.in/budget2021-22/index.php,https://www.indiabudget.gov.in/budget2021-22/doc/eb/dg55.xls,dg55.xls,demands_for_grants
2021-2022,https://www.indiabudget.gov.in/budget2021-22/index.php,https://www.indiabudget.gov.in/budget2021-22/doc/eb/dg56.pdf,dg56.pdf,demands_for_grants
2021-2022,https://www.indiabudget.gov.in/budget2021-22/index.php,https://www.indiabudget.gov.in/budget2021-22/doc/eb/dg56.xls,dg56.xls,demands_for_grants
2021-2022,https://www.indiabudget.gov.in/budget2021-22/index.php,https://www.indiabudget.gov.in/budget2021-22/doc/eb/dg57.pdf,dg57.pdf,demands_for_grants
2021-2022,https://www.indiabudget.gov.in/budget2021-22/index.php,https://www.indiabudget.gov.in/budget2021-22/doc/eb/dg57.xls,dg57.xls,demands_for_grants
2021-2022,https://www.indiabudget.gov.in/budget2021-22/index.php,https://www.indiabudget.gov.in/budget2021-22/doc/eb/dg58.pdf,dg58.pdf,demands_for_grants
2021-2022,https://www.indiabudget.gov.in/budget2021-22/index.php,https://www.indiabudget.gov.in/budget2021-22/doc/eb/dg58.xls,dg58.xls,demands_for_grants
2021-2022,https://www.indiabudget.gov.in/budget2021-22/index.php,https://www.indiabudget.gov.in/budget2021-22/doc/eb/dg59.pdf,dg59.pdf,demands_for_grants
2021-2022,https://www.indiabudget.gov.in/budget2021-22/index.php,https://www.indiabudget.gov.in/budget2021-22/doc/eb/dg59.xls,dg59.xls,demands_for_grants
2021-2022,https://www.indiabudget.gov.in/budget2021-22/index.php,https://www.indiabudget.gov.in/budget2021-22/doc/eb/dg60.pdf,dg60.pdf,demands_for_grants
2021-2022,https://www.indiabudget.gov.in/budget2021-22/index.php,https://www.indiabudget.gov.in/budget2021-22/doc/eb/dg60.xls,dg60.xls,demands_for_grants
2021-2022,https://www.indiabudget.gov.in/budget2021-22/index.php,https://www.indiabudget.gov.in/budget2021-22/doc/eb/dg61.pdf,dg61.pdf,demands_for_grants
2021-2022,https://www.indiabudget.gov.in/budget2021-22/index.php,https://www.indiabudget.gov.in/budget2021-22/doc/eb/dg61.xls,dg61.xls,demands_for_grants
2021-2022,https://www.indiabudget.gov.in/budget2021-22/index.php,https://www.indiabudget.gov.in/budget2021-22/doc/eb/dg62.pdf,dg62.pdf,demands_for_grants
2021-2022,https://www.indiabudget.gov.in/budget2021-22/index.php,https://www.indiabudget.gov.in/budget2021-22/doc/eb/dg62.xls,dg62.xls,demands_for_grants
2021-2022,https://www.indiabudget.gov.in/budget2021-22/index.php,https://www.indiabudget.gov.in/budget2021-22/doc/eb/dg63.pdf,dg63.pdf,demands_for_grants
2021-2022,https://www.indiabudget.gov.in/budget2021-22/index.php,https://www.indiabudget.gov.in/budget2021-22/doc/eb/dg63.xls,dg63.xls,demands_for_grants
2021-2022,https://www.indiabudget.gov.in/budget2021-22/index.php,https://www.indiabudget.gov.in/budget2021-22/doc/eb/dg64.pdf,dg64.pdf,demands_for_grants
2021-2022,https://www.indiabudget.gov.in/budget2021-22/index.php,https://www.indiabudget.gov.in/budget2021-22/doc/eb/dg64.xls,dg64.xls,demands_for_grants
2021-2022,https://www.indiabudget.gov.in/budget2021-22/index.php,https://www.indiabudget.gov.in/budget2021-22/doc/eb/dg65.pdf,dg65.pdf,demands_for_grants
2021-2022,https://www.indiabudget.gov.in/budget2021-22/index.php,https://www.indiabudget.gov.in/budget2021-22/doc/eb/dg65.xls,dg65.xls,demands_for_grants
2021-2022,https://www.indiabudget.gov.in/budget2021-22/index.php,https://www.indiabudget.gov.in/budget2021-22/doc/eb/dg66.pdf,dg66.pdf,demands_for_grants
2021-2022,https://www.indiabudget.gov.in/budget2021-22/index.php,https://www.indiabudget.gov.in/budget2021-22/doc/eb/dg66.xls,dg66.xls,demands_for_grants
2021-2022,https://www.indiabudget.gov.in/budget2021-22/index.php,https://www.indiabudget.gov.in/budget2021-22/doc/eb/dg67.pdf,dg67.pdf,demands_for_grants
2021-2022,https://www.indiabudget.gov.in/budget2021-22/index.php,https://www.indiabudget.gov.in/budget2021-22/doc/eb/dg67.xls,dg67.xls,demands_for_grants
2021-2022,https://www.indiabudget.gov.in/budget2021-22/index.php,https://www.indiabudget.gov.in/budget2021-22/doc/eb/dg68.pdf,dg68.pdf,demands_for_grants
2021-2022,https://www.indiabudget.gov.in/budget2021-22/index.php,https://www.indiabudget.gov.in/budget2021-22/doc/eb/dg68.xls,dg68.xls,demands_for_grants
2021-2022,https://www.indiabudget.gov.in/budget2021-22/index.php,https://www.indiabudget.gov.in/budget2021-22/doc/eb/dg69.pdf,dg69.pdf,demands_for_grants
2021-2022,https://www.indiabudget.gov.in/budget2021-22/index.php,https://www.indiabudget.gov.in/budget2021-22/doc/eb/dg69.xls,dg69.xls,demands_for_grants
2021-2022,https://www.indiabudget.gov.in/budget2021-22/index.php,https://www.indiabudget.gov.in/budget2021-22/doc/eb/dg70.pdf,dg70.pdf,demands_for_grants
2021-2022,https://www.indiabudget.gov.in/budget2021-22/index.php,https://www.indiabudget.gov.in/budget2021-22/doc/eb/dg70.xls,dg70.xls,demands_for_grants
2021-2022,https://www.indiabudget.gov.in/budget2021-22/index.php,https://www.indiabudget.gov.in/budget2021-22/doc/eb/dg71.pdf,dg71.pdf,demands_for_grants
2021-2022,https://www.indiabudget.gov.in/budget2021-22/index.php,https://www.indiabudget.gov.in/budget2021-22/doc/eb/dg71.xls,dg71.xls,demands_for_grants
2021-2022,https://www.indiabudget.gov.in/budget2021-22/index.php,https://www.indiabudget.gov.in/budget2021-22/doc/eb/dg72.pdf,dg72.pdf,demands_for_grants
2021-2022,https://www.indiabudget.gov.in/budget2021-22/index.php,https://www.indiabudget.gov.in/budget2021-22/doc/eb/dg72.xls,dg72.xls,demands_for_grants
2021-2022,https://www.indiabudget.gov.in/budget2021-22/index.php,https://www.indiabudget.gov.in/budget2021-22/doc/eb/dg73.pdf,dg73.pdf,demands_for_grants
2021-2022,https://www.indiabudget.gov.in/budget2021-22/index.php,https://www.indiabudget.gov.in/budget2021-22/doc/eb/dg73.xls,dg73.xls,demands_for_grants
2021-2022,https://www.indiabudget.gov.in/budget2021-22/index.php,https://www.indiabudget.gov.in/budget2021-22/doc/eb/dg74.pdf,dg74.pdf,demands_for_grants
2021-2022,https://www.indiabudget.gov.in/budget2021-22/index.php,https://www.indiabudget.gov.in/budget2021-22/doc/eb/dg74.xls,dg74.xls,demands_for_grants
2021-2022,https://www.indiabudget.gov.in/budget2021-22/index.php,https://www.indiabudget.gov.in/budget2021-22/doc/eb/dg75.pdf,dg75.pdf,demands_for_grants
2021-2022,https://www.indiabudget.gov.in/budget2021-22/index.php,https://www.indiabudget.gov.in/budget2021-22/doc/eb/dg75.xls,dg75.xls,demands_for_grants
2021-2022,https://www.indiabudget.gov.in/budget2021-22/index.php,https://www.indiabudget.gov.in/budget2021-22/doc/eb/dg76.pdf,dg76.pdf,demands_for_grants
2021-2022,https://www.indiabudget.gov.in/budget2021-22/index.php,https://www.indiabudget.gov.in/budget2021-22/doc/eb/dg76.xls,dg76.xls,demands_for_grants
2021-2022,https://www.indiabudget.gov.in/budget2021-22/index.php,https://www.indiabudget.gov.in/budget2021-22/doc/eb/dg77.pdf,dg77.pdf,demands_for_grants
2021-2022,https://www.indiabudget.gov.in/budget2021-22/index.php,https://www.indiabudget.gov.in/budget2021-22/doc/eb/dg77.xls,dg77.xls,demands_for_grants
2021-2022,https://www.indiabudget.gov.in/budget2021-22/index.php,https://www.indiabudget.gov.in/budget2021-22/doc/eb/dg78.pdf,dg78.pdf,demands_for_grants
2021-2022,https://www.indiabudget.gov.in/budget2021-22/index.php,https://www.indiabudget.gov.in/budget2021-22/doc/eb/dg78.xls,dg78.xls,demands_for_grants
2021-2022,https://www.indiabudget.gov.in/budget2021-22/index.php,https://www.indiabudget.gov.in/budget2021-22/doc/eb/dg79.pdf,dg79.pdf,demands_for_grants
2021-2022,https://www.indiabudget.gov.in/budget2021-22/index.php,https://www.indiabudget.gov.in/budget2021-22/doc/eb/dg79.xls,dg79.xls,demands_for_grants
2021-2022,https://www.indiabudget.gov.in/budget2021-22/index.php,https://www.indiabudget.gov.in/budget2021-22/doc/eb/dg80.pdf,dg80.pdf,demands_for_grants
2021-2022,https://www.indiabudget.gov.in/budget2021-22/index.php,https://www.indiabudget.gov.in/budget2021-22/doc/eb/dg80.xls,dg80.xls,demands_for_grants
2021-2022,https://www.indiabudget.gov.in/budget2021-22/index.php,https://www.indiabudget.gov.in/budget2021-22/doc/eb/dg81.pdf,dg81.pdf,demands_for_grants
2021-2022,https://www.indiabudget.gov.in/budget2021-22/index.php,https://www.indiabudget.gov.in/budget2021-22/doc/eb/dg81.xls,dg81.xls,demands_for_grants
2021-2022,https://www.indiabudget.gov.in/budget2021-22/index.php,https://www.indiabudget.gov.in/budget2021-22/doc/eb/dg82.pdf,dg82.pdf,demands_for_grants
2021-2022,https://www.indiabudget.gov.in/budget2021-22/index.php,https://www.indiabudget.gov.in/budget2021-22/doc/eb/dg82.xls,dg82.xls,demands_for_grants
2021-2022,https://www.indiabudget.gov.in/budget2021-22/index.php,https://www.indiabudget.gov.in/budget2021-22/doc/eb/dg83.pdf,dg83.pdf,demands_for_grants
2021-2022,https://www.indiabudget.gov.in/budget2021-22/index.php,https://www.indiabudget.gov.in/budget2021-22/doc/eb/dg83.xls,dg83.xls,demands_for_grants
2021-2022,https://www.indiabudget.gov.in/budget2021-22/index.php,https://www.indiabudget.gov.in/budget2021-22/doc/eb/dg84.pdf,dg84.pdf,demands_for_grants
2021-2022,https://www.indiabudget.gov.in/budget2021-22/index.php,https://www.indiabudget.gov.in/budget2021-22/doc/eb/dg84.xls,dg84.xls,demands_for_grants
2021-2022,https://www.indiabudget.gov.in/budget2021-22/index.php,https://www.indiabudget.gov.in/budget2021-22/doc/eb/dg85.pdf,dg85.pdf,demands_for_grants
2021-2022,https://www.indiabudget.gov.in/budget2021-22/index.php,https://www.indiabudget.gov.in/budget2021-22/doc/eb/dg85.xls,dg85.xls,demands_for_grants
2021-2022,https://www.indiabudget.gov.in/budget2021-22/index.php,https://www.indiabudget.gov.in/budget2021-22/doc/eb/dg86.pdf,dg86.pdf,demands_for_grants
2021-2022,https://www.indiabudget.gov.in/budget2021-22/index.php,https://www.indiabudget.gov.in/budget2021-22/doc/eb/dg86.xls,dg86.xls,demands_for_grants
2021-2022,https://www.indiabudget.gov.in/budget2021-22/index.php,https://www.indiabudget.gov.in/budget2021-22/doc/eb/dg87.pdf,dg87.pdf,demands_for_grants
2021-2022,https://www.indiabudget.gov.in/budget2021-22/index.php,https://www.indiabudget.gov.in/budget2021-22/doc/eb/dg87.xls,dg87.xls,demands_for_grants
2021-2022,https://www.indiabudget.gov.in/budget2021-22/index.php,https://www.indiabudget.gov.in/budget2021-22/doc/eb/dg88.pdf,dg88.pdf,demands_for_grants
2021-2022,https://www.indiabudget.gov.in/budget2021-22/index.php,https://www.indiabudget.gov.in/budget2021-22/doc/eb/dg88.xls,dg88.xls,demands_for_grants
2021-2022,https://www.indiabudget.gov.in/budget2021-22/index.php,https://www.indiabudget.gov.in/budget2021-22/doc/eb/dg89.pdf,dg89.pdf,demands_for_grants
2021-2022,https://www.indiabudget.gov.in/budget2021-22/index.php,https://www.indiabudget.gov.in/budget2021-22/doc/eb/dg89.xls,dg89.xls,demands_for_grants
2021-2022,https://www.indiabudget.gov.in/budget2021-22/index.php,https://www.indiabudget.gov.in/budget2021-22/doc/eb/dg90.pdf,dg90.pdf,demands_for_grants
2021-2022,https://www.indiabudget.gov.in/budget2021-22/index.php,https://www.indiabudget.gov.in/budget2021-22/doc/eb/dg90.xls,dg90.xls,demands_for_grants
2021-2022,https://www.indiabudget.gov.in/budget2021-22/index.php,https://www.indiabudget.gov.in/budget2021-22/doc/eb/dg91.pdf,dg91.pdf,demands_for_grants
2021-2022,https://www.indiabudget.gov.in/budget2021-22/index.php,https://www.indiabudget.gov.in/budget2021-22/doc/eb/dg91.xls,dg91.xls,demands_for_grants
2021-2022,https://www.indiabudget.gov.in/budget2021-22/index.php,https://www.indiabudget.gov.in/budget2021-22/doc/eb/dg92.pdf,dg92.pdf,demands_for_grants
2021-2022,https://www.indiabudget.gov.in/budget2021-22/index.php,https://www.indiabudget.gov.in/budget2021-22/doc/eb/dg92.xls,dg92.xls,demands_for_grants
2021-2022,https://www.indiabudget.gov.in/budget2021-22/index.php,https://www.indiabudget.gov.in/budget2021-22/doc/eb/dg93.pdf,dg93.pdf,demands_for_grants
2021-2022,https://www.indiabudget.gov.in/budget2021-22/index.php,https://www.indiabudget.gov.in/budget2021-22/doc/eb/dg93.xls,dg93.xls,demands_for_grants
2021-2022,https://www.indiabudget.gov.in/budget2021-22/index.php,https://www.indiabudget.gov.in/budget2021-22/doc/eb/dg94.pdf,dg94.pdf,demands_for_grants
2021-2022,https://www.indiabudget.gov.in/budget2021-22/index.php,https://www.indiabudget.gov.in/budget2021-22/doc/eb/dg94.xls,dg94.xls,demands_for_grants
2021-2022,https://www.indiabudget.gov.in/budget2021-22/index.php,https://www.indiabudget.gov.in/budget2021-22/doc/eb/dg95.pdf,dg95.pdf,demands_for_grants
2021-2022,https://www.indiabudget.gov.in/budget2021-22/index.php,https://www.indiabudget.gov.in/budget2021-22/doc/eb/dg95.xls,dg95.xls,demands_for_grants
2021-2022,https://www.indiabudget.gov.in/budget2021-22/index.php,https://www.indiabudget.gov.in/budget2021-22/doc/eb/dg96.pdf,dg96.pdf,demands_for_grants
2021-2022,https://www.indiabudget.gov.in/budget2021-22/index.php,https://www.indiabudget.gov.in/budget2021-22/doc/eb/dg96.xls,dg96.xls,demands_for_grants
2021-2022,https://www.indiabudget.gov.in/budget2021-22/index.php,https://www.indiabudget.gov.in/budget2021-22/doc/eb/dg97.pdf,dg97.pdf,demands_for_grants
2021-2022,https://www.indiabudget.gov.in/budget2021-22/index.php,https://www.indiabudget.gov.in/budget2021-22/doc/eb/dg97.xls,dg97.xls,demands_for_grants
2021-2022,https://www.indiabudget.gov.in/budget2021-22/index.php,https://www.indiabudget.gov.in/budget2021-22/doc/eb/dg98.pdf,dg98.pdf,demands_for_grants
2021-2022,https://www.indiabudget.gov.in/budget2021-22/index.php,https://www.indiabudget.gov.in/budget2021-22/doc/eb/dg98.xls,dg98.xls,demands_for_grants
2021-2022,https://www.indiabudget.gov.in/budget2021-22/index.php,https://www.indiabudget.gov.in/budget2021-22/doc/eb/dg99.pdf,dg99.pdf,demands_for_grants
2021-2022,https://www.indiabudget.gov.in/budget2021-22/index.php,https://www.indiabudget.gov.in/budget2021-22/doc/eb/dg99.xls,dg99.xls,demands_for_grants
2021-2022,https://www.indiabudget.gov.in/budget2021-22/index.php,https://www.indiabudget.gov.in/budget2021-22/doc/eb/dg100.pdf,dg100.pdf,demands_for_grants
2021-2022,https://www.indiabudget.gov.in/budget2021-22/index.php,https://www.indiabudget.gov.in/budget2021-22/doc/eb/dg100.xls,dg100.xls,demands_for_grants
2021-2022,https://www.indiabudget.gov.in/budget2021-22/index.php,https://www.indiabudget.gov.in/budget2021-22/doc/eb/dg101.pdf,dg101.pdf,demands_for_grants
2021-2022,https://www.indiabudget.gov.in/budget2021-22/index.php,https://www.indiabudget.gov.in/budget2021-22/doc/eb/dg101.xls,dg101.xls,demands_for_grants
2021-2022,https://www.indiabudget.gov.in/budget2021-22/index.php,https://www.indiabudget.gov.in/budget2021-22/doc/rec/allrec.pdf,allrec.pdf,demands_for_grants
2021-2022,https://www.indiabudget.gov.in/budget2021-22/index.php,https://www.indiabudget.gov.in/budget2021-22/doc/rec/int.pdf,int.pdf,demands_for_grants
2021-2022,https://www.indiabudget.gov.in/budget2021-22/index.php,https://www.indiabudget.gov.in/budget2021-22/doc/rec/ar.pdf,ar.pdf,demands_for_grants
2021-2022,https://www.indiabudget.gov.in/budget2021-22/index.php,https://www.indiabudget.gov.in/budget2021-22/doc/rec/tr.pdf,tr.pdf,demands_for_grants
2021-2022,https://www.indiabudget.gov.in/budget2021-22/index.php,https://www.indiabudget.gov.in/budget2021-22/doc/rec/tr.xlsx,tr.xlsx,demands_for_grants
2021-2022,https://www.indiabudget.gov.in/budget2021-22/index.php,https://www.indiabudget.gov.in/budget2021-22/doc/rec/ntr.pdf,ntr.pdf,demands_for_grants
2021-2022,https://www.indiabudget.gov.in/budget2021-22/index.php,https://www.indiabudget.gov.in/budget2021-22/doc/rec/ntr.xlsx,ntr.xlsx,demands_for_grants
2021-2022,https://www.indiabudget.gov.in/budget2021-22/index.php,https://www.indiabudget.gov.in/budget2021-22/doc/rec/ctr.pdf,ctr.pdf,demands_for_grants
2021-2022,https://www.indiabudget.gov.in/budget2021-22/index.php,https://www.indiabudget.gov.in/budget2021-22/doc/rec/ctr.xlsx,ctr.xlsx,demands_for_grants
2021-2022,https://www.indiabudget.gov.in/budget2021-22/index.php,https://www.indiabudget.gov.in/budget2021-22/doc/rec/annex1.pdf,annex1.pdf,demands_for_grants
2021-2022,https://www.indiabudget.gov.in/budget2021-22/index.php,https://www.indiabudget.gov.in/budget2021-22/doc/rec/annex2.pdf,annex2.pdf,demands_for_grants
2021-2022,https://www.indiabudget.gov.in/budget2021-22/index.php,https://www.indiabudget.gov.in/budget2021-22/doc/rec/annex3.pdf,annex3.pdf,demands_for_grants
2021-2022,https://www.indiabudget.gov.in/budget2021-22/index.php,https://www.indiabudget.gov.in/budget2021-22/doc/rec/annex4.pdf,annex4.pdf,demands_for_grants
2021-2022,https://www.indiabudget.gov.in/budget2021-22/index.php,https://www.indiabudget.gov.in/budget2021-22/doc/rec/annex4a.pdf,annex4a.pdf,demands_for_grants
2021-2022,https://www.indiabudget.gov.in/budget2021-22/index.php,https://www.indiabudget.gov.in/budget2021-22/doc/rec/annex4b.pdf,annex4b.pdf,demands_for_grants
2021-2022,https://www.indiabudget.gov.in/budget2021-22/index.php,https://www.indiabudget.gov.in/budget2021-22/doc/rec/annex5.pdf,annex5.pdf,demands_for_grants
2021-2022,https://www.indiabudget.gov.in/budget2021-22/index.php,https://www.indiabudget.gov.in/budget2021-22/doc/rec/annex6.pdf,annex6.pdf,demands_for_grants
2021-2022,https://www.indiabudget.gov.in/budget2021-22/index.php,https://www.indiabudget.gov.in/budget2021-22/doc/rec/annex7.pdf,annex7.pdf,demands_for_grants
2021-2022,https://www.indiabudget.gov.in/budget2021-22/index.php,https://www.indiabudget.gov.in/budget2021-22/doc/rec/annex8.pdf,annex8.pdf,demands_for_grants
2021-2022,https://www.indiabudget.gov.in/budget2021-22/index.php,https://www.indiabudget.gov.in/budget2021-22/doc/rec/annex9.pdf,annex9.pdf,demands_for_grants
2021-2022,https://www.indiabudget.gov.in/budget2021-22/index.php,https://www.indiabudget.gov.in/budget2021-22/doc/rec/annex91.pdf,annex91.pdf,demands_for_grants
2021-2022,https://www.indiabudget.gov.in/budget2021-22/index.php,https://www.indiabudget.gov.in/budget2021-22/doc/rec/annex92.pdf,annex92.pdf,demands_for_grants
2021-2022,https://www.indiabudget.gov.in/budget2021-22/index.php,https://www.indiabudget.gov.in/budget2021-22/doc/rec/annex93.pdf,annex93.pdf,demands_for_grants
2021-2022,https://www.indiabudget.gov.in/budget2021-22/index.php,https://www.indiabudget.gov.in/budget2021-22/doc/rec/annex94.pdf,annex94.pdf,demands_for_grants
2021-2022,https://www.indiabudget.gov.in/budget2021-22/index.php,https://www.indiabudget.gov.in/budget2021-22/doc/rec/annex10.pdf,annex10.pdf,demands_for_grants
2021-2022,https://www.indiabudget.gov.in/budget2021-22/index.php,https://www.indiabudget.gov.in/budget2021-22/doc/rec/annex10a.pdf,annex10a.pdf,demands_for_grants
2021-2022,https://www.indiabudget.gov.in/budget2021-22/index.php,https://www.indiabudget.gov.in/budget2021-22/doc/rec/annex10b.pdf,annex10b.pdf,demands_for_grants
2021-2022,https://www.indiabudget.gov.in/budget2021-22/index.php,https://www.indiabudget.gov.in/budget2021-22/doc/rec/annex10c.pdf,annex10c.pdf,demands_for_grants
2021-2022,https://www.indiabudget.gov.in/budget2021-22/index.php,https://www.indiabudget.gov.in/budget2021-22/doc/rec/annex10d.pdf,annex10d.pdf,demands_for_grants
2021-2022,https://www.indiabudget.gov.in/budget2021-22/index.php,https://www.indiabudget.gov.in/budget2021-22/doc/rec/annex10e.pdf,annex10e.pdf,demands_for_grants
2021-2022,https://www.indiabudget.gov.in/budget2021-22/index.php,https://www.indiabudget.gov.in/budget2021-22/doc/rec/annex10f.pdf,annex10f.pdf,demands_for_grants
2021-2022,https://www.indiabudget.gov.in/budget2021-22/index.php,https://www.indiabudget.gov.in/budget2021-22/doc/rec/annex10g.pdf,annex10g.pdf,demands_for_grants
2021-2022,https://www.indiabudget.gov.in/budget2021-22/index.php,https://www.indiabudget.gov.in/budget2021-22/doc/rec/annex10h.pdf,annex10h.pdf,demands_for_grants
2021-2022,https://www.indiabudget.gov.in/budget2021-22/index.php,https://www.indiabudget.gov.in/budget2021-22/doc/rec/annex10i.pdf,annex10i.pdf,demands_for_grants
2021-2022,https://www.indiabudget.gov.in/budget2021-22/index.php,https://www.indiabudget.gov.in/budget2021-22/doc/rec/annex11.pdf,annex11.pdf,demands_for_grants
2021-2022,https://www.indiabudget.gov.in/budget2021-22/index.php,https://www.indiabudget.gov.in/budget2021-22/doc/rec/annex12.pdf,annex12.pdf,demands_for_grants
2021-2022,https://www.indiabudget.gov.in/budget2021-22/index.php,https://www.indiabudget.gov.in/budget2021-22/doc/rec/annex13.pdf,annex13.pdf,demands_for_grants
2021-2022,https://www.indiabudget.gov.in/budget2021-22/index.php,https://www.indiabudget.gov.in/budget2021-22/doc/rec/annex14.pdf,annex14.pdf,demands_for_grants
2019-2020(I),https://www.indiabudget.gov.in/budget2019-20(I)/budget.asp,https://www.indiabudget.gov.in/budget2019-20(I)/ub2019-20/keybud/keybud2019.pdf,keybud2019.pdf,demands_for_grants
2019-2020(I),https://www.indiabudget.gov.in/budget2019-20(I)/budget.asp,https://www.indiabudget.gov.in/budget2019-20(I)/ub2019-20/frbm/frbm1.pdf,frbm1.pdf,demands_for_grants
2019-2020(I),https://www.indiabudget.gov.in/budget2019-20(I)/budget.asp,https://www.indiabudget.gov.in/budget2019-20(I)/ub2019-20/frbm/frbm2.pdf,frbm2.pdf,demands_for_grants
2019-2020(I),https://www.indiabudget.gov.in/budget2019-20(I)/budget.asp,https://www.indiabudget.gov.in/budget2019-20(I)/ub2019-20/impbud/impbud.pdf,impbud.pdf,demands_for_grants
2018-2019,https://www.indiabudget.gov.in/budget2018-2019/budget.asp,https://www.indiabudget.gov.in/budget2018-2019/ub2018-19/keybud/keybud2018.pdf,keybud2018.pdf,demands_for_grants
2018-2019,https://www.indiabudget.gov.in/budget2018-2019/budget.asp,https://www.indiabudget.gov.in/budget2018-2019/ub2018-19/frbm/frbm1.pdf,frbm1.pdf,demands_for_grants
2018-2019,https://www.indiabudget.gov.in/budget2018-2019/budget.asp,https://www.indiabudget.gov.in/budget2018-2019/ub2018-19/frbm/frbm2.pdf,frbm2.pdf,demands_for_grants
2018-2019,https://www.indiabudget.gov.in/budget2018-2019/budget.asp,https://www.indiabudget.gov.in/budget2018-2019/ub2018-19/frbm/frbm3.pdf,frbm3.pdf,demands_for_grants
2018-2019,https://www.indiabudget.gov.in/budget2018-2019/budget.asp,https://www.indiabudget.gov.in/budget2018-2019/ub2018-19/impbud/impbud.pdf,impbud.pdf,demands_for_grants
2018-2019,https://www.indiabudget.gov.in/budget2018-2019/budget.asp,https://www.indiabudget.gov.in/budget2018-2019/OutcomeBudgetE2018_2019.pdf,OutcomeBudgetE2018_2019.pdf,demands_for_grants
2017-2018,https://www.indiabudget.gov.in/budget2017-2018/budget.asp,https://www.indiabudget.gov.in/budget2017-2018/ub2017-18/keybud/keybud2017.pdf,keybud2017.pdf,demands_for_grants
2017-2018,https://www.indiabudget.gov.in/budget2017-2018/budget.asp,https://www.indiabudget.gov.in/budget2017-2018/ub2017-18/bh/bh1.pdf,bh1.pdf,demands_for_grants
2017-2018,https://www.indiabudget.gov.in/budget2017-2018/budget.asp,https://www.indiabudget.gov.in/budget2017-2018/ub2017-18/frbm/frbm1.pdf,frbm1.pdf,demands_for_grants
2017-2018,https://www.indiabudget.gov.in/budget2017-2018/budget.asp,https://www.indiabudget.gov.in/budget2017-2018/ub2017-18/frbm/frbm2.pdf,frbm2.pdf,demands_for_grants
2017-2018,https://www.indiabudget.gov.in/budget2017-2018/budget.asp,https://www.indiabudget.gov.in/budget2017-2018/ub2017-18/frbm/frbm3.pdf,frbm3.pdf,demands_for_grants
2017-2018,https://www.indiabudget.gov.in/budget2017-2018/budget.asp,https://www.indiabudget.gov.in/budget2017-2018/ub2017-18/impbud/impbud.pdf,impbud.pdf,demands_for_grants
2017-2018,https://www.indiabudget.gov.in/budget2017-2018/budget.asp,http://dea.gov.in/sites/default/files/OutcomeBudgetE2017_2018.pdf,OutcomeBudgetE2017_2018.pdf,demands_for_grants
2016-2017,https://www.indiabudget.gov.in/budget2016-2017/budget.asp,https://www.indiabudget.gov.in/budget2016-2017/ub2016-17/keybud/keybud2016.pdf,keybud2016.pdf,demands_for_grants
2016-2017,https://www.indiabudget.gov.in/budget2016-2017/budget.asp,https://www.indiabudget.gov.in/budget2016-2017/ub2016-17/bh/bh1.pdf,bh1.pdf,demands_for_grants
2016-2017,https://www.indiabudget.gov.in/budget2016-2017/budget.asp,https://www.indiabudget.gov.in/budget2016-2017/ub2016-17/frbm/frbm1.pdf,frbm1.pdf,demands_for_grants
2016-2017,https://www.indiabudget.gov.in/budget2016-2017/budget.asp,https://www.indiabudget.gov.in/budget2016-2017/ub2016-17/frbm/frbm2.pdf,frbm2.pdf,demands_for_grants
2016-2017,https://www.indiabudget.gov.in/budget2016-2017/budget.asp,https://www.indiabudget.gov.in/budget2016-2017/ub2016-17/frbm/frbm3.pdf,frbm3.pdf,demands_for_grants
2016-2017,https://www.indiabudget.gov.in/budget2016-2017/budget.asp,https://www.indiabudget.gov.in/budget2016-2017/ub2016-17/impbud/impbud.pdf,impbud.pdf,demands_for_grants
2015-2016,https://www.indiabudget.gov.in/budget2015-2016/budget.asp,https://www.indiabudget.gov.in/budget2015-2016/ub2015-16/keybud/keybud2015.pdf,keybud2015.pdf,demands_for_grants
2015-2016,https://www.indiabudget.gov.in/budget2015-2016/budget.asp,https://www.indiabudget.gov.in/budget2015-2016/ub2015-16/bh/bh1.pdf,bh1.pdf,demands_for_grants
2015-2016,https://www.indiabudget.gov.in/budget2015-2016/budget.asp,https://www.indiabudget.gov.in/budget2015-2016/ub2015-16/frbm/frbm1.pdf,frbm1.pdf,demands_for_grants
2015-2016,https://www.indiabudget.gov.in/budget2015-2016/budget.asp,https://www.indiabudget.gov.in/budget2015-2016/ub2015-16/frbm/frbm2.pdf,frbm2.pdf,demands_for_grants
2015-2016,https://www.indiabudget.gov.in/budget2015-2016/budget.asp,https://www.indiabudget.gov.in/budget2015-2016/ub2015-16/frbm/frbm3.pdf,frbm3.pdf,demands_for_grants
2015-2016,https://www.indiabudget.gov.in/budget2015-2016/budget.asp,https://www.indiabudget.gov.in/budget2015-2016/ub2015-16/statrevfor/annex12.pdf,annex12.pdf,demands_for_grants
2015-2016,https://www.indiabudget.gov.in/budget2015-2016/budget.asp,https://www.indiabudget.gov.in/budget2015-2016/ub2015-16/impbud/impbud.pdf,impbud.pdf,demands_for_grants
2014-2015,https://www.indiabudget.gov.in/budget2014-2015/budget.asp,https://www.indiabudget.gov.in/budget2014-2015/ub2014-15/keybud/keybud2014.pdf,keybud2014.pdf,demands_for_grants
2014-2015,https://www.indiabudget.gov.in/budget2014-2015/budget.asp,https://www.indiabudget.gov.in/budget2014-2015/ub2014-15/bh/bh1.pdf,bh1.pdf,demands_for_grants
2014-2015,https://www.indiabudget.gov.in/budget2014-2015/budget.asp,https://www.indiabudget.gov.in/budget2014-2015/ub2014-15/frbm/frbm1.pdf,frbm1.pdf,demands_for_grants
2014-2015,https://www.indiabudget.gov.in/budget2014-2015/budget.asp,https://www.indiabudget.gov.in/budget2014-2015/ub2014-15/frbm/frbm2.pdf,frbm2.pdf,demands_for_grants
2014-2015,https://www.indiabudget.gov.in/budget2014-2015/budget.asp,https://www.indiabudget.gov.in/budget2014-2015/ub2014-15/frbm/frbm3.pdf,frbm3.pdf,demands_for_grants
2014-2015,https://www.indiabudget.gov.in/budget2014-2015/budget.asp,https://www.indiabudget.gov.in/budget2014-2015/ub2014-15/statrevfor/annex12.pdf,annex12.pdf,demands_for_grants
2014-2015(I),https://www.indiabudget.gov.in/budget2014-2015(I)/budget.asp,https://www.indiabudget.gov.in/budget2014-2015(I)/ub2014-15/keybud/keybud2014.pdf,keybud2014.pdf,demands_for_grants
2014-2015(I),https://www.indiabudget.gov.in/budget2014-2015(I)/budget.asp,https://www.indiabudget.gov.in/budget2014-2015(I)/ub2014-15/bh/bh1.pdf,bh1.pdf,demands_for_grants
2014-2015(I),https://www.indiabudget.gov.in/budget2014-2015(I)/budget.asp,https://www.indiabudget.gov.in/budget2014-2015(I)/ub2014-15/frbm/frbm1.pdf,frbm1.pdf,demands_for_grants
2014-2015(I),https://www.indiabudget.gov.in/budget2014-2015(I)/budget.asp,https://www.indiabudget.gov.in/budget2014-2015(I)/ub2014-15/frbm/frbm2.pdf,frbm2.pdf,demands_for_grants
2014-2015(I),https://www.indiabudget.gov.in/budget2014-2015(I)/budget.asp,https://www.indiabudget.gov.in/budget2014-2015(I)/ub2014-15/frbm/frbm3.pdf,frbm3.pdf,demands_for_grants
2014-2015(I),https://www.indiabudget.gov.in/budget2014-2015(I)/budget.asp,https://www.indiabudget.gov.in/budget2014-2015(I)/ub2014-15/impbud/impbud.pdf,impbud.pdf,demands_for_grants
2013-2014,https://www.indiabudget.gov.in/budget2013-2014/budget.asp,https://www.indiabudget.gov.in/budget2013-2014/ub2013-14/keybud/keybud2013.pdf,keybud2013.pdf,demands_for_grants
2013-2014,https://www.indiabudget.gov.in/budget2013-2014/budget.asp,https://www.indiabudget.gov.in/budget2013-2014/ub2013-14/bh/bh1.pdf,bh1.pdf,demands_for_grants
2013-2014,https://www.indiabudget.gov.in/budget2013-2014/budget.asp,https://www.indiabudget.gov.in/budget2013-2014/ub2013-14/frbm/frbm1.pdf,frbm1.pdf,demands_for_grants
2013-2014,https://www.indiabudget.gov.in/budget2013-2014/budget.asp,https://www.indiabudget.gov.in/budget2013-2014/ub2013-14/frbm/frbm2.pdf,frbm2.pdf,demands_for_grants
2013-2014,https://www.indiabudget.gov.in/budget2013-2014/budget.asp,https://www.indiabudget.gov.in/budget2013-2014/ub2013-14/frbm/frbm3.pdf,frbm3.pdf,demands_for_grants
2013-2014,https://www.indiabudget.gov.in/budget2013-2014/budget.asp,https://www.indiabudget.gov.in/budget2013-2014/ub2013-14/statrevfor/annex12.pdf,annex12.pdf,demands_for_grants
2013-2014,https://www.indiabudget.gov.in/budget2013-2014/budget.asp,https://www.indiabudget.gov.in/budget2013-2014/ub2013-14/impbud/impbud.pdf,impbud.pdf,demands_for_grants
2012-2013,https://www.indiabudget.gov.in/budget2012-2013/budget.asp,https://www.indiabudget.gov.in/budget2012-2013/ub2012-13/keybud/keybud2012.pdf,keybud2012.pdf,demands_for_grants
2012-2013,https://www.indiabudget.gov.in/budget2012-2013/budget.asp,https://www.indiabudget.gov.in/budget2012-2013/ub2012-13/bh/bh1.pdf,bh1.pdf,demands_for_grants
2012-2013,https://www.indiabudget.gov.in/budget2012-2013/budget.asp,https://www.indiabudget.gov.in/budget2012-2013/ub2012-13/frbm/frbm1.pdf,frbm1.pdf,demands_for_grants
2012-2013,https://www.indiabudget.gov.in/budget2012-2013/budget.asp,https://www.indiabudget.gov.in/budget2012-2013/ub2012-13/frbm/frbm2.pdf,frbm2.pdf,demands_for_grants
2012-2013,https://www.indiabudget.gov.in/budget2012-2013/budget.asp,https://www.indiabudget.gov.in/budget2012-2013/ub2012-13/frbm/frbm3.pdf,frbm3.pdf,demands_for_grants
2012-2013,https://www.indiabudget.gov.in/budget2012-2013/budget.asp,https://www.indiabudget.gov.in/budget2012-2013/ub2012-13/statrevfor/annex12.pdf,annex12.pdf,demands_for_grants
2012-2013,https://www.indiabudget.gov.in/budget2012-2013/budget.asp,https://www.indiabudget.gov.in/budget2012-2013/ub2012-13/impbud/impbud.pdf,impbud.pdf,demands_for_grants
2011-2012,https://www.indiabudget.gov.in/budget2011-2012/budget.asp,https://www.indiabudget.gov.in/budget2011-2012/ub2011-12/keybud/keybud2011.pdf,keybud2011.pdf,demands_for_grants
2011-2012,https://www.indiabudget.gov.in/budget2011-2012/budget.asp,https://www.indiabudget.gov.in/budget2011-2012/ub2011-12/bh/bh1.pdf,bh1.pdf,demands_for_grants
2011-2012,https://www.indiabudget.gov.in/budget2011-2012/budget.asp,https://www.indiabudget.gov.in/budget2011-2012/ub2011-12/frbm/frbm1.pdf,frbm1.pdf,demands_for_grants
2011-2012,https://www.indiabudget.gov.in/budget2011-2012/budget.asp,https://www.indiabudget.gov.in/budget2011-2012/ub2011-12/frbm/frbm2.pdf,frbm2.pdf,demands_for_grants
2011-2012,https://www.indiabudget.gov.in/budget2011-2012/budget.asp,https://www.indiabudget.gov.in/budget2011-2012/ub2011-12/frbm/frbm3.pdf,frbm3.pdf,demands_for_grants
2011-2012,https://www.indiabudget.gov.in/budget2011-2012/budget.asp,https://www.indiabudget.gov.in/budget2011-2012/ub2011-12/statrevfor/annex12.pdf,annex12.pdf,demands_for_grants
2011-2012,https://www.indiabudget.gov.in/budget2011-2012/budget.asp,https://www.indiabudget.gov.in/budget2011-2012/ub2011-12/impbud/impbud.pdf,impbud.pdf,demands_for_grants
2006-2007,https://www.indiabudget.gov.in/budget_archive/ub2006-07/ubmain.htm,https://www.indiabudget.gov.in/budget_archive/ub2006-07/frbm/frbm1.pdf,frbm1.pdf,demands_for_grants
2006-2007,https://www.indiabudget.gov.in/budget_archive/ub2006-07/ubmain.htm,https://www.indiabudget.gov.in/budget_archive/ub2006-07/frbm/frbm2.pdf,frbm2.pdf,demands_for_grants
2006-2007,https://www.indiabudget.gov.in/budget_archive/ub2006-07/ubmain.htm,https://www.indiabudget.gov.in/budget_archive/ub2006-07/frbm/frbm3.pdf,frbm3.pdf,demands_for_grants
1947-1995 (Budget Documents since 1947 to 1995),https://dea.gov.in/budget-division/469,https://www.indiabudget.gov.in/files/budget_division_documents/BUDGET-1947-48.pdf,BUDGET-1947-48.pdf,full_budget_document
1947-1995 (Budget Documents since 1947 to 1995),https://dea.gov.in/budget-division/469,https://www.indiabudget.gov.in/files/budget_division_documents/BUDGET-1948-49.pdf,BUDGET-1948-49.pdf,full_budget_document
1947-1995 (Budget Documents since 1947 to 1995),https://dea.gov.in/budget-division/469,https://www.indiabudget.gov.in/files/budget_division_documents/BUDGET-1949-50.pdf,BUDGET-1949-50.pdf,full_budget_document
1947-1995 (Budget Documents since 1947 to 1995),https://dea.gov.in/budget-division/469,https://www.indiabudget.gov.in/files/budget_division_documents/BUDGET_1950-51.pdf,BUDGET_1950-51.pdf,full_budget_document
1947-1995 (Budget Documents since 1947 to 1995),https://dea.gov.in/budget-division/469,https://www.indiabudget.gov.in/files/budget_division_documents/BUDGETPAPERS-1952-53.pdf,BUDGETPAPERS-1952-53.pdf,full_budget_document
1947-1995 (Budget Documents since 1947 to 1995),https://dea.gov.in/budget-division/469,https://www.indiabudget.gov.in/files/budget_division_documents/BUDGET-195354.pdf,BUDGET-195354.pdf,full_budget_document
1947-1995 (Budget Documents since 1947 to 1995),https://dea.gov.in/budget-division/469,https://www.indiabudget.gov.in/files/budget_division_documents/BUDGET1954-55.pdf,BUDGET1954-55.pdf,demands_for_grants
1947-1995 (Budget Documents since 1947 to 1995),https://dea.gov.in/budget-division/469,https://www.indiabudget.gov.in/files/budget_division_documents/BUDGET1955-56.pdf,BUDGET1955-56.pdf,demands_for_grants
1947-1995 (Budget Documents since 1947 to 1995),https://dea.gov.in/budget-division/469,https://www.indiabudget.gov.in/files/budget_division_documents/BUDGET1956-57.pdf,BUDGET1956-57.pdf,demands_for_grants
1947-1995 (Budget Documents since 1947 to 1995),https://dea.gov.in/budget-division/469,https://www.indiabudget.gov.in/files/budget_division_documents/BUDGET1957-58.pdf,BUDGET1957-58.pdf,demands_for_grants
