doc_type,year,filename,url
economic_survey,2024-2025,Infographics English.pdf,https://www.indiabudget.gov.in/budget2025-26/economicsurvey/doc/Infographics English.pdf
economic_survey,2024-2025,epreface.pdf,https://www.indiabudget.gov.in/budget2025-26/economicsurvey/doc/eschapter/epreface.pdf
economic_survey,2024-2025,tab1.1.pdf,https://www.indiabudget.gov.in/budget2025-26/economicsurvey/doc/stat/tab1.1.pdf
economic_survey,2024-2025,tab1.2.pdf,https://www.indiabudget.gov.in/budget2025-26/economicsurvey/doc/stat/tab1.2.pdf
economic_survey,2024-2025,tab1.3.pdf,https://www.indiabudget.gov.in/budget2025-26/economicsurvey/doc/stat/tab1.3.pdf
economic_survey,2024-2025,tab1.4.pdf,https://www.indiabudget.gov.in/budget2025-26/economicsurvey/doc/stat/tab1.4.pdf
economic_survey,2024-2025,tab1.5.pdf,https://www.indiabudget.gov.in/budget2025-26/economicsurvey/doc/stat/tab1.5.pdf
economic_survey,2024-2025,tab1.6.pdf,https://www.indiabudget.gov.in/budget2025-26/economicsurvey/doc/stat/tab1.6.pdf
economic_survey,2024-2025,tab1.7.pdf,https://www.indiabudget.gov.in/budget2025-26/economicsurvey/doc/stat/tab1.7.pdf
economic_survey,2024-2025,tab1.8.pdf,https://www.indiabudget.gov.in/budget2025-26/economicsurvey/doc/stat/tab1.8.pdf
economic_survey,2024-2025,tab1.9.pdf,https://www.indiabudget.gov.in/budget2025-26/economicsurvey/doc/stat/tab1.9.pdf
economic_survey,2024-2025,tab1.10a.pdf,https://www.indiabudget.gov.in/budget2025-26/economicsurvey/doc/stat/tab1.10a.pdf
economic_survey,2024-2025,tab1.10b.pdf,https://www.indiabudget.gov.in/budget2025-26/economicsurvey/doc/stat/tab1.10b.pdf
economic_survey,2024-2025,tab1.11a.pdf,https://www.indiabudget.gov.in/budget2025-26/economicsurvey/doc/stat/tab1.11a.pdf
economic_survey,2024-2025,tab1.11b.pdf,https://www.indiabudget.gov.in/budget2025-26/economicsurvey/doc/stat/tab1.11b.pdf
economic_survey,2024-2025,tab1.12.pdf,https://www.indiabudget.gov.in/budget2025-26/economicsurvey/doc/stat/tab1.12.pdf
economic_survey,2024-2025,tab1.13.pdf,https://www.indiabudget.gov.in/budget2025-26/economicsurvey/doc/stat/tab1.13.pdf
economic_survey,2024-2025,tab1.14.pdf,https://www.indiabudget.gov.in/budget2025-26/economicsurvey/doc/stat/tab1.14.pdf
economic_survey,2024-2025,tab1.15.pdf,https://www.indiabudget.gov.in/budget2025-26/economicsurvey/doc/stat/tab1.15.pdf
economic_survey,2024-2025,tab1.16.pdf,https://www.indiabudget.gov.in/budget2025-26/economicsurvey/doc/stat/tab1.16.pdf
economic_survey,2024-2025,tab1.17.pdf,https://www.indiabudget.gov.in/budget2025-26/economicsurvey/doc/stat/tab1.17.pdf
economic_survey,2024-2025,tab1.18.pdf,https://www.indiabudget.gov.in/budget2025-26/economicsurvey/doc/stat/tab1.18.pdf
economic_survey,2024-2025,tab1.19.pdf,https://www.indiabudget.gov.in/budget2025-26/economicsurvey/doc/stat/tab1.19.pdf
economic_survey,2024-2025,tab1.20.pdf,https://www.indiabudget.gov.in/budget2025-26/economicsurvey/doc/stat/tab1.20.pdf
economic_survey,2024-2025,tab1.21.pdf,https://www.indiabudget.gov.in/budget2025-26/economicsurvey/doc/stat/tab1.21.pdf
economic_survey,2024-2025,tab1.22.pdf,https://www.indiabudget.gov.in/budget2025-26/economicsurvey/doc/stat/tab1.22.pdf
economic_survey,2024-2025,tab1.23.pdf,https://www.indiabudget.gov.in/budget2025-26/economicsurvey/doc/stat/tab1.23.pdf
economic_survey,2024-2025,tab1.24.pdf,https://www.indiabudget.gov.in/budget2025-26/economicsurvey/doc/stat/tab1.24.pdf
economic_survey,2024-2025,tab1.25a.pdf,https://www.indiabudget.gov.in/budget2025-26/economicsurvey/doc/stat/tab1.25a.pdf
economic_survey,2024-2025,tab1.25b.pdf,https://www.indiabudget.gov.in/budget2025-26/economicsurvey/doc/stat/tab1.25b.pdf
economic_survey,2024-2025,tab1.26.pdf,https://www.indiabudget.gov.in/budget2025-26/economicsurvey/doc/stat/tab1.26.pdf
economic_survey,2024-2025,tab1.27a.pdf,https://www.indiabudget.gov.in/budget2025-26/economicsurvey/doc/stat/tab1.27a.pdf
economic_survey,2024-2025,tab1.27b.pdf,https://www.indiabudget.gov.in/budget2025-26/economicsurvey/doc/stat/tab1.27b.pdf
economic_survey,2024-2025,tab1.28.pdf,https://www.indiabudget.gov.in/budget2025-26/economicsurvey/doc/stat/tab1.28.pdf
economic_survey,2024-2025,tab1.29.pdf,https://www.indiabudget.gov.in/budget2025-26/economicsurvey/doc/stat/tab1.29.pdf
economic_survey,2024-2025,tab1.30.pdf,https://www.indiabudget.gov.in/budget2025-26/economicsurvey/doc/stat/tab1.30.pdf
economic_survey,2024-2025,tab1.31.pdf,https://www.indiabudget.gov.in/budget2025-26/economicsurvey/doc/stat/tab1.31.pdf
economic_survey,2024-2025,tab1.32.pdf,https://www.indiabudget.gov.in/budget2025-26/economicsurvey/doc/stat/tab1.32.pdf
economic_survey,2024-2025,tab2.1.pdf,https://www.indiabudget.gov.in/budget2025-26/economicsurvey/doc/stat/tab2.1.pdf
economic_survey,2024-2025,tab2.2.pdf,https://www.indiabudget.gov.in/budget2025-26/economicsurvey/doc/stat/tab2.2.pdf
economic_survey,2024-2025,tab2.3.pdf,https://www.indiabudget.gov.in/budget2025-26/economicsurvey/doc/stat/tab2.3.pdf
economic_survey,2024-2025,tab2.4.pdf,https://www.indiabudget.gov.in/budget2025-26/economicsurvey/doc/stat/tab2.4.pdf
economic_survey,2024-2025,tab2.5.pdf,https://www.indiabudget.gov.in/budget2025-26/economicsurvey/doc/stat/tab2.5.pdf
economic_survey,2024-2025,tab2.6.pdf,https://www.indiabudget.gov.in/budget2025-26/economicsurvey/doc/stat/tab2.6.pdf
economic_survey,2024-2025,tab2.7.pdf,https://www.indiabudget.gov.in/budget2025-26/economicsurvey/doc/stat/tab2.7.pdf
economic_survey,2024-2025,tab2.8.pdf,https://www.indiabudget.gov.in/budget2025-26/economicsurvey/doc/stat/tab2.8.pdf
economic_survey,2024-2025,tab2.9.pdf,https://www.indiabudget.gov.in/budget2025-26/economicsurvey/doc/stat/tab2.9.pdf
economic_survey,2024-2025,tab3.1.pdf,https://www.indiabudget.gov.in/budget2025-26/economicsurvey/doc/stat/tab3.1.pdf
economic_survey,2024-2025,tab3.2.pdf,https://www.indiabudget.gov.in/budget2025-26/economicsurvey/doc/stat/tab3.2.pdf
economic_survey,2024-2025,tab3.3.pdf,https://www.indiabudget.gov.in/budget2025-26/economicsurvey/doc/stat/tab3.3.pdf
economic_survey,2024-2025,tab3.4.pdf,https://www.indiabudget.gov.in/budget2025-26/economicsurvey/doc/stat/tab3.4.pdf
economic_survey,2024-2025,tab3.5.pdf,https://www.indiabudget.gov.in/budget2025-26/economicsurvey/doc/stat/tab3.5.pdf
economic_survey,2024-2025,tab3.6.pdf,https://www.indiabudget.gov.in/budget2025-26/economicsurvey/doc/stat/tab3.6.pdf
economic_survey,2024-2025,tab3.7.pdf,https://www.indiabudget.gov.in/budget2025-26/economicsurvey/doc/stat/tab3.7.pdf
economic_survey,2024-2025,tab3.8.pdf,https://www.indiabudget.gov.in/budget2025-26/economicsurvey/doc/stat/tab3.8.pdf
economic_survey,2024-2025,tab3.9.pdf,https://www.indiabudget.gov.in/budget2025-26/economicsurvey/doc/stat/tab3.9.pdf
economic_survey,2024-2025,tab4.1.pdf,https://www.indiabudget.gov.in/budget2025-26/economicsurvey/doc/stat/tab4.1.pdf
economic_survey,2024-2025,tab4.2.pdf,https://www.indiabudget.gov.in/budget2025-26/economicsurvey/doc/stat/tab4.2.pdf
economic_survey,2024-2025,tab4.3.pdf,https://www.indiabudget.gov.in/budget2025-26/economicsurvey/doc/stat/tab4.3.pdf
economic_survey,2024-2025,tab4.4.pdf,https://www.indiabudget.gov.in/budget2025-26/economicsurvey/doc/stat/tab4.4.pdf
economic_survey,2024-2025,tab4.5.pdf,https://www.indiabudget.gov.in/budget2025-26/economicsurvey/doc/stat/tab4.5.pdf
economic_survey,2024-2025,tab5.1a.pdf,https://www.indiabudget.gov.in/budget2025-26/economicsurvey/doc/stat/tab5.1a.pdf
economic_survey,2024-2025,tab5.1b.pdf,https://www.indiabudget.gov.in/budget2025-26/economicsurvey/doc/stat/tab5.1b.pdf
economic_survey,2024-2025,tab5.2.pdf,https://www.indiabudget.gov.in/budget2025-26/economicsurvey/doc/stat/tab5.2.pdf
economic_survey,2024-2025,tab5.3a.pdf,https://www.indiabudget.gov.in/budget2025-26/economicsurvey/doc/stat/tab5.3a.pdf
economic_survey,2024-2025,tab5.3b.pdf,https://www.indiabudget.gov.in/budget2025-26/economicsurvey/doc/stat/tab5.3b.pdf
economic_survey,2024-2025,tab5.4.pdf,https://www.indiabudget.gov.in/budget2025-26/economicsurvey/doc/stat/tab5.4.pdf
economic_survey,2024-2025,tab5.5.pdf,https://www.indiabudget.gov.in/budget2025-26/economicsurvey/doc/stat/tab5.5.pdf
economic_survey,2024-2025,tab6.1a.pdf,https://www.indiabudget.gov.in/budget2025-26/economicsurvey/doc/stat/tab6.1a.pdf
economic_survey,2024-2025,tab6.1b.pdf,https://www.indiabudget.gov.in/budget2025-26/economicsurvey/doc/stat/tab6.1b.pdf
economic_survey,2024-2025,tab6.2a.pdf,https://www.indiabudget.gov.in/budget2025-26/economicsurvey/doc/stat/tab6.2a.pdf
economic_survey,2024-2025,tab6.2b.pdf,https://www.indiabudget.gov.in/budget2025-26/economicsurvey/doc/stat/tab6.2b.pdf
economic_survey,2024-2025,tab6.3a.pdf,https://www.indiabudget.gov.in/budget2025-26/economicsurvey/doc/stat/tab6.3a.pdf
economic_survey,2024-2025,tab1.pdf,https://www.indiabudget.gov.in/budget2025-26/economicsurvey/doc/stat/tab1.pdf
economic_survey,2024-2025,tab6.4a.pdf,https://www.indiabudget.gov.in/budget2025-26/economicsurvey/doc/stat/tab6.4a.pdf
economic_survey,2024-2025,tab6.4b.pdf,https://www.indiabudget.gov.in/budget2025-26/economicsurvey/doc/stat/tab6.4b.pdf
economic_survey,2024-2025,tab6.5.pdf,https://www.indiabudget.gov.in/budget2025-26/economicsurvey/doc/stat/tab6.5.pdf
economic_survey,2024-2025,tab6.6.pdf,https://www.indiabudget.gov.in/budget2025-26/economicsurvey/doc/stat/tab6.6.pdf
economic_survey,2024-2025,tab7.1a.pdf,https://www.indiabudget.gov.in/budget2025-26/economicsurvey/doc/stat/tab7.1a.pdf
economic_survey,2024-2025,tab7.1b.pdf,https://www.indiabudget.gov.in/budget2025-26/economicsurvey/doc/stat/tab7.1b.pdf
economic_survey,2024-2025,tab7.2a.pdf,https://www.indiabudget.gov.in/budget2025-26/economicsurvey/doc/stat/tab7.2a.pdf
economic_survey,2024-2025,tab7.2b.pdf,https://www.indiabudget.gov.in/budget2025-26/economicsurvey/doc/stat/tab7.2b.pdf
economic_survey,2024-2025,tab7.3a.pdf,https://www.indiabudget.gov.in/budget2025-26/economicsurvey/doc/stat/tab7.3a.pdf
economic_survey,2024-2025,tab7.3b.pdf,https://www.indiabudget.gov.in/budget2025-26/economicsurvey/doc/stat/tab7.3b.pdf
economic_survey,2024-2025,tab7.4.pdf,https://www.indiabudget.gov.in/budget2025-26/economicsurvey/doc/stat/tab7.4.pdf
economic_survey,2024-2025,tab8.1.pdf,https://www.indiabudget.gov.in/budget2025-26/economicsurvey/doc/stat/tab8.1.pdf
economic_survey,2024-2025,tab8.2.pdf,https://www.indiabudget.gov.in/budget2025-26/economicsurvey/doc/stat/tab8.2.pdf
economic_survey,2024-2025,tab8.3.pdf,https://www.indiabudget.gov.in/budget2025-26/economicsurvey/doc/stat/tab8.3.pdf
economic_survey,2024-2025,tab8.4.pdf,https://www.indiabudget.gov.in/budget2025-26/economicsurvey/doc/stat/tab8.4.pdf
economic_survey,2024-2025,tab8.5.pdf,https://www.indiabudget.gov.in/budget2025-26/economicsurvey/doc/stat/tab8.5.pdf
economic_survey,2024-2025,tab8.6.pdf,https://www.indiabudget.gov.in/budget2025-26/economicsurvey/doc/stat/tab8.6.pdf
economic_survey,2024-2025,tab8.7.pdf,https://www.indiabudget.gov.in/budget2025-26/economicsurvey/doc/stat/tab8.7.pdf
economic_survey,2024-2025,tab8.8.pdf,https://www.indiabudget.gov.in/budget2025-26/economicsurvey/doc/stat/tab8.8.pdf
economic_survey,2024-2025,tab8.9a.pdf,https://www.indiabudget.gov.in/budget2025-26/economicsurvey/doc/stat/tab8.9a.pdf
economic_survey,2024-2025,tab8.9b.pdf,https://www.indiabudget.gov.in/budget2025-26/economicsurvey/doc/stat/tab8.9b.pdf
economic_survey,2024-2025,tab8.10.pdf,https://www.indiabudget.gov.in/budget2025-26/economicsurvey/doc/stat/tab8.10.pdf
economic_survey,2024-2025,tab8.11.pdf,https://www.indiabudget.gov.in/budget2025-26/economicsurvey/doc/stat/tab8.11.pdf
economic_survey,2024-2025,tab8.12.pdf,https://www.indiabudget.gov.in/budget2025-26/economicsurvey/doc/stat/tab8.12.pdf
economic_survey,2024-2025,tab8.13.pdf,https://www.indiabudget.gov.in/budget2025-26/economicsurvey/doc/stat/tab8.13.pdf
economic_survey,2024-2025,tab8.14.pdf,https://www.indiabudget.gov.in/budget2025-26/economicsurvey/doc/stat/tab8.14.pdf
economic_survey,2024-2025,tab8.15.pdf,https://www.indiabudget.gov.in/budget2025-26/economicsurvey/doc/stat/tab8.15.pdf
economic_survey,2024-2025,tab8.16.pdf,https://www.indiabudget.gov.in/budget2025-26/economicsurvey/doc/stat/tab8.16.pdf
economic_survey,2024-2025,tab8.17.pdf,https://www.indiabudget.gov.in/budget2025-26/economicsurvey/doc/stat/tab8.17.pdf
economic_survey,2024-2025,tab8.18.pdf,https://www.indiabudget.gov.in/budget2025-26/economicsurvey/doc/stat/tab8.18.pdf
economic_survey,2024-2025,tab9.1.pdf,https://www.indiabudget.gov.in/budget2025-26/economicsurvey/doc/stat/tab9.1.pdf
economic_survey,2024-2025,tab9.2.pdf,https://www.indiabudget.gov.in/budget2025-26/economicsurvey/doc/stat/tab9.2.pdf
economic_survey,2024-2025,tab9.3.pdf,https://www.indiabudget.gov.in/budget2025-26/economicsurvey/doc/stat/tab9.3.pdf
economic_survey,2024-2025,tab9.4.pdf,https://www.indiabudget.gov.in/budget2025-26/economicsurvey/doc/stat/tab9.4.pdf
economic_survey,2024-2025,tab9.5.pdf,https://www.indiabudget.gov.in/budget2025-26/economicsurvey/doc/stat/tab9.5.pdf
economic_survey,2024-2025,hepreface.pdf,https://www.indiabudget.gov.in/budget2025-26/economicsurvey/doc/eschapter/hepreface.pdf
economic_survey,2023-2024,Infographics English.pdf,https://www.indiabudget.gov.in/budget2024-25/economicsurvey/doc/Infographics English.pdf
economic_survey,2023-2024,epreface.pdf,https://www.indiabudget.gov.in/budget2024-25/economicsurvey/doc/eschapter/epreface.pdf
economic_survey,2023-2024,tab11.pdf,https://www.indiabudget.gov.in/budget2024-25/economicsurvey/doc/stat/tab11.pdf
economic_survey,2023-2024,tab12.pdf,https://www.indiabudget.gov.in/budget2024-25/economicsurvey/doc/stat/tab12.pdf
economic_survey,2023-2024,tab13.pdf,https://www.indiabudget.gov.in/budget2024-25/economicsurvey/doc/stat/tab13.pdf
economic_survey,2023-2024,tab14.pdf,https://www.indiabudget.gov.in/budget2024-25/economicsurvey/doc/stat/tab14.pdf
economic_survey,2023-2024,tab15.pdf,https://www.indiabudget.gov.in/budget2024-25/economicsurvey/doc/stat/tab15.pdf
economic_survey,2023-2024,tab16.pdf,https://www.indiabudget.gov.in/budget2024-25/economicsurvey/doc/stat/tab16.pdf
economic_survey,2023-2024,tab17.pdf,https://www.indiabudget.gov.in/budget2024-25/economicsurvey/doc/stat/tab17.pdf
economic_survey,2023-2024,tab18.pdf,https://www.indiabudget.gov.in/budget2024-25/economicsurvey/doc/stat/tab18.pdf
economic_survey,2023-2024,tab19.pdf,https://www.indiabudget.gov.in/budget2024-25/economicsurvey/doc/stat/tab19.pdf
economic_survey,2023-2024,tab110a.pdf,https://www.indiabudget.gov.in/budget2024-25/economicsurvey/doc/stat/tab110a.pdf
economic_survey,2023-2024,tab110b.pdf,https://www.indiabudget.gov.in/budget2024-25/economicsurvey/doc/stat/tab110b.pdf
economic_survey,2023-2024,tab111a.pdf,https://www.indiabudget.gov.in/budget2024-25/economicsurvey/doc/stat/tab111a.pdf
economic_survey,2023-2024,tab111b.pdf,https://www.indiabudget.gov.in/budget2024-25/economicsurvey/doc/stat/tab111b.pdf
economic_survey,2023-2024,tab112.pdf,https://www.indiabudget.gov.in/budget2024-25/economicsurvey/doc/stat/tab112.pdf
economic_survey,2023-2024,tab113.pdf,https://www.indiabudget.gov.in/budget2024-25/economicsurvey/doc/stat/tab113.pdf
economic_survey,2023-2024,tab114.pdf,https://www.indiabudget.gov.in/budget2024-25/economicsurvey/doc/stat/tab114.pdf
economic_survey,2023-2024,tab115.pdf,https://www.indiabudget.gov.in/budget2024-25/economicsurvey/doc/stat/tab115.pdf
economic_survey,2023-2024,tab116.pdf,https://www.indiabudget.gov.in/budget2024-25/economicsurvey/doc/stat/tab116.pdf
economic_survey,2023-2024,tab117.pdf,https://www.indiabudget.gov.in/budget2024-25/economicsurvey/doc/stat/tab117.pdf
economic_survey,2023-2024,tab118.pdf,https://www.indiabudget.gov.in/budget2024-25/economicsurvey/doc/stat/tab118.pdf
economic_survey,2023-2024,tab119.pdf,https://www.indiabudget.gov.in/budget2024-25/economicsurvey/doc/stat/tab119.pdf
economic_survey,2023-2024,tab120.pdf,https://www.indiabudget.gov.in/budget2024-25/economicsurvey/doc/stat/tab120.pdf
economic_survey,2023-2024,tab121.pdf,https://www.indiabudget.gov.in/budget2024-25/economicsurvey/doc/stat/tab121.pdf
economic_survey,2023-2024,tab122.pdf,https://www.indiabudget.gov.in/budget2024-25/economicsurvey/doc/stat/tab122.pdf
economic_survey,2023-2024,tab123.pdf,https://www.indiabudget.gov.in/budget2024-25/economicsurvey/doc/stat/tab123.pdf
economic_survey,2023-2024,tab124.pdf,https://www.indiabudget.gov.in/budget2024-25/economicsurvey/doc/stat/tab124.pdf
economic_survey,2023-2024,tab125a.pdf,https://www.indiabudget.gov.in/budget2024-25/economicsurvey/doc/stat/tab125a.pdf
economic_survey,2023-2024,tab125b.pdf,https://www.indiabudget.gov.in/budget2024-25/economicsurvey/doc/stat/tab125b.pdf
economic_survey,2023-2024,tab126.pdf,https://www.indiabudget.gov.in/budget2024-25/economicsurvey/doc/stat/tab126.pdf
economic_survey,2023-2024,tab127a.pdf,https://www.indiabudget.gov.in/budget2024-25/economicsurvey/doc/stat/tab127a.pdf
economic_survey,2023-2024,tab127b.pdf,https://www.indiabudget.gov.in/budget2024-25/economicsurvey/doc/stat/tab127b.pdf
economic_survey,2023-2024,tab128.pdf,https://www.indiabudget.gov.in/budget2024-25/economicsurvey/doc/stat/tab128.pdf
economic_survey,2023-2024,tab129.pdf,https://www.indiabudget.gov.in/budget2024-25/economicsurvey/doc/stat/tab129.pdf
economic_survey,2023-2024,tab130.pdf,https://www.indiabudget.gov.in/budget2024-25/economicsurvey/doc/stat/tab130.pdf
economic_survey,2023-2024,tab131.pdf,https://www.indiabudget.gov.in/budget2024-25/economicsurvey/doc/stat/tab131.pdf
economic_survey,2023-2024,tab132.pdf,https://www.indiabudget.gov.in/budget2024-25/economicsurvey/doc/stat/tab132.pdf
economic_survey,2023-2024,tab21.pdf,https://www.indiabudget.gov.in/budget2024-25/economicsurvey/doc/stat/tab21.pdf
economic_survey,2023-2024,tab22.pdf,https://www.indiabudget.gov.in/budget2024-25/economicsurvey/doc/stat/tab22.pdf
economic_survey,2023-2024,tab23.pdf,https://www.indiabudget.gov.in/budget2024-25/economicsurvey/doc/stat/tab23.pdf
economic_survey,2023-2024,tab24.pdf,https://www.indiabudget.gov.in/budget2024-25/economicsurvey/doc/stat/tab24.pdf
economic_survey,2023-2024,tab25.pdf,https://www.indiabudget.gov.in/budget2024-25/economicsurvey/doc/stat/tab25.pdf
economic_survey,2023-2024,tab26.pdf,https://www.indiabudget.gov.in/budget2024-25/economicsurvey/doc/stat/tab26.pdf
economic_survey,2023-2024,tab27.pdf,https://www.indiabudget.gov.in/budget2024-25/economicsurvey/doc/stat/tab27.pdf
economic_survey,2023-2024,tab28.pdf,https://www.indiabudget.gov.in/budget2024-25/economicsurvey/doc/stat/tab28.pdf
economic_survey,2023-2024,tab29.pdf,https://www.indiabudget.gov.in/budget2024-25/economicsurvey/doc/stat/tab29.pdf
economic_survey,2023-2024,tab31.pdf,https://www.indiabudget.gov.in/budget2024-25/economicsurvey/doc/stat/tab31.pdf
economic_survey,2023-2024,tab32.pdf,https://www.indiabudget.gov.in/budget2024-25/economicsurvey/doc/stat/tab32.pdf
economic_survey,2023-2024,tab33.pdf,https://www.indiabudget.gov.in/budget2024-25/economicsurvey/doc/stat/tab33.pdf
economic_survey,2023-2024,tab34.pdf,https://www.indiabudget.gov.in/budget2024-25/economicsurvey/doc/stat/tab34.pdf
economic_survey,2023-2024,tab35.pdf,https://www.indiabudget.gov.in/budget2024-25/economicsurvey/doc/stat/tab35.pdf
economic_survey,2023-2024,tab36.pdf,https://www.indiabudget.gov.in/budget2024-25/economicsurvey/doc/stat/tab36.pdf
economic_survey,2023-2024,tab37.pdf,https://www.indiabudget.gov.in/budget2024-25/economicsurvey/doc/stat/tab37.pdf
economic_survey,2023-2024,tab38.pdf,https://www.indiabudget.gov.in/budget2024-25/economicsurvey/doc/stat/tab38.pdf
economic_survey,2023-2024,tab39.pdf,https://www.indiabudget.gov.in/budget2024-25/economicsurvey/doc/stat/tab39.pdf
economic_survey,2023-2024,tab41.pdf,https://www.indiabudget.gov.in/budget2024-25/economicsurvey/doc/stat/tab41.pdf
economic_survey,2023-2024,tab42.pdf,https://www.indiabudget.gov.in/budget2024-25/economicsurvey/doc/stat/tab42.pdf
economic_survey,2023-2024,tab43.pdf,https://www.indiabudget.gov.in/budget2024-25/economicsurvey/doc/stat/tab43.pdf
economic_survey,2023-2024,tab44.pdf,https://www.indiabudget.gov.in/budget2024-25/economicsurvey/doc/stat/tab44.pdf
economic_survey,2023-2024,tab45.pdf,https://www.indiabudget.gov.in/budget2024-25/economicsurvey/doc/stat/tab45.pdf
economic_survey,2023-2024,tab51a.pdf,https://www.indiabudget.gov.in/budget2024-25/economicsurvey/doc/stat/tab51a.pdf
economic_survey,2023-2024,tab51b.pdf,https://www.indiabudget.gov.in/budget2024-25/economicsurvey/doc/stat/tab51b.pdf
economic_survey,2023-2024,tab52.pdf,https://www.indiabudget.gov.in/budget2024-25/economicsurvey/doc/stat/tab52.pdf
economic_survey,2023-2024,tab53a.pdf,https://www.indiabudget.gov.in/budget2024-25/economicsurvey/doc/stat/tab53a.pdf
economic_survey,2023-2024,tab53b.pdf,https://www.indiabudget.gov.in/budget2024-25/economicsurvey/doc/stat/tab53b.pdf
economic_survey,2023-2024,tab54.pdf,https://www.indiabudget.gov.in/budget2024-25/economicsurvey/doc/stat/tab54.pdf
economic_survey,2023-2024,tab55.pdf,https://www.indiabudget.gov.in/budget2024-25/economicsurvey/doc/stat/tab55.pdf
economic_survey,2023-2024,tab61a.pdf,https://www.indiabudget.gov.in/budget2024-25/economicsurvey/doc/stat/tab61a.pdf
economic_survey,2023-2024,tab61b.pdf,https://www.indiabudget.gov.in/budget2024-25/economicsurvey/doc/stat/tab61b.pdf
economic_survey,2023-2024,tab62a.pdf,https://www.indiabudget.gov.in/budget2024-25/economicsurvey/doc/stat/tab62a.pdf
economic_survey,2023-2024,tab62b.pdf,https://www.indiabudget.gov.in/budget2024-25/economicsurvey/doc/stat/tab62b.pdf
economic_survey,2023-2024,tab63a.pdf,https://www.indiabudget.gov.in/budget2024-25/economicsurvey/doc/stat/tab63a.pdf
economic_survey,2023-2024,tab1.pdf,https://www.indiabudget.gov.in/budget2024-25/economicsurvey/doc/stat/tab1.pdf
economic_survey,2023-2024,tab64a.pdf,https://www.indiabudget.gov.in/budget2024-25/economicsurvey/doc/stat/tab64a.pdf
economic_survey,2023-2024,tab64b.pdf,https://www.indiabudget.gov.in/budget2024-25/economicsurvey/doc/stat/tab64b.pdf
economic_survey,2023-2024,tab65.pdf,https://www.indiabudget.gov.in/budget2024-25/economicsurvey/doc/stat/tab65.pdf
economic_survey,2023-2024,tab66.pdf,https://www.indiabudget.gov.in/budget2024-25/economicsurvey/doc/stat/tab66.pdf
economic_survey,2023-2024,tab71a.pdf,https://www.indiabudget.gov.in/budget2024-25/economicsurvey/doc/stat/tab71a.pdf
economic_survey,2023-2024,tab71b.pdf,https://www.indiabudget.gov.in/budget2024-25/economicsurvey/doc/stat/tab71b.pdf
economic_survey,2023-2024,tab72a.pdf,https://www.indiabudget.gov.in/budget2024-25/economicsurvey/doc/stat/tab72a.pdf
economic_survey,2023-2024,tab72b.pdf,https://www.indiabudget.gov.in/budget2024-25/economicsurvey/doc/stat/tab72b.pdf
economic_survey,2023-2024,tab73a.pdf,https://www.indiabudget.gov.in/budget2024-25/economicsurvey/doc/stat/tab73a.pdf
economic_survey,2023-2024,tab73b.pdf,https://www.indiabudget.gov.in/budget2024-25/economicsurvey/doc/stat/tab73b.pdf
economic_survey,2023-2024,tab74.pdf,https://www.indiabudget.gov.in/budget2024-25/economicsurvey/doc/stat/tab74.pdf
economic_survey,2023-2024,tab81.pdf,https://www.indiabudget.gov.in/budget2024-25/economicsurvey/doc/stat/tab81.pdf
economic_survey,2023-2024,tab82.pdf,https://www.indiabudget.gov.in/budget2024-25/economicsurvey/doc/stat/tab82.pdf
economic_survey,2023-2024,tab83.pdf,https://www.indiabudget.gov.in/budget2024-25/economicsurvey/doc/stat/tab83.pdf
economic_survey,2023-2024,tab84.pdf,https://www.indiabudget.gov.in/budget2024-25/economicsurvey/doc/stat/tab84.pdf
economic_survey,2023-2024,tab85.pdf,https://www.indiabudget.gov.in/budget2024-25/economicsurvey/doc/stat/tab85.pdf
economic_survey,2023-2024,tab86.pdf,https://www.indiabudget.gov.in/budget2024-25/economicsurvey/doc/stat/tab86.pdf
economic_survey,2023-2024,tab87.pdf,https://www.indiabudget.gov.in/budget2024-25/economicsurvey/doc/stat/tab87.pdf
economic_survey,2023-2024,tab88.pdf,https://www.indiabudget.gov.in/budget2024-25/economicsurvey/doc/stat/tab88.pdf
economic_survey,2023-2024,tab89a.pdf,https://www.indiabudget.gov.in/budget2024-25/economicsurvey/doc/stat/tab89a.pdf
economic_survey,2023-2024,tab89b.pdf,https://www.indiabudget.gov.in/budget2024-25/economicsurvey/doc/stat/tab89b.pdf
economic_survey,2023-2024,tab810.pdf,https://www.indiabudget.gov.in/budget2024-25/economicsurvey/doc/stat/tab810.pdf
economic_survey,2023-2024,tab811.pdf,https://www.indiabudget.gov.in/budget2024-25/economicsurvey/doc/stat/tab811.pdf
economic_survey,2023-2024,tab812.pdf,https://www.indiabudget.gov.in/budget2024-25/economicsurvey/doc/stat/tab812.pdf
economic_survey,2023-2024,tab813.pdf,https://www.indiabudget.gov.in/budget2024-25/economicsurvey/doc/stat/tab813.pdf
economic_survey,2023-2024,tab814.pdf,https://www.indiabudget.gov.in/budget2024-25/economicsurvey/doc/stat/tab814.pdf
economic_survey,2023-2024,tab815.pdf,https://www.indiabudget.gov.in/budget2024-25/economicsurvey/doc/stat/tab815.pdf
economic_survey,2023-2024,tab816.pdf,https://www.indiabudget.gov.in/budget2024-25/economicsurvey/doc/stat/tab816.pdf
economic_survey,2023-2024,tab817.pdf,https://www.indiabudget.gov.in/budget2024-25/economicsurvey/doc/stat/tab817.pdf
economic_survey,2023-2024,tab818.pdf,https://www.indiabudget.gov.in/budget2024-25/economicsurvey/doc/stat/tab818.pdf
economic_survey,2023-2024,tab91.pdf,https://www.indiabudget.gov.in/budget2024-25/economicsurvey/doc/stat/tab91.pdf
economic_survey,2023-2024,tab92.pdf,https://www.indiabudget.gov.in/budget2024-25/economicsurvey/doc/stat/tab92.pdf
economic_survey,2023-2024,tab93.pdf,https://www.indiabudget.gov.in/budget2024-25/economicsurvey/doc/stat/tab93.pdf
economic_survey,2023-2024,tab94.pdf,https://www.indiabudget.gov.in/budget2024-25/economicsurvey/doc/stat/tab94.pdf
economic_survey,2023-2024,tab95.pdf,https://www.indiabudget.gov.in/budget2024-25/economicsurvey/doc/stat/tab95.pdf
economic_survey,2023-2024,hepreface.pdf,https://www.indiabudget.gov.in/budget2024-25/economicsurvey/doc/eschapter/hepreface.pdf
economic_survey,2022-2023,Infographics English.pdf,https://www.indiabudget.gov.in/budget2023-24/economicsurvey/doc/Infographics English.pdf
economic_survey,2022-2023,epreface.pdf,https://www.indiabudget.gov.in/budget2023-24/economicsurvey/doc/eschapter/epreface.pdf
economic_survey,2022-2023,tab11.pdf,https://www.indiabudget.gov.in/budget2023-24/economicsurvey/doc/stat/tab11.pdf
economic_survey,2022-2023,tab12.pdf,https://www.indiabudget.gov.in/budget2023-24/economicsurvey/doc/stat/tab12.pdf
economic_survey,2022-2023,tab13.pdf,https://www.indiabudget.gov.in/budget2023-24/economicsurvey/doc/stat/tab13.pdf
economic_survey,2022-2023,tab14.pdf,https://www.indiabudget.gov.in/budget2023-24/economicsurvey/doc/stat/tab14.pdf
economic_survey,2022-2023,tab15.pdf,https://www.indiabudget.gov.in/budget2023-24/economicsurvey/doc/stat/tab15.pdf
economic_survey,2022-2023,tab16.pdf,https://www.indiabudget.gov.in/budget2023-24/economicsurvey/doc/stat/tab16.pdf
economic_survey,2022-2023,tab17.pdf,https://www.indiabudget.gov.in/budget2023-24/economicsurvey/doc/stat/tab17.pdf
economic_survey,2022-2023,tab18.pdf,https://www.indiabudget.gov.in/budget2023-24/economicsurvey/doc/stat/tab18.pdf
economic_survey,2022-2023,tab19.pdf,https://www.indiabudget.gov.in/budget2023-24/economicsurvey/doc/stat/tab19.pdf
economic_survey,2022-2023,tab110a.pdf,https://www.indiabudget.gov.in/budget2023-24/economicsurvey/doc/stat/tab110a.pdf
economic_survey,2022-2023,tab110b.pdf,https://www.indiabudget.gov.in/budget2023-24/economicsurvey/doc/stat/tab110b.pdf
economic_survey,2022-2023,tab111a.pdf,https://www.indiabudget.gov.in/budget2023-24/economicsurvey/doc/stat/tab111a.pdf
economic_survey,2022-2023,tab111b.pdf,https://www.indiabudget.gov.in/budget2023-24/economicsurvey/doc/stat/tab111b.pdf
economic_survey,2022-2023,tab112.pdf,https://www.indiabudget.gov.in/budget2023-24/economicsurvey/doc/stat/tab112.pdf
economic_survey,2022-2023,tab113.pdf,https://www.indiabudget.gov.in/budget2023-24/economicsurvey/doc/stat/tab113.pdf
economic_survey,2022-2023,tab114.pdf,https://www.indiabudget.gov.in/budget2023-24/economicsurvey/doc/stat/tab114.pdf
economic_survey,2022-2023,tab115.pdf,https://www.indiabudget.gov.in/budget2023-24/economicsurvey/doc/stat/tab115.pdf
economic_survey,2022-2023,tab116.pdf,https://www.indiabudget.gov.in/budget2023-24/economicsurvey/doc/stat/tab116.pdf
economic_survey,2022-2023,tab117.pdf,https://www.indiabudget.gov.in/budget2023-24/economicsurvey/doc/stat/tab117.pdf
economic_survey,2022-2023,tab118.pdf,https://www.indiabudget.gov.in/budget2023-24/economicsurvey/doc/stat/tab118.pdf
economic_survey,2022-2023,tab119.pdf,https://www.indiabudget.gov.in/budget2023-24/economicsurvey/doc/stat/tab119.pdf
economic_survey,2022-2023,tab120.pdf,https://www.indiabudget.gov.in/budget2023-24/economicsurvey/doc/stat/tab120.pdf
economic_survey,2022-2023,tab121.pdf,https://www.indiabudget.gov.in/budget2023-24/economicsurvey/doc/stat/tab121.pdf
economic_survey,2022-2023,tab122.pdf,https://www.indiabudget.gov.in/budget2023-24/economicsurvey/doc/stat/tab122.pdf
economic_survey,2022-2023,tab123.pdf,https://www.indiabudget.gov.in/budget2023-24/economicsurvey/doc/stat/tab123.pdf
economic_survey,2022-2023,tab124.pdf,https://www.indiabudget.gov.in/budget2023-24/economicsurvey/doc/stat/tab124.pdf
economic_survey,2022-2023,tab125a.pdf,https://www.indiabudget.gov.in/budget2023-24/economicsurvey/doc/stat/tab125a.pdf
economic_survey,2022-2023,tab125b.pdf,https://www.indiabudget.gov.in/budget2023-24/economicsurvey/doc/stat/tab125b.pdf
economic_survey,2022-2023,tab126.pdf,https://www.indiabudget.gov.in/budget2023-24/economicsurvey/doc/stat/tab126.pdf
economic_survey,2022-2023,tab127a.pdf,https://www.indiabudget.gov.in/budget2023-24/economicsurvey/doc/stat/tab127a.pdf
economic_survey,2022-2023,tab127b.pdf,https://www.indiabudget.gov.in/budget2023-24/economicsurvey/doc/stat/tab127b.pdf
economic_survey,2022-2023,tab128.pdf,https://www.indiabudget.gov.in/budget2023-24/economicsurvey/doc/stat/tab128.pdf
economic_survey,2022-2023,tab129.pdf,https://www.indiabudget.gov.in/budget2023-24/economicsurvey/doc/stat/tab129.pdf
economic_survey,2022-2023,tab130.pdf,https://www.indiabudget.gov.in/budget2023-24/economicsurvey/doc/stat/tab130.pdf
economic_survey,2022-2023,tab131.pdf,https://www.indiabudget.gov.in/budget2023-24/economicsurvey/doc/stat/tab131.pdf
economic_survey,2022-2023,tab132.pdf,https://www.indiabudget.gov.in/budget2023-24/economicsurvey/doc/stat/tab132.pdf
economic_survey,2022-2023,tab21.pdf,https://www.indiabudget.gov.in/budget2023-24/economicsurvey/doc/stat/tab21.pdf
economic_survey,2022-2023,tab22.pdf,https://www.indiabudget.gov.in/budget2023-24/economicsurvey/doc/stat/tab22.pdf
economic_survey,2022-2023,tab23.pdf,https://www.indiabudget.gov.in/budget2023-24/economicsurvey/doc/stat/tab23.pdf
economic_survey,2022-2023,tab24.pdf,https://www.indiabudget.gov.in/budget2023-24/economicsurvey/doc/stat/tab24.pdf
economic_survey,2022-2023,tab25.pdf,https://www.indiabudget.gov.in/budget2023-24/economicsurvey/doc/stat/tab25.pdf
economic_survey,2022-2023,tab26.pdf,https://www.indiabudget.gov.in/budget2023-24/economicsurvey/doc/stat/tab26.pdf
economic_survey,2022-2023,tab27.pdf,https://www.indiabudget.gov.in/budget2023-24/economicsurvey/doc/stat/tab27.pdf
economic_survey,2022-2023,tab28.pdf,https://www.indiabudget.gov.in/budget2023-24/economicsurvey/doc/stat/tab28.pdf
economic_survey,2022-2023,tab29.pdf,https://www.indiabudget.gov.in/budget2023-24/economicsurvey/doc/stat/tab29.pdf
economic_survey,2022-2023,tab31.pdf,https://www.indiabudget.gov.in/budget2023-24/economicsurvey/doc/stat/tab31.pdf
economic_survey,2022-2023,tab32.pdf,https://www.indiabudget.gov.in/budget2023-24/economicsurvey/doc/stat/tab32.pdf
economic_survey,2022-2023,tab33.pdf,https://www.indiabudget.gov.in/budget2023-24/economicsurvey/doc/stat/tab33.pdf
economic_survey,2022-2023,tab34.pdf,https://www.indiabudget.gov.in/budget2023-24/economicsurvey/doc/stat/tab34.pdf
economic_survey,2022-2023,tab35.pdf,https://www.indiabudget.gov.in/budget2023-24/economicsurvey/doc/stat/tab35.pdf
economic_survey,2022-2023,tab36.pdf,https://www.indiabudget.gov.in/budget2023-24/economicsurvey/doc/stat/tab36.pdf
economic_survey,2022-2023,tab37.pdf,https://www.indiabudget.gov.in/budget2023-24/economicsurvey/doc/stat/tab37.pdf
economic_survey,2022-2023,tab38.pdf,https://www.indiabudget.gov.in/budget2023-24/economicsurvey/doc/stat/tab38.pdf
economic_survey,2022-2023,tab39.pdf,https://www.indiabudget.gov.in/budget2023-24/economicsurvey/doc/stat/tab39.pdf
economic_survey,2022-2023,tab41.pdf,https://www.indiabudget.gov.in/budget2023-24/economicsurvey/doc/stat/tab41.pdf
economic_survey,2022-2023,tab42.pdf,https://www.indiabudget.gov.in/budget2023-24/economicsurvey/doc/stat/tab42.pdf
economic_survey,2022-2023,tab43.pdf,https://www.indiabudget.gov.in/budget2023-24/economicsurvey/doc/stat/tab43.pdf
economic_survey,2022-2023,tab44.pdf,https://www.indiabudget.gov.in/budget2023-24/economicsurvey/doc/stat/tab44.pdf
economic_survey,2022-2023,tab45.pdf,https://www.indiabudget.gov.in/budget2023-24/economicsurvey/doc/stat/tab45.pdf
economic_survey,2022-2023,tab51a.pdf,https://www.indiabudget.gov.in/budget2023-24/economicsurvey/doc/stat/tab51a.pdf
economic_survey,2022-2023,tab51b.pdf,https://www.indiabudget.gov.in/budget2023-24/economicsurvey/doc/stat/tab51b.pdf
economic_survey,2022-2023,tab52.pdf,https://www.indiabudget.gov.in/budget2023-24/economicsurvey/doc/stat/tab52.pdf
economic_survey,2022-2023,tab53a.pdf,https://www.indiabudget.gov.in/budget2023-24/economicsurvey/doc/stat/tab53a.pdf
economic_survey,2022-2023,tab53b.pdf,https://www.indiabudget.gov.in/budget2023-24/economicsurvey/doc/stat/tab53b.pdf
economic_survey,2022-2023,tab54.pdf,https://www.indiabudget.gov.in/budget2023-24/economicsurvey/doc/stat/tab54.pdf
economic_survey,2022-2023,tab55.pdf,https://www.indiabudget.gov.in/budget2023-24/economicsurvey/doc/stat/tab55.pdf
economic_survey,2022-2023,tab61a.pdf,https://www.indiabudget.gov.in/budget2023-24/economicsurvey/doc/stat/tab61a.pdf
economic_survey,2022-2023,tab61b.pdf,https://www.indiabudget.gov.in/budget2023-24/economicsurvey/doc/stat/tab61b.pdf
economic_survey,2022-2023,tab62a.pdf,https://www.indiabudget.gov.in/budget2023-24/economicsurvey/doc/stat/tab62a.pdf
economic_survey,2022-2023,tab62b.pdf,https://www.indiabudget.gov.in/budget2023-24/economicsurvey/doc/stat/tab62b.pdf
economic_survey,2022-2023,tab63a.pdf,https://www.indiabudget.gov.in/budget2023-24/economicsurvey/doc/stat/tab63a.pdf
economic_survey,2022-2023,tab1.pdf,https://www.indiabudget.gov.in/budget2023-24/economicsurvey/doc/stat/tab1.pdf
economic_survey,2022-2023,tab64a.pdf,https://www.indiabudget.gov.in/budget2023-24/economicsurvey/doc/stat/tab64a.pdf
economic_survey,2022-2023,tab64b.pdf,https://www.indiabudget.gov.in/budget2023-24/economicsurvey/doc/stat/tab64b.pdf
economic_survey,2022-2023,tab65.pdf,https://www.indiabudget.gov.in/budget2023-24/economicsurvey/doc/stat/tab65.pdf
economic_survey,2022-2023,tab66.pdf,https://www.indiabudget.gov.in/budget2023-24/economicsurvey/doc/stat/tab66.pdf
economic_survey,2022-2023,tab71a.pdf,https://www.indiabudget.gov.in/budget2023-24/economicsurvey/doc/stat/tab71a.pdf
economic_survey,2022-2023,tab71b.pdf,https://www.indiabudget.gov.in/budget2023-24/economicsurvey/doc/stat/tab71b.pdf
economic_survey,2022-2023,tab72a.pdf,https://www.indiabudget.gov.in/budget2023-24/economicsurvey/doc/stat/tab72a.pdf
economic_survey,2022-2023,tab72b.pdf,https://www.indiabudget.gov.in/budget2023-24/economicsurvey/doc/stat/tab72b.pdf
economic_survey,2022-2023,tab73a.pdf,https://www.indiabudget.gov.in/budget2023-24/economicsurvey/doc/stat/tab73a.pdf
economic_survey,2022-2023,tab1\73b.pdf,https://www.indiabudget.gov.in/budget2023-24/economicsurvey/doc/stat/tab1\73b.pdf
economic_survey,2022-2023,tab74.pdf,https://www.indiabudget.gov.in/budget2023-24/economicsurvey/doc/stat/tab74.pdf
economic_survey,2022-2023,tab81.pdf,https://www.indiabudget.gov.in/budget2023-24/economicsurvey/doc/stat/tab81.pdf
economic_survey,2022-2023,tab82.pdf,https://www.indiabudget.gov.in/budget2023-24/economicsurvey/doc/stat/tab82.pdf
economic_survey,2022-2023,tab83.pdf,https://www.indiabudget.gov.in/budget2023-24/economicsurvey/doc/stat/tab83.pdf
economic_survey,2022-2023,tab84.pdf,https://www.indiabudget.gov.in/budget2023-24/economicsurvey/doc/stat/tab84.pdf
economic_survey,2022-2023,tab85.pdf,https://www.indiabudget.gov.in/budget2023-24/economicsurvey/doc/stat/tab85.pdf
economic_survey,2022-2023,tab86.pdf,https://www.indiabudget.gov.in/budget2023-24/economicsurvey/doc/stat/tab86.pdf
economic_survey,2022-2023,tab87.pdf,https://www.indiabudget.gov.in/budget2023-24/economicsurvey/doc/stat/tab87.pdf
economic_survey,2022-2023,tab88.pdf,https://www.indiabudget.gov.in/budget2023-24/economicsurvey/doc/stat/tab88.pdf
economic_survey,2022-2023,tab89a.pdf,https://www.indiabudget.gov.in/budget2023-24/economicsurvey/doc/stat/tab89a.pdf
economic_survey,2022-2023,tab89b.pdf,https://www.indiabudget.gov.in/budget2023-24/economicsurvey/doc/stat/tab89b.pdf
economic_survey,2022-2023,tab810.pdf,https://www.indiabudget.gov.in/budget2023-24/economicsurvey/doc/stat/tab810.pdf
economic_survey,2022-2023,tab811.pdf,https://www.indiabudget.gov.in/budget2023-24/economicsurvey/doc/stat/tab811.pdf
economic_survey,2022-2023,tab812.pdf,https://www.indiabudget.gov.in/budget2023-24/economicsurvey/doc/stat/tab812.pdf
economic_survey,2022-2023,tab813.pdf,https://www.indiabudget.gov.in/budget2023-24/economicsurvey/doc/stat/tab813.pdf
economic_survey,2022-2023,tab814.pdf,https://www.indiabudget.gov.in/budget2023-24/economicsurvey/doc/stat/tab814.pdf
economic_survey,2022-2023,tab815.pdf,https://www.indiabudget.gov.in/budget2023-24/economicsurvey/doc/stat/tab815.pdf
economic_survey,2022-2023,tab816.pdf,https://www.indiabudget.gov.in/budget2023-24/economicsurvey/doc/stat/tab816.pdf
economic_survey,2022-2023,tab817.pdf,https://www.indiabudget.gov.in/budget2023-24/economicsurvey/doc/stat/tab817.pdf
economic_survey,2022-2023,tab818.pdf,https://www.indiabudget.gov.in/budget2023-24/economicsurvey/doc/stat/tab818.pdf
economic_survey,2022-2023,tab91.pdf,https://www.indiabudget.gov.in/budget2023-24/economicsurvey/doc/stat/tab91.pdf
economic_survey,2022-2023,tab92.pdf,https://www.indiabudget.gov.in/budget2023-24/economicsurvey/doc/stat/tab92.pdf
economic_survey,2022-2023,tab93.pdf,https://www.indiabudget.gov.in/budget2023-24/economicsurvey/doc/stat/tab93.pdf
economic_survey,2022-2023,tab94.pdf,https://www.indiabudget.gov.in/budget2023-24/economicsurvey/doc/stat/tab94.pdf
economic_survey,2022-2023,tab95.pdf,https://www.indiabudget.gov.in/budget2023-24/economicsurvey/doc/stat/tab95.pdf
economic_survey,2022-2023,hepreface.pdf,https://www.indiabudget.gov.in/budget2023-24/economicsurvey/doc/eschapter/hepreface.pdf
economic_survey,2021-2022,epreface.pdf,https://www.indiabudget.gov.in/budget2022-23/economicsurvey/doc/eschapter/epreface.pdf
economic_survey,2021-2022,tab11.pdf,https://www.indiabudget.gov.in/budget2022-23/economicsurvey/doc/stat/tab11.pdf
economic_survey,2021-2022,tab12.pdf,https://www.indiabudget.gov.in/budget2022-23/economicsurvey/doc/stat/tab12.pdf
economic_survey,2021-2022,tab13.pdf,https://www.indiabudget.gov.in/budget2022-23/economicsurvey/doc/stat/tab13.pdf
economic_survey,2021-2022,tab14.pdf,https://www.indiabudget.gov.in/budget2022-23/economicsurvey/doc/stat/tab14.pdf
economic_survey,2021-2022,tab15.pdf,https://www.indiabudget.gov.in/budget2022-23/economicsurvey/doc/stat/tab15.pdf
economic_survey,2021-2022,tab16.pdf,https://www.indiabudget.gov.in/budget2022-23/economicsurvey/doc/stat/tab16.pdf
economic_survey,2021-2022,tab17.pdf,https://www.indiabudget.gov.in/budget2022-23/economicsurvey/doc/stat/tab17.pdf
economic_survey,2021-2022,tab18.pdf,https://www.indiabudget.gov.in/budget2022-23/economicsurvey/doc/stat/tab18.pdf
economic_survey,2021-2022,tab19.pdf,https://www.indiabudget.gov.in/budget2022-23/economicsurvey/doc/stat/tab19.pdf
economic_survey,2021-2022,tab110a.pdf,https://www.indiabudget.gov.in/budget2022-23/economicsurvey/doc/stat/tab110a.pdf
economic_survey,2021-2022,tab110b.pdf,https://www.indiabudget.gov.in/budget2022-23/economicsurvey/doc/stat/tab110b.pdf
economic_survey,2021-2022,tab111a.pdf,https://www.indiabudget.gov.in/budget2022-23/economicsurvey/doc/stat/tab111a.pdf
economic_survey,2021-2022,tab111b.pdf,https://www.indiabudget.gov.in/budget2022-23/economicsurvey/doc/stat/tab111b.pdf
economic_survey,2021-2022,tab112.pdf,https://www.indiabudget.gov.in/budget2022-23/economicsurvey/doc/stat/tab112.pdf
economic_survey,2021-2022,tab113.pdf,https://www.indiabudget.gov.in/budget2022-23/economicsurvey/doc/stat/tab113.pdf
economic_survey,2021-2022,tab114.pdf,https://www.indiabudget.gov.in/budget2022-23/economicsurvey/doc/stat/tab114.pdf
economic_survey,2021-2022,tab115.pdf,https://www.indiabudget.gov.in/budget2022-23/economicsurvey/doc/stat/tab115.pdf
economic_survey,2021-2022,tab116.pdf,https://www.indiabudget.gov.in/budget2022-23/economicsurvey/doc/stat/tab116.pdf
economic_survey,2021-2022,tab117.pdf,https://www.indiabudget.gov.in/budget2022-23/economicsurvey/doc/stat/tab117.pdf
economic_survey,2021-2022,tab118.pdf,https://www.indiabudget.gov.in/budget2022-23/economicsurvey/doc/stat/tab118.pdf
economic_survey,2021-2022,tab119.pdf,https://www.indiabudget.gov.in/budget2022-23/economicsurvey/doc/stat/tab119.pdf
economic_survey,2021-2022,tab1.pdf,https://www.indiabudget.gov.in/budget2022-23/economicsurvey/doc/stat/tab1.pdf
economic_survey,2021-2022,tab121.pdf,https://www.indiabudget.gov.in/budget2022-23/economicsurvey/doc/stat/tab121.pdf
economic_survey,2021-2022,tab122.pdf,https://www.indiabudget.gov.in/budget2022-23/economicsurvey/doc/stat/tab122.pdf
economic_survey,2021-2022,tab123.pdf,https://www.indiabudget.gov.in/budget2022-23/economicsurvey/doc/stat/tab123.pdf
economic_survey,2021-2022,tab124.pdf,https://www.indiabudget.gov.in/budget2022-23/economicsurvey/doc/stat/tab124.pdf
economic_survey,2021-2022,tab125a.pdf,https://www.indiabudget.gov.in/budget2022-23/economicsurvey/doc/stat/tab125a.pdf
economic_survey,2021-2022,tab125b.pdf,https://www.indiabudget.gov.in/budget2022-23/economicsurvey/doc/stat/tab125b.pdf
economic_survey,2021-2022,tab126.pdf,https://www.indiabudget.gov.in/budget2022-23/economicsurvey/doc/stat/tab126.pdf
economic_survey,2021-2022,tab126.pdf,https://www.indiabudget.gov.in/budget2022-23/economicsurvey/doc/stat/tab126.pdf
economic_survey,2021-2022,tab127.pdf,https://www.indiabudget.gov.in/budget2022-23/economicsurvey/doc/stat/tab127.pdf
economic_survey,2021-2022,tab128.pdf,https://www.indiabudget.gov.in/budget2022-23/economicsurvey/doc/stat/tab128.pdf
economic_survey,2021-2022,tab129.pdf,https://www.indiabudget.gov.in/budget2022-23/economicsurvey/doc/stat/tab129.pdf
economic_survey,2021-2022,tab130.pdf,https://www.indiabudget.gov.in/budget2022-23/economicsurvey/doc/stat/tab130.pdf
economic_survey,2021-2022,tab131.pdf,https://www.indiabudget.gov.in/budget2022-23/economicsurvey/doc/stat/tab131.pdf
economic_survey,2021-2022,tab132.pdf,https://www.indiabudget.gov.in/budget2022-23/economicsurvey/doc/stat/tab132.pdf
economic_survey,2021-2022,tab21.pdf,https://www.indiabudget.gov.in/budget2022-23/economicsurvey/doc/stat/tab21.pdf
economic_survey,2021-2022,tab22.pdf,https://www.indiabudget.gov.in/budget2022-23/economicsurvey/doc/stat/tab22.pdf
economic_survey,2021-2022,tab23.pdf,https://www.indiabudget.gov.in/budget2022-23/economicsurvey/doc/stat/tab23.pdf
economic_survey,2021-2022,tab24.pdf,https://www.indiabudget.gov.in/budget2022-23/economicsurvey/doc/stat/tab24.pdf
economic_survey,2021-2022,tab25.pdf,https://www.indiabudget.gov.in/budget2022-23/economicsurvey/doc/stat/tab25.pdf
economic_survey,2021-2022,tab26.pdf,https://www.indiabudget.gov.in/budget2022-23/economicsurvey/doc/stat/tab26.pdf
economic_survey,2021-2022,tab27.pdf,https://www.indiabudget.gov.in/budget2022-23/economicsurvey/doc/stat/tab27.pdf
economic_survey,2021-2022,tab28.pdf,https://www.indiabudget.gov.in/budget2022-23/economicsurvey/doc/stat/tab28.pdf
economic_survey,2021-2022,tab29.pdf,https://www.indiabudget.gov.in/budget2022-23/economicsurvey/doc/stat/tab29.pdf
economic_survey,2021-2022,tab31.pdf,https://www.indiabudget.gov.in/budget2022-23/economicsurvey/doc/stat/tab31.pdf
economic_survey,2021-2022,tab32.pdf,https://www.indiabudget.gov.in/budget2022-23/economicsurvey/doc/stat/tab32.pdf
economic_survey,2021-2022,tab33.pdf,https://www.indiabudget.gov.in/budget2022-23/economicsurvey/doc/stat/tab33.pdf
economic_survey,2021-2022,tab34.pdf,https://www.indiabudget.gov.in/budget2022-23/economicsurvey/doc/stat/tab34.pdf
economic_survey,2021-2022,tab35.pdf,https://www.indiabudget.gov.in/budget2022-23/economicsurvey/doc/stat/tab35.pdf
economic_survey,2021-2022,tab36.pdf,https://www.indiabudget.gov.in/budget2022-23/economicsurvey/doc/stat/tab36.pdf
economic_survey,2021-2022,tab37.pdf,https://www.indiabudget.gov.in/budget2022-23/economicsurvey/doc/stat/tab37.pdf
economic_survey,2021-2022,tab38.pdf,https://www.indiabudget.gov.in/budget2022-23/economicsurvey/doc/stat/tab38.pdf
economic_survey,2021-2022,tab39.pdf,https://www.indiabudget.gov.in/budget2022-23/economicsurvey/doc/stat/tab39.pdf
economic_survey,2021-2022,tab41.pdf,https://www.indiabudget.gov.in/budget2022-23/economicsurvey/doc/stat/tab41.pdf
economic_survey,2021-2022,tab42.pdf,https://www.indiabudget.gov.in/budget2022-23/economicsurvey/doc/stat/tab42.pdf
economic_survey,2021-2022,tab43.pdf,https://www.indiabudget.gov.in/budget2022-23/economicsurvey/doc/stat/tab43.pdf
economic_survey,2021-2022,tab44.pdf,https://www.indiabudget.gov.in/budget2022-23/economicsurvey/doc/stat/tab44.pdf
economic_survey,2021-2022,tab45.pdf,https://www.indiabudget.gov.in/budget2022-23/economicsurvey/doc/stat/tab45.pdf
economic_survey,2021-2022,tab51a.pdf,https://www.indiabudget.gov.in/budget2022-23/economicsurvey/doc/stat/tab51a.pdf
economic_survey,2021-2022,tab51b.pdf,https://www.indiabudget.gov.in/budget2022-23/economicsurvey/doc/stat/tab51b.pdf
economic_survey,2021-2022,tab52.pdf,https://www.indiabudget.gov.in/budget2022-23/economicsurvey/doc/stat/tab52.pdf
economic_survey,2021-2022,tab53a.pdf,https://www.indiabudget.gov.in/budget2022-23/economicsurvey/doc/stat/tab53a.pdf
economic_survey,2021-2022,tab53b.pdf,https://www.indiabudget.gov.in/budget2022-23/economicsurvey/doc/stat/tab53b.pdf
economic_survey,2021-2022,tab54.pdf,https://www.indiabudget.gov.in/budget2022-23/economicsurvey/doc/stat/tab54.pdf
economic_survey,2021-2022,tab55.pdf,https://www.indiabudget.gov.in/budget2022-23/economicsurvey/doc/stat/tab55.pdf
economic_survey,2021-2022,tab61a.pdf,https://www.indiabudget.gov.in/budget2022-23/economicsurvey/doc/stat/tab61a.pdf
economic_survey,2021-2022,tab61b.pdf,https://www.indiabudget.gov.in/budget2022-23/economicsurvey/doc/stat/tab61b.pdf
economic_survey,2021-2022,tab62a.pdf,https://www.indiabudget.gov.in/budget2022-23/economicsurvey/doc/stat/tab62a.pdf
economic_survey,2021-2022,tab62b.pdf,https://www.indiabudget.gov.in/budget2022-23/economicsurvey/doc/stat/tab62b.pdf
economic_survey,2021-2022,tab63a.pdf,https://www.indiabudget.gov.in/budget2022-23/economicsurvey/doc/stat/tab63a.pdf
economic_survey,2021-2022,tab1.pdf,https://www.indiabudget.gov.in/budget2022-23/economicsurvey/doc/stat/tab1.pdf
economic_survey,2021-2022,tab64a.pdf,https://www.indiabudget.gov.in/budget2022-23/economicsurvey/doc/stat/tab64a.pdf
economic_survey,2021-2022,tab64b.pdf,https://www.indiabudget.gov.in/budget2022-23/economicsurvey/doc/stat/tab64b.pdf
economic_survey,2021-2022,tab65.pdf,https://www.indiabudget.gov.in/budget2022-23/economicsurvey/doc/stat/tab65.pdf
economic_survey,2021-2022,tab66.pdf,https://www.indiabudget.gov.in/budget2022-23/economicsurvey/doc/stat/tab66.pdf
economic_survey,2021-2022,tab71a.pdf,https://www.indiabudget.gov.in/budget2022-23/economicsurvey/doc/stat/tab71a.pdf
economic_survey,2021-2022,tab71b.pdf,https://www.indiabudget.gov.in/budget2022-23/economicsurvey/doc/stat/tab71b.pdf
economic_survey,2021-2022,tab72a.pdf,https://www.indiabudget.gov.in/budget2022-23/economicsurvey/doc/stat/tab72a.pdf
economic_survey,2021-2022,tab72b.pdf,https://www.indiabudget.gov.in/budget2022-23/economicsurvey/doc/stat/tab72b.pdf
economic_survey,2021-2022,tab73a.pdf,https://www.indiabudget.gov.in/budget2022-23/economicsurvey/doc/stat/tab73a.pdf
economic_survey,2021-2022,tab1\73b.pdf,https://www.indiabudget.gov.in/budget2022-23/economicsurvey/doc/stat/tab1\73b.pdf
economic_survey,2021-2022,tab74.pdf,https://www.indiabudget.gov.in/budget2022-23/economicsurvey/doc/stat/tab74.pdf
economic_survey,2021-2022,tab81.pdf,https://www.indiabudget.gov.in/budget2022-23/economicsurvey/doc/stat/tab81.pdf
economic_survey,2021-2022,tab82.pdf,https://www.indiabudget.gov.in/budget2022-23/economicsurvey/doc/stat/tab82.pdf
economic_survey,2021-2022,tab83.pdf,https://www.indiabudget.gov.in/budget2022-23/economicsurvey/doc/stat/tab83.pdf
economic_survey,2021-2022,tab84.pdf,https://www.indiabudget.gov.in/budget2022-23/economicsurvey/doc/stat/tab84.pdf
economic_survey,2021-2022,tab85.pdf,https://www.indiabudget.gov.in/budget2022-23/economicsurvey/doc/stat/tab85.pdf
economic_survey,2021-2022,tab86.pdf,https://www.indiabudget.gov.in/budget2022-23/economicsurvey/doc/stat/tab86.pdf
economic_survey,2021-2022,tab87.pdf,https://www.indiabudget.gov.in/budget2022-23/economicsurvey/doc/stat/tab87.pdf
economic_survey,2021-2022,tab88.pdf,https://www.indiabudget.gov.in/budget2022-23/economicsurvey/doc/stat/tab88.pdf
economic_survey,2021-2022,tab89a.pdf,https://www.indiabudget.gov.in/budget2022-23/economicsurvey/doc/stat/tab89a.pdf
economic_survey,2021-2022,tab89b.pdf,https://www.indiabudget.gov.in/budget2022-23/economicsurvey/doc/stat/tab89b.pdf
economic_survey,2021-2022,tab810.pdf,https://www.indiabudget.gov.in/budget2022-23/economicsurvey/doc/stat/tab810.pdf
economic_survey,2021-2022,tab811.pdf,https://www.indiabudget.gov.in/budget2022-23/economicsurvey/doc/stat/tab811.pdf
economic_survey,2021-2022,tab812.pdf,https://www.indiabudget.gov.in/budget2022-23/economicsurvey/doc/stat/tab812.pdf
economic_survey,2021-2022,tab813.pdf,https://www.indiabudget.gov.in/budget2022-23/economicsurvey/doc/stat/tab813.pdf
economic_survey,2021-2022,tab814.pdf,https://www.indiabudget.gov.in/budget2022-23/economicsurvey/doc/stat/tab814.pdf
economic_survey,2021-2022,tab815.pdf,https://www.indiabudget.gov.in/budget2022-23/economicsurvey/doc/stat/tab815.pdf
economic_survey,2021-2022,tab816.pdf,https://www.indiabudget.gov.in/budget2022-23/economicsurvey/doc/stat/tab816.pdf
economic_survey,2021-2022,tab817.pdf,https://www.indiabudget.gov.in/budget2022-23/economicsurvey/doc/stat/tab817.pdf
economic_survey,2021-2022,tab818.pdf,https://www.indiabudget.gov.in/budget2022-23/economicsurvey/doc/stat/tab818.pdf
economic_survey,2021-2022,tab91.pdf,https://www.indiabudget.gov.in/budget2022-23/economicsurvey/doc/stat/tab91.pdf
economic_survey,2021-2022,tab92.pdf,https://www.indiabudget.gov.in/budget2022-23/economicsurvey/doc/stat/tab92.pdf
economic_survey,2021-2022,tab93.pdf,https://www.indiabudget.gov.in/budget2022-23/economicsurvey/doc/stat/tab93.pdf
economic_survey,2021-2022,tab94.pdf,https://www.indiabudget.gov.in/budget2022-23/economicsurvey/doc/stat/tab94.pdf
economic_survey,2021-2022,tab95.pdf,https://www.indiabudget.gov.in/budget2022-23/economicsurvey/doc/stat/tab95.pdf
economic_survey,2021-2022,hepreface.pdf,https://www.indiabudget.gov.in/budget2022-23/economicsurvey/doc/eschapter/hepreface.pdf
economic_survey,2020-2021,epreface_vol1.pdf,https://www.indiabudget.gov.in/budget2021-22/economicsurvey/doc/vol1chapter/epreface_vol1.pdf
economic_survey,2020-2021,epreface_vol2.pdf,https://www.indiabudget.gov.in/budget2021-22/economicsurvey/doc/vol2chapter/epreface_vol2.pdf
economic_survey,2020-2021,hepreface_vol1.pdf,https://www.indiabudget.gov.in/budget2021-22/economicsurvey/doc/vol1chapter/hepreface_vol1.pdf
economic_survey,2020-2021,hepreface_vol2.pdf,https://www.indiabudget.gov.in/budget2021-22/economicsurvey/doc/vol2chapter/hepreface_vol2.pdf
economic_survey,2019-2020,epreface_vol1.pdf,https://www.indiabudget.gov.in/budget2020-21/economicsurvey/doc/vol1chapter/epreface_vol1.pdf
economic_survey,2019-2020,epreface_vol2.pdf,https://www.indiabudget.gov.in/budget2020-21/economicsurvey/doc/vol2chapter/epreface_vol2.pdf
economic_survey,2019-2020,hepreface_vol1.pdf,https://www.indiabudget.gov.in/budget2020-21/economicsurvey/doc/vol1chapter/hepreface_vol1.pdf
economic_survey,2019-2020,hepreface_vol2.pdf,https://www.indiabudget.gov.in/budget2020-21/economicsurvey/doc/vol2chapter/hepreface_vol2.pdf
economic_survey,2018-2019,epreface_vol1.pdf,https://www.indiabudget.gov.in/budget2019-20/economicsurvey/doc/vol1chapter/epreface_vol1.pdf
economic_survey,2018-2019,epreface_vol2.pdf,https://www.indiabudget.gov.in/budget2019-20/economicsurvey/doc/vol2chapter/epreface_vol2.pdf
economic_survey,2018-2019,hepreface_vol1.pdf,https://www.indiabudget.gov.in/budget2019-20/economicsurvey/doc/vol1chapter/hepreface_vol1.pdf
economic_survey,2018-2019,hepreface_vol2.pdf,https://www.indiabudget.gov.in/budget2019-20/economicsurvey/doc/vol2chapter/hepreface_vol2.pdf
economic_survey,2017-2018,000_Preface_Ten_Facts_2017-18_Vol_1-18_pages.pdf,https://www.indiabudget.gov.in/budget2018-2019/economicsurvey2017-2018/pdf/000_Preface_Ten_Facts_2017-18_Vol_1-18_pages.pdf
economic_survey,2017-2018,144 Annex_Vol_1_English.pdf,https://www.indiabudget.gov.in/budget2018-2019/economicsurvey2017-2018/pdf/144 Annex_Vol_1_English.pdf
economic_survey,2017-2018,Preface_2017-18_Vol_2.pdf,https://www.indiabudget.gov.in/budget2018-2019/economicsurvey2017-2018/pdf/Preface_2017-18_Vol_2.pdf
economic_survey,2017-2018,tab1.1.pdf,https://www.indiabudget.gov.in/budget2018-2019/economicsurvey2017-2018/appendixPDF/tab1.1.pdf
economic_survey,2017-2018,tab1.2.pdf,https://www.indiabudget.gov.in/budget2018-2019/economicsurvey2017-2018/appendixPDF/tab1.2.pdf
economic_survey,2017-2018,tab1.3A.pdf,https://www.indiabudget.gov.in/budget2018-2019/economicsurvey2017-2018/appendixPDF/tab1.3A.pdf
economic_survey,2017-2018,tab1.3B.pdf,https://www.indiabudget.gov.in/budget2018-2019/economicsurvey2017-2018/appendixPDF/tab1.3B.pdf
economic_survey,2017-2018,tab1.4A.pdf,https://www.indiabudget.gov.in/budget2018-2019/economicsurvey2017-2018/appendixPDF/tab1.4A.pdf
economic_survey,2017-2018,tab1.4B.pdf,https://www.indiabudget.gov.in/budget2018-2019/economicsurvey2017-2018/appendixPDF/tab1.4B.pdf
economic_survey,2017-2018,tab1.5A.pdf,https://www.indiabudget.gov.in/budget2018-2019/economicsurvey2017-2018/appendixPDF/tab1.5A.pdf
economic_survey,2017-2018,tab1.5B.pdf,https://www.indiabudget.gov.in/budget2018-2019/economicsurvey2017-2018/appendixPDF/tab1.5B.pdf
economic_survey,2017-2018,tab1.6.pdf,https://www.indiabudget.gov.in/budget2018-2019/economicsurvey2017-2018/appendixPDF/tab1.6.pdf
economic_survey,2017-2018,tab1.7.pdf,https://www.indiabudget.gov.in/budget2018-2019/economicsurvey2017-2018/appendixPDF/tab1.7.pdf
economic_survey,2017-2018,tab1.8.pdf,https://www.indiabudget.gov.in/budget2018-2019/economicsurvey2017-2018/appendixPDF/tab1.8.pdf
economic_survey,2017-2018,tab1.9.pdf,https://www.indiabudget.gov.in/budget2018-2019/economicsurvey2017-2018/appendixPDF/tab1.9.pdf
economic_survey,2017-2018,tab1.10A.pdf,https://www.indiabudget.gov.in/budget2018-2019/economicsurvey2017-2018/appendixPDF/tab1.10A.pdf
economic_survey,2017-2018,tab1.10B.pdf,https://www.indiabudget.gov.in/budget2018-2019/economicsurvey2017-2018/appendixPDF/tab1.10B.pdf
economic_survey,2017-2018,tab1.11A.pdf,https://www.indiabudget.gov.in/budget2018-2019/economicsurvey2017-2018/appendixPDF/tab1.11A.pdf
economic_survey,2017-2018,tab1.11B.pdf,https://www.indiabudget.gov.in/budget2018-2019/economicsurvey2017-2018/appendixPDF/tab1.11B.pdf
economic_survey,2017-2018,tab1.12.pdf,https://www.indiabudget.gov.in/budget2018-2019/economicsurvey2017-2018/appendixPDF/tab1.12.pdf
economic_survey,2017-2018,tab1.13.pdf,https://www.indiabudget.gov.in/budget2018-2019/economicsurvey2017-2018/appendixPDF/tab1.13.pdf
economic_survey,2017-2018,tab1.14.pdf,https://www.indiabudget.gov.in/budget2018-2019/economicsurvey2017-2018/appendixPDF/tab1.14.pdf
economic_survey,2017-2018,tab1.15.pdf,https://www.indiabudget.gov.in/budget2018-2019/economicsurvey2017-2018/appendixPDF/tab1.15.pdf
economic_survey,2017-2018,tab1.16.pdf,https://www.indiabudget.gov.in/budget2018-2019/economicsurvey2017-2018/appendixPDF/tab1.16.pdf
economic_survey,2017-2018,tab1.17.pdf,https://www.indiabudget.gov.in/budget2018-2019/economicsurvey2017-2018/appendixPDF/tab1.17.pdf
economic_survey,2017-2018,tab1.18.pdf,https://www.indiabudget.gov.in/budget2018-2019/economicsurvey2017-2018/appendixPDF/tab1.18.pdf
economic_survey,2017-2018,tab1.19.pdf,https://www.indiabudget.gov.in/budget2018-2019/economicsurvey2017-2018/appendixPDF/tab1.19.pdf
economic_survey,2017-2018,tab1.20.pdf,https://www.indiabudget.gov.in/budget2018-2019/economicsurvey2017-2018/appendixPDF/tab1.20.pdf
economic_survey,2017-2018,tab1.21.pdf,https://www.indiabudget.gov.in/budget2018-2019/economicsurvey2017-2018/appendixPDF/tab1.21.pdf
economic_survey,2017-2018,tab1.22.pdf,https://www.indiabudget.gov.in/budget2018-2019/economicsurvey2017-2018/appendixPDF/tab1.22.pdf
economic_survey,2017-2018,tab1.23.pdf,https://www.indiabudget.gov.in/budget2018-2019/economicsurvey2017-2018/appendixPDF/tab1.23.pdf
economic_survey,2017-2018,tab1.24.pdf,https://www.indiabudget.gov.in/budget2018-2019/economicsurvey2017-2018/appendixPDF/tab1.24.pdf
economic_survey,2017-2018,tab1.25A.pdf,https://www.indiabudget.gov.in/budget2018-2019/economicsurvey2017-2018/appendixPDF/tab1.25A.pdf
economic_survey,2017-2018,tab1.25B.pdf,https://www.indiabudget.gov.in/budget2018-2019/economicsurvey2017-2018/appendixPDF/tab1.25B.pdf
economic_survey,2017-2018,tab1.26.pdf,https://www.indiabudget.gov.in/budget2018-2019/economicsurvey2017-2018/appendixPDF/tab1.26.pdf
economic_survey,2017-2018,tab1.27A.pdf,https://www.indiabudget.gov.in/budget2018-2019/economicsurvey2017-2018/appendixPDF/tab1.27A.pdf
economic_survey,2017-2018,tab1.27B.pdf,https://www.indiabudget.gov.in/budget2018-2019/economicsurvey2017-2018/appendixPDF/tab1.27B.pdf
economic_survey,2017-2018,tab1.28.pdf,https://www.indiabudget.gov.in/budget2018-2019/economicsurvey2017-2018/appendixPDF/tab1.28.pdf
economic_survey,2017-2018,tab1.29.pdf,https://www.indiabudget.gov.in/budget2018-2019/economicsurvey2017-2018/appendixPDF/tab1.29.pdf
economic_survey,2017-2018,tab1.30.pdf,https://www.indiabudget.gov.in/budget2018-2019/economicsurvey2017-2018/appendixPDF/tab1.30.pdf
economic_survey,2017-2018,tab1.31.pdf,https://www.indiabudget.gov.in/budget2018-2019/economicsurvey2017-2018/appendixPDF/tab1.31.pdf
economic_survey,2017-2018,tab2.1.pdf,https://www.indiabudget.gov.in/budget2018-2019/economicsurvey2017-2018/appendixPDF/tab2.1.pdf
economic_survey,2017-2018,tab2.2.pdf,https://www.indiabudget.gov.in/budget2018-2019/economicsurvey2017-2018/appendixPDF/tab2.2.pdf
economic_survey,2017-2018,tab2.3.pdf,https://www.indiabudget.gov.in/budget2018-2019/economicsurvey2017-2018/appendixPDF/tab2.3.pdf
economic_survey,2017-2018,tab1.24.pdf,https://www.indiabudget.gov.in/budget2018-2019/economicsurvey2017-2018/appendixPDF/tab1.24.pdf
economic_survey,2017-2018,tab2.5.pdf,https://www.indiabudget.gov.in/budget2018-2019/economicsurvey2017-2018/appendixPDF/tab2.5.pdf
economic_survey,2017-2018,tab1.26.pdf,https://www.indiabudget.gov.in/budget2018-2019/economicsurvey2017-2018/appendixPDF/tab1.26.pdf
economic_survey,2017-2018,tab2.7.pdf,https://www.indiabudget.gov.in/budget2018-2019/economicsurvey2017-2018/appendixPDF/tab2.7.pdf
economic_survey,2017-2018,tab2.8.pdf,https://www.indiabudget.gov.in/budget2018-2019/economicsurvey2017-2018/appendixPDF/tab2.8.pdf
economic_survey,2017-2018,tab2.9.pdf,https://www.indiabudget.gov.in/budget2018-2019/economicsurvey2017-2018/appendixPDF/tab2.9.pdf
economic_survey,2017-2018,tab2.10.pdf,https://www.indiabudget.gov.in/budget2018-2019/economicsurvey2017-2018/appendixPDF/tab2.10.pdf
economic_survey,2017-2018,tab3.1.pdf,https://www.indiabudget.gov.in/budget2018-2019/economicsurvey2017-2018/appendixPDF/tab3.1.pdf
economic_survey,2017-2018,tab3.2.pdf,https://www.indiabudget.gov.in/budget2018-2019/economicsurvey2017-2018/appendixPDF/tab3.2.pdf
economic_survey,2017-2018,tab4.1.pdf,https://www.indiabudget.gov.in/budget2018-2019/economicsurvey2017-2018/appendixPDF/tab4.1.pdf
economic_survey,2017-2018,tab4.2.pdf,https://www.indiabudget.gov.in/budget2018-2019/economicsurvey2017-2018/appendixPDF/tab4.2.pdf
economic_survey,2017-2018,tab4.3.pdf,https://www.indiabudget.gov.in/budget2018-2019/economicsurvey2017-2018/appendixPDF/tab4.3.pdf
economic_survey,2017-2018,tab4.4.pdf,https://www.indiabudget.gov.in/budget2018-2019/economicsurvey2017-2018/appendixPDF/tab4.4.pdf
economic_survey,2017-2018,tab4.5.pdf,https://www.indiabudget.gov.in/budget2018-2019/economicsurvey2017-2018/appendixPDF/tab4.5.pdf
economic_survey,2017-2018,tab5.1.pdf,https://www.indiabudget.gov.in/budget2018-2019/economicsurvey2017-2018/appendixPDF/tab5.1.pdf
economic_survey,2017-2018,tab5.2.pdf,https://www.indiabudget.gov.in/budget2018-2019/economicsurvey2017-2018/appendixPDF/tab5.2.pdf
economic_survey,2017-2018,tab5.3.pdf,https://www.indiabudget.gov.in/budget2018-2019/economicsurvey2017-2018/appendixPDF/tab5.3.pdf
economic_survey,2017-2018,tab5.4.pdf,https://www.indiabudget.gov.in/budget2018-2019/economicsurvey2017-2018/appendixPDF/tab5.4.pdf
economic_survey,2017-2018,tab5.5.pdf,https://www.indiabudget.gov.in/budget2018-2019/economicsurvey2017-2018/appendixPDF/tab5.5.pdf
economic_survey,2017-2018,tab6.1A.pdf,https://www.indiabudget.gov.in/budget2018-2019/economicsurvey2017-2018/appendixPDF/tab6.1A.pdf
economic_survey,2017-2018,tab6.1B.pdf,https://www.indiabudget.gov.in/budget2018-2019/economicsurvey2017-2018/appendixPDF/tab6.1B.pdf
economic_survey,2017-2018,tab6.2.pdf,https://www.indiabudget.gov.in/budget2018-2019/economicsurvey2017-2018/appendixPDF/tab6.2.pdf
economic_survey,2017-2018,tab6.3A.pdf,https://www.indiabudget.gov.in/budget2018-2019/economicsurvey2017-2018/appendixPDF/tab6.3A.pdf
economic_survey,2017-2018,tab6.3B.pdf,https://www.indiabudget.gov.in/budget2018-2019/economicsurvey2017-2018/appendixPDF/tab6.3B.pdf
economic_survey,2017-2018,tab6.4.pdf,https://www.indiabudget.gov.in/budget2018-2019/economicsurvey2017-2018/appendixPDF/tab6.4.pdf
economic_survey,2017-2018,tab6.5.pdf,https://www.indiabudget.gov.in/budget2018-2019/economicsurvey2017-2018/appendixPDF/tab6.5.pdf
economic_survey,2017-2018,tab7.1A.pdf,https://www.indiabudget.gov.in/budget2018-2019/economicsurvey2017-2018/appendixPDF/tab7.1A.pdf
economic_survey,2017-2018,tab7.1B.pdf,https://www.indiabudget.gov.in/budget2018-2019/economicsurvey2017-2018/appendixPDF/tab7.1B.pdf
economic_survey,2017-2018,tab7.2A.pdf,https://www.indiabudget.gov.in/budget2018-2019/economicsurvey2017-2018/appendixPDF/tab7.2A.pdf
economic_survey,2017-2018,tab7.2B.pdf,https://www.indiabudget.gov.in/budget2018-2019/economicsurvey2017-2018/appendixPDF/tab7.2B.pdf
economic_survey,2017-2018,tab7.3A.pdf,https://www.indiabudget.gov.in/budget2018-2019/economicsurvey2017-2018/appendixPDF/tab7.3A.pdf
economic_survey,2017-2018,tab7.3B.pdf,https://www.indiabudget.gov.in/budget2018-2019/economicsurvey2017-2018/appendixPDF/tab7.3B.pdf
economic_survey,2017-2018,tab7.4A.pdf,https://www.indiabudget.gov.in/budget2018-2019/economicsurvey2017-2018/appendixPDF/tab7.4A.pdf
economic_survey,2017-2018,tab7.4B.pdf,https://www.indiabudget.gov.in/budget2018-2019/economicsurvey2017-2018/appendixPDF/tab7.4B.pdf
economic_survey,2017-2018,tab7.5.pdf,https://www.indiabudget.gov.in/budget2018-2019/economicsurvey2017-2018/appendixPDF/tab7.5.pdf
economic_survey,2017-2018,tab7.6.pdf,https://www.indiabudget.gov.in/budget2018-2019/economicsurvey2017-2018/appendixPDF/tab7.6.pdf
economic_survey,2017-2018,tab8.1A.pdf,https://www.indiabudget.gov.in/budget2018-2019/economicsurvey2017-2018/appendixPDF/tab8.1A.pdf
economic_survey,2017-2018,tab8.1B.pdf,https://www.indiabudget.gov.in/budget2018-2019/economicsurvey2017-2018/appendixPDF/tab8.1B.pdf
economic_survey,2017-2018,tab8.2A.pdf,https://www.indiabudget.gov.in/budget2018-2019/economicsurvey2017-2018/appendixPDF/tab8.2A.pdf
economic_survey,2017-2018,tab8.2B.pdf,https://www.indiabudget.gov.in/budget2018-2019/economicsurvey2017-2018/appendixPDF/tab8.2B.pdf
economic_survey,2017-2018,tab8.3A.pdf,https://www.indiabudget.gov.in/budget2018-2019/economicsurvey2017-2018/appendixPDF/tab8.3A.pdf
economic_survey,2017-2018,tab8.3B.pdf,https://www.indiabudget.gov.in/budget2018-2019/economicsurvey2017-2018/appendixPDF/tab8.3B.pdf
economic_survey,2017-2018,tab8.4A.pdf,https://www.indiabudget.gov.in/budget2018-2019/economicsurvey2017-2018/appendixPDF/tab8.4A.pdf
economic_survey,2017-2018,tab8.4B.pdf,https://www.indiabudget.gov.in/budget2018-2019/economicsurvey2017-2018/appendixPDF/tab8.4B.pdf
economic_survey,2017-2018,tab9.1.pdf,https://www.indiabudget.gov.in/budget2018-2019/economicsurvey2017-2018/appendixPDF/tab9.1.pdf
economic_survey,2017-2018,tab9.2.pdf,https://www.indiabudget.gov.in/budget2018-2019/economicsurvey2017-2018/appendixPDF/tab9.2.pdf
economic_survey,2017-2018,tab9.3.pdf,https://www.indiabudget.gov.in/budget2018-2019/economicsurvey2017-2018/appendixPDF/tab9.3.pdf
economic_survey,2017-2018,tab9.4.pdf,https://www.indiabudget.gov.in/budget2018-2019/economicsurvey2017-2018/appendixPDF/tab9.4.pdf
economic_survey,2017-2018,tab9.5.pdf,https://www.indiabudget.gov.in/budget2018-2019/economicsurvey2017-2018/appendixPDF/tab9.5.pdf
economic_survey,2017-2018,tab9.6.pdf,https://www.indiabudget.gov.in/budget2018-2019/economicsurvey2017-2018/appendixPDF/tab9.6.pdf
economic_survey,2017-2018,tab9.7.pdf,https://www.indiabudget.gov.in/budget2018-2019/economicsurvey2017-2018/appendixPDF/tab9.7.pdf
economic_survey,2017-2018,tab9.8.pdf,https://www.indiabudget.gov.in/budget2018-2019/economicsurvey2017-2018/appendixPDF/tab9.8.pdf
economic_survey,2015-2016,vol1_corrigendaEnglish.pdf,https://www.indiabudget.gov.in/budget2016-2017/es2014-15/vol1_corrigendaEnglish.pdf
economic_survey,2015-2016,vol2_corrigendaEnglish.pdf,https://www.indiabudget.gov.in/budget2016-2017/es2014-15/vol2_corrigendaEnglish.pdf
economic_survey,2014-2015,vol2_corrigendaEnglish.pdf,https://www.indiabudget.gov.in/budget2015-2016/es2014-15/vol2_corrigendaEnglish.pdf
economic_survey,1996-1997,Contents.pdf,https://www.indiabudget.gov.in/budget_archive/es96-97/Contents.pdf
economic_survey,1996-1997,1%20General%20Review.pdf,https://www.indiabudget.gov.in/budget_archive/es96-97/1%20General%20Review.pdf
economic_survey,1996-1997,2%20Public%20Finance.pdf,https://www.indiabudget.gov.in/budget_archive/es96-97/2%20Public%20Finance.pdf
economic_survey,1996-1997,3%20Monetary%20and%20Banking%20Developments.pdf,https://www.indiabudget.gov.in/budget_archive/es96-97/3%20Monetary%20and%20Banking%20Developments.pdf
economic_survey,1996-1997,4%20Capital%20and%20Money%20Markets.pdf,https://www.indiabudget.gov.in/budget_archive/es96-97/4%20Capital%20and%20Money%20Markets.pdf
economic_survey,1996-1997,5%20Prices%20and%20Distribution.pdf,https://www.indiabudget.gov.in/budget_archive/es96-97/5%20Prices%20and%20Distribution.pdf
economic_survey,1996-1997,6%20External%20Sector.pdf,https://www.indiabudget.gov.in/budget_archive/es96-97/6%20External%20Sector.pdf
economic_survey,1996-1997,7%20Industrial%20Policy%20and%20Development.pdf,https://www.indiabudget.gov.in/budget_archive/es96-97/7%20Industrial%20Policy%20and%20Development.pdf
economic_survey,1996-1997,8%20Agriculture.pdf,https://www.indiabudget.gov.in/budget_archive/es96-97/8%20Agriculture.pdf
economic_survey,1996-1997,9%20Infrastracture.pdf,https://www.indiabudget.gov.in/budget_archive/es96-97/9%20Infrastracture.pdf
economic_survey,1996-1997,10%20Social%20sectors.pdf,https://www.indiabudget.gov.in/budget_archive/es96-97/10%20Social%20sectors.pdf
economic_survey,1996-1997,Appendix%20Statistical%20Tables.pdf,https://www.indiabudget.gov.in/budget_archive/es96-97/Appendix%20Statistical%20Tables.pdf
economic_survey,1995-1996,0%20Ecomonic%20Survey%201995-96%20INDEX.pdf,https://www.indiabudget.gov.in/budget_archive/es1995-96/0%20Ecomonic%20Survey%201995-96%20INDEX.pdf
economic_survey,1995-1996,1%20General%20Review.pdf,https://www.indiabudget.gov.in/budget_archive/es1995-96/1%20General%20Review.pdf
economic_survey,1995-1996,2%20Publec%20Finance.pdf,https://www.indiabudget.gov.in/budget_archive/es1995-96/2%20Publec%20Finance.pdf
economic_survey,1995-1996,3%20Monetry%20and%20Banking%20Developments.pdf,https://www.indiabudget.gov.in/budget_archive/es1995-96/3%20Monetry%20and%20Banking%20Developments.pdf
economic_survey,1995-1996,4%20Capital%20and%20Money%20Markets.pdf,https://www.indiabudget.gov.in/budget_archive/es1995-96/4%20Capital%20and%20Money%20Markets.pdf
economic_survey,1995-1996,5%20Prices%20and%20Distribution.pdf,https://www.indiabudget.gov.in/budget_archive/es1995-96/5%20Prices%20and%20Distribution.pdf
economic_survey,1995-1996,6%20External%20Sector.pdf,https://www.indiabudget.gov.in/budget_archive/es1995-96/6%20External%20Sector.pdf
economic_survey,1995-1996,7%20Industrial%20Policy%20and%20Development.pdf,https://www.indiabudget.gov.in/budget_archive/es1995-96/7%20Industrial%20Policy%20and%20Development.pdf
economic_survey,1995-1996,8%20Agriculture.pdf,https://www.indiabudget.gov.in/budget_archive/es1995-96/8%20Agriculture.pdf
economic_survey,1995-1996,9%20Infrastructure.pdf,https://www.indiabudget.gov.in/budget_archive/es1995-96/9%20Infrastructure.pdf
economic_survey,1995-1996,10%20Social%20sectors.pdf,https://www.indiabudget.gov.in/budget_archive/es1995-96/10%20Social%20sectors.pdf
economic_survey,1994-1995,0%20Economic%20Survey%201994-95%20INDEX.pdf,https://www.indiabudget.gov.in/budget_archive/es1994-95/0%20Economic%20Survey%201994-95%20INDEX.pdf
economic_survey,1994-1995,1%20General%20Review.pdf,https://www.indiabudget.gov.in/budget_archive/es1994-95/1%20General%20Review.pdf
economic_survey,1994-1995,2%20Public%20Finance.pdf,https://www.indiabudget.gov.in/budget_archive/es1994-95/2%20Public%20Finance.pdf
economic_survey,1994-1995,3%20Money%20and%20Finance.pdf,https://www.indiabudget.gov.in/budget_archive/es1994-95/3%20Money%20and%20Finance.pdf
economic_survey,1994-1995,4%20Prices%20and%20Distribution.pdf,https://www.indiabudget.gov.in/budget_archive/es1994-95/4%20Prices%20and%20Distribution.pdf
economic_survey,1994-1995,5%20External%20Sector.pdf,https://www.indiabudget.gov.in/budget_archive/es1994-95/5%20External%20Sector.pdf
economic_survey,1994-1995,6%20Industrial%20Policy%20and%20Development.pdf,https://www.indiabudget.gov.in/budget_archive/es1994-95/6%20Industrial%20Policy%20and%20Development.pdf
economic_survey,1994-1995,7%20Agriculture.pdf,https://www.indiabudget.gov.in/budget_archive/es1994-95/7%20Agriculture.pdf
economic_survey,1994-1995,8%20Infrastructure.pdf,https://www.indiabudget.gov.in/budget_archive/es1994-95/8%20Infrastructure.pdf
economic_survey,1994-1995,9%20Social%20Sectors.pdf,https://www.indiabudget.gov.in/budget_archive/es1994-95/9%20Social%20Sectors.pdf
economic_survey,1993-1994,0%20Economic%20Survey%201993-94%20Index.pdf,https://www.indiabudget.gov.in/budget_archive/es1993-94/0%20Economic%20Survey%201993-94%20Index.pdf
economic_survey,1993-1994,1%20General%20Review.pdf,https://www.indiabudget.gov.in/budget_archive/es1993-94/1%20General%20Review.pdf
economic_survey,1993-1994,2%20Public%20Finance.pdf,https://www.indiabudget.gov.in/budget_archive/es1993-94/2%20Public%20Finance.pdf
economic_survey,1993-1994,3%20Money%20and%20Finace.pdf,https://www.indiabudget.gov.in/budget_archive/es1993-94/3%20Money%20and%20Finace.pdf
economic_survey,1993-1994,4%20Prices%20and%20Distribution.pdf,https://www.indiabudget.gov.in/budget_archive/es1993-94/4%20Prices%20and%20Distribution.pdf
economic_survey,1993-1994,5%20The%20External%20Sector.pdf,https://www.indiabudget.gov.in/budget_archive/es1993-94/5%20The%20External%20Sector.pdf
economic_survey,1993-1994,6%20Industrial%20Polices%20and%20Development.pdf,https://www.indiabudget.gov.in/budget_archive/es1993-94/6%20Industrial%20Polices%20and%20Development.pdf
economic_survey,1993-1994,7%20Agriculture.pdf,https://www.indiabudget.gov.in/budget_archive/es1993-94/7%20Agriculture.pdf
economic_survey,1993-1994,8%20Infrastructure.pdf,https://www.indiabudget.gov.in/budget_archive/es1993-94/8%20Infrastructure.pdf
economic_survey,1993-1994,9%20Social%20Sectors.pdf,https://www.indiabudget.gov.in/budget_archive/es1993-94/9%20Social%20Sectors.pdf
economic_survey,1992-1993,0%20Economic%20Survey%201992-93%20Index.pdf,https://www.indiabudget.gov.in/budget_archive/es1992-93/0%20Economic%20Survey%201992-93%20Index.pdf
economic_survey,1992-1993,1%20General%20Review.pdf,https://www.indiabudget.gov.in/budget_archive/es1992-93/1%20General%20Review.pdf
economic_survey,1992-1993,2%20Public%20Finance.pdf,https://www.indiabudget.gov.in/budget_archive/es1992-93/2%20Public%20Finance.pdf
economic_survey,1992-1993,3%20Money%20and%20Finance.pdf,https://www.indiabudget.gov.in/budget_archive/es1992-93/3%20Money%20and%20Finance.pdf
economic_survey,1992-1993,4%20Prices%20and%20Distribution.pdf,https://www.indiabudget.gov.in/budget_archive/es1992-93/4%20Prices%20and%20Distribution.pdf
economic_survey,1992-1993,5%20Balance%20of%20Payments.pdf,https://www.indiabudget.gov.in/budget_archive/es1992-93/5%20Balance%20of%20Payments.pdf
economic_survey,1992-1993,6%20Industrial%20Policies%20and%20Performance.pdf,https://www.indiabudget.gov.in/budget_archive/es1992-93/6%20Industrial%20Policies%20and%20Performance.pdf
economic_survey,1992-1993,7%20Agriculture.pdf,https://www.indiabudget.gov.in/budget_archive/es1992-93/7%20Agriculture.pdf
economic_survey,1992-1993,8%20Infrastructure.pdf,https://www.indiabudget.gov.in/budget_archive/es1992-93/8%20Infrastructure.pdf
economic_survey,1992-1993,9%20Social%20Sector.pdf,https://www.indiabudget.gov.in/budget_archive/es1992-93/9%20Social%20Sector.pdf
economic_survey,1991-1992A,0%20Economic%20Survey%201991-92%20Index.pdf,https://www.indiabudget.gov.in/budget_archive/es1991-92_A/0%20Economic%20Survey%201991-92%20Index.pdf
economic_survey,1991-1992A,1%20Growth%20Performance.pdf,https://www.indiabudget.gov.in/budget_archive/es1991-92_A/1%20Growth%20Performance.pdf
economic_survey,1991-1992A,2%20The%20Payments%20Crisis.pdf,https://www.indiabudget.gov.in/budget_archive/es1991-92_A/2%20The%20Payments%20Crisis.pdf
economic_survey,1991-1992A,3%20Inflation.pdf,https://www.indiabudget.gov.in/budget_archive/es1991-92_A/3%20Inflation.pdf
economic_survey,1991-1992A,4%20Growth%20and%20Equity.pdf,https://www.indiabudget.gov.in/budget_archive/es1991-92_A/4%20Growth%20and%20Equity.pdf
economic_survey,1991-1992A,5%20Conclusion.pdf,https://www.indiabudget.gov.in/budget_archive/es1991-92_A/5%20Conclusion.pdf
economic_survey,1991-1992B,0%20Economic%20Survey%201991-92_B%20Index.pdf,https://www.indiabudget.gov.in/budget_archive/es1991-92_B/0%20Economic%20Survey%201991-92_B%20Index.pdf
economic_survey,1991-1992B,1%20Introduction.pdf,https://www.indiabudget.gov.in/budget_archive/es1991-92_B/1%20Introduction.pdf
economic_survey,1991-1992B,2%20Public%20Finances.pdf,https://www.indiabudget.gov.in/budget_archive/es1991-92_B/2%20Public%20Finances.pdf
economic_survey,1991-1992B,3%20Money%20and%20Credit.pdf,https://www.indiabudget.gov.in/budget_archive/es1991-92_B/3%20Money%20and%20Credit.pdf
economic_survey,1991-1992B,4%20Prices%20and%20Distribution.pdf,https://www.indiabudget.gov.in/budget_archive/es1991-92_B/4%20Prices%20and%20Distribution.pdf
economic_survey,1991-1992B,5%20Balance%20of%20Payments.pdf,https://www.indiabudget.gov.in/budget_archive/es1991-92_B/5%20Balance%20of%20Payments.pdf
economic_survey,1991-1992B,6%20Industry.pdf,https://www.indiabudget.gov.in/budget_archive/es1991-92_B/6%20Industry.pdf
economic_survey,1991-1992B,7%20Agriculture.pdf,https://www.indiabudget.gov.in/budget_archive/es1991-92_B/7%20Agriculture.pdf
economic_survey,1991-1992B,8%20Infrastructure.pdf,https://www.indiabudget.gov.in/budget_archive/es1991-92_B/8%20Infrastructure.pdf
economic_survey,1991-1992B,9%20Social%20Sectors.pdf,https://www.indiabudget.gov.in/budget_archive/es1991-92_B/9%20Social%20Sectors.pdf
economic_survey,1990-1991,0%20Economic%20Survey%201990-91%20Index.pdf,https://www.indiabudget.gov.in/budget_archive/es1990-91/0%20Economic%20Survey%201990-91%20Index.pdf
economic_survey,1990-1991,1%20The%20Economic%20Situation%20in%201990-91.pdf,https://www.indiabudget.gov.in/budget_archive/es1990-91/1%20The%20Economic%20Situation%20in%201990-91.pdf
economic_survey,1990-1991,2%20Agriculturral%20Production.pdf,https://www.indiabudget.gov.in/budget_archive/es1990-91/2%20Agriculturral%20Production.pdf
economic_survey,1990-1991,3%20Industrial%20Performance%20and%20Polices.pdf,https://www.indiabudget.gov.in/budget_archive/es1990-91/3%20Industrial%20Performance%20and%20Polices.pdf
economic_survey,1990-1991,4%20Infrastructure.pdf,https://www.indiabudget.gov.in/budget_archive/es1990-91/4%20Infrastructure.pdf
economic_survey,1990-1991,5%20Human%20Resources.pdf,https://www.indiabudget.gov.in/budget_archive/es1990-91/5%20Human%20Resources.pdf
economic_survey,1990-1991,6%20Prices%20Price%20Policy%20and%20Public%20Distribution%20System.pdf,https://www.indiabudget.gov.in/budget_archive/es1990-91/6%20Prices%20Price%20Policy%20and%20Public%20Distribution%20System.pdf
economic_survey,1990-1991,7%20Fiscal%20Policy%20and%20Government%20Budget.pdf,https://www.indiabudget.gov.in/budget_archive/es1990-91/7%20Fiscal%20Policy%20and%20Government%20Budget.pdf
economic_survey,1990-1991,8%20Monetary%20and%20Credit%20Developments.pdf,https://www.indiabudget.gov.in/budget_archive/es1990-91/8%20Monetary%20and%20Credit%20Developments.pdf
economic_survey,1990-1991,9%20The%20External%20Sector.pdf,https://www.indiabudget.gov.in/budget_archive/es1990-91/9%20The%20External%20Sector.pdf
economic_survey,1990-1991,10%20Problems%20and%20Prospects.pdf,https://www.indiabudget.gov.in/budget_archive/es1990-91/10%20Problems%20and%20Prospects.pdf
economic_survey,1989-1990,0%20Economic%20Survey%201989-90%20Index.pdf,https://www.indiabudget.gov.in/budget_archive/es1989-90/0%20Economic%20Survey%201989-90%20Index.pdf
economic_survey,1989-1990,1%20The%20Economic%20Situation%20in%201989-90.pdf,https://www.indiabudget.gov.in/budget_archive/es1989-90/1%20The%20Economic%20Situation%20in%201989-90.pdf
economic_survey,1989-1990,2%20Agricultural%20Production.pdf,https://www.indiabudget.gov.in/budget_archive/es1989-90/2%20Agricultural%20Production.pdf
economic_survey,1989-1990,3%20Infrastructure.pdf,https://www.indiabudget.gov.in/budget_archive/es1989-90/3%20Infrastructure.pdf
economic_survey,1989-1990,4%20Industrial%20Performance%20and%20Policies.pdf,https://www.indiabudget.gov.in/budget_archive/es1989-90/4%20Industrial%20Performance%20and%20Policies.pdf
economic_survey,1989-1990,5%20Prices%20Price%20Policy%20&%20Public%20Distribution%20System.pdf,https://www.indiabudget.gov.in/budget_archive/es1989-90/5%20Prices%20Price%20Policy%20&%20Public%20Distribution%20System.pdf
economic_survey,1989-1990,6%20Fiscal%20Policy%20and%20Government%20Budget.pdf,https://www.indiabudget.gov.in/budget_archive/es1989-90/6%20Fiscal%20Policy%20and%20Government%20Budget.pdf
economic_survey,1989-1990,7%20Monetary%20and%20Credit%20Developments.pdf,https://www.indiabudget.gov.in/budget_archive/es1989-90/7%20Monetary%20and%20Credit%20Developments.pdf
economic_survey,1989-1990,8%20The%20External%20Sector.pdf,https://www.indiabudget.gov.in/budget_archive/es1989-90/8%20The%20External%20Sector.pdf
economic_survey,1989-1990,9%20Problems%20and%20Prospects.pdf,https://www.indiabudget.gov.in/budget_archive/es1989-90/9%20Problems%20and%20Prospects.pdf
economic_survey,1988-1989,0%20Economic%20Survey%201988-89%20Index.pdf,https://www.indiabudget.gov.in/budget_archive/es1988-89/0%20Economic%20Survey%201988-89%20Index.pdf
economic_survey,1988-1989,1%20The%20Economic%20Situation%20in%201988-89.pdf,https://www.indiabudget.gov.in/budget_archive/es1988-89/1%20The%20Economic%20Situation%20in%201988-89.pdf
economic_survey,1988-1989,2%20Agricultural%20Production.pdf,https://www.indiabudget.gov.in/budget_archive/es1988-89/2%20Agricultural%20Production.pdf
economic_survey,1988-1989,3%20Infrastructure.pdf,https://www.indiabudget.gov.in/budget_archive/es1988-89/3%20Infrastructure.pdf
economic_survey,1988-1989,4%20Industrial%20Performance%20and%20Polocies.pdf,https://www.indiabudget.gov.in/budget_archive/es1988-89/4%20Industrial%20Performance%20and%20Polocies.pdf
economic_survey,1988-1989,5%20Prices%20Price%20Policy%20and%20Public%20Distribution%20System.pdf,https://www.indiabudget.gov.in/budget_archive/es1988-89/5%20Prices%20Price%20Policy%20and%20Public%20Distribution%20System.pdf
economic_survey,1988-1989,6%20Fiscal%20Policy%20and%20The%20Government%20Budget.pdf,https://www.indiabudget.gov.in/budget_archive/es1988-89/6%20Fiscal%20Policy%20and%20The%20Government%20Budget.pdf
economic_survey,1988-1989,7%20Monetary%20and%20Credit%20Developments.pdf,https://www.indiabudget.gov.in/budget_archive/es1988-89/7%20Monetary%20and%20Credit%20Developments.pdf
economic_survey,1988-1989,8%20The%20External%20Sector.pdf,https://www.indiabudget.gov.in/budget_archive/es1988-89/8%20The%20External%20Sector.pdf
economic_survey,1988-1989,9%20Problems%20and%20Prospects.pdf,https://www.indiabudget.gov.in/budget_archive/es1988-89/9%20Problems%20and%20Prospects.pdf
economic_survey,1987-1988,0%20Economic%20Survey%201987-88%20Index.pdf,https://www.indiabudget.gov.in/budget_archive/es1987-88/0%20Economic%20Survey%201987-88%20Index.pdf
economic_survey,1987-1988,1%20The%20Economic%20Situation%20in%201987-88.pdf,https://www.indiabudget.gov.in/budget_archive/es1987-88/1%20The%20Economic%20Situation%20in%201987-88.pdf
economic_survey,1987-1988,2%20Agricultural%20Production.pdf,https://www.indiabudget.gov.in/budget_archive/es1987-88/2%20Agricultural%20Production.pdf
economic_survey,1987-1988,3%20Infrastructure.pdf,https://www.indiabudget.gov.in/budget_archive/es1987-88/3%20Infrastructure.pdf
economic_survey,1987-1988,4%20Industrial%20Performance.pdf,https://www.indiabudget.gov.in/budget_archive/es1987-88/4%20Industrial%20Performance.pdf
economic_survey,1987-1988,5%20Prices%20Price%20Policy%20and%20The%20Public%20Distribution%20System.pdf,https://www.indiabudget.gov.in/budget_archive/es1987-88/5%20Prices%20Price%20Policy%20and%20The%20Public%20Distribution%20System.pdf
economic_survey,1987-1988,6%20Fiscal%20Policy%20and%20The%20Government%20Budget.pdf,https://www.indiabudget.gov.in/budget_archive/es1987-88/6%20Fiscal%20Policy%20and%20The%20Government%20Budget.pdf
economic_survey,1987-1988,7%20Monetary%20and%20Credit%20Developments.pdf,https://www.indiabudget.gov.in/budget_archive/es1987-88/7%20Monetary%20and%20Credit%20Developments.pdf
economic_survey,1987-1988,8%20The%20External%20Sector.pdf,https://www.indiabudget.gov.in/budget_archive/es1987-88/8%20The%20External%20Sector.pdf
economic_survey,1987-1988,9%20Problems%20and%20Prospects.pdf,https://www.indiabudget.gov.in/budget_archive/es1987-88/9%20Problems%20and%20Prospects.pdf
economic_survey,1986-1987,0%20Economic%20Survey%201986-87%20Index.pdf,https://www.indiabudget.gov.in/budget_archive/es1986-87/0%20Economic%20Survey%201986-87%20Index.pdf
economic_survey,1986-1987,1%20The%20Economic%20Situation%20in%201986-87.pdf,https://www.indiabudget.gov.in/budget_archive/es1986-87/1%20The%20Economic%20Situation%20in%201986-87.pdf
economic_survey,1986-1987,2%20Agricultural%20Production.pdf,https://www.indiabudget.gov.in/budget_archive/es1986-87/2%20Agricultural%20Production.pdf
economic_survey,1986-1987,3%20Infrastructure.pdf,https://www.indiabudget.gov.in/budget_archive/es1986-87/3%20Infrastructure.pdf
economic_survey,1986-1987,4%20Industrial%20Performance.PDF,https://www.indiabudget.gov.in/budget_archive/es1986-87/4%20Industrial%20Performance.PDF
economic_survey,1986-1987,5%20Prices.pdf,https://www.indiabudget.gov.in/budget_archive/es1986-87/5%20Prices.pdf
economic_survey,1986-1987,6%20Fiscal%20Policy%20and%20Government%20Budget.pdf,https://www.indiabudget.gov.in/budget_archive/es1986-87/6%20Fiscal%20Policy%20and%20Government%20Budget.pdf
economic_survey,1986-1987,7%20Monetary%20and%20Credit%20Developments.pdf,https://www.indiabudget.gov.in/budget_archive/es1986-87/7%20Monetary%20and%20Credit%20Developments.pdf
economic_survey,1986-1987,8%20Foreign%20Trade%20and%20Balance%20of%20Payments.pdf,https://www.indiabudget.gov.in/budget_archive/es1986-87/8%20Foreign%20Trade%20and%20Balance%20of%20Payments.pdf
economic_survey,1986-1987,9%20Problems%20and%20Prospects.pdf,https://www.indiabudget.gov.in/budget_archive/es1986-87/9%20Problems%20and%20Prospects.pdf
economic_survey,1985-1986,0%20Economic%20Survey%201985-86%20Index.pdf,https://www.indiabudget.gov.in/budget_archive/es1985-86/0%20Economic%20Survey%201985-86%20Index.pdf
economic_survey,1985-1986,1%20Economic%20Situation%20in%201985-86.pdf,https://www.indiabudget.gov.in/budget_archive/es1985-86/1%20Economic%20Situation%20in%201985-86.pdf
economic_survey,1985-1986,2%20Agricultural%20Production.pdf,https://www.indiabudget.gov.in/budget_archive/es1985-86/2%20Agricultural%20Production.pdf
economic_survey,1985-1986,3%20Infrastructure.pdf,https://www.indiabudget.gov.in/budget_archive/es1985-86/3%20Infrastructure.pdf
economic_survey,1985-1986,4%20Industrial%20Policy%20and%20Performance.pdf,https://www.indiabudget.gov.in/budget_archive/es1985-86/4%20Industrial%20Policy%20and%20Performance.pdf
economic_survey,1985-1986,5%20Prices%20and%20Price%20Policy.pdf,https://www.indiabudget.gov.in/budget_archive/es1985-86/5%20Prices%20and%20Price%20Policy.pdf
economic_survey,1985-1986,6%20Fiscal%20Policy%20and%20Government%20Budget.pdf,https://www.indiabudget.gov.in/budget_archive/es1985-86/6%20Fiscal%20Policy%20and%20Government%20Budget.pdf
economic_survey,1985-1986,7%20Monetary%20and%20Credit%20Developments.pdf,https://www.indiabudget.gov.in/budget_archive/es1985-86/7%20Monetary%20and%20Credit%20Developments.pdf
economic_survey,1985-1986,8%20Foreign%20Trade%20and%20Balance%20of%20Payments.pdf,https://www.indiabudget.gov.in/budget_archive/es1985-86/8%20Foreign%20Trade%20and%20Balance%20of%20Payments.pdf
economic_survey,1985-1986,9%20Problems%20and%20Prospects.pdf,https://www.indiabudget.gov.in/budget_archive/es1985-86/9%20Problems%20and%20Prospects.pdf
economic_survey,1984-1985,0%20Economic%20Survey%201984-85%20Index.pdf,https://www.indiabudget.gov.in/budget_archive/es1984-85/0%20Economic%20Survey%201984-85%20Index.pdf
economic_survey,1984-1985,1%20Economic%20Situation%20in%201984-85.pdf,https://www.indiabudget.gov.in/budget_archive/es1984-85/1%20Economic%20Situation%20in%201984-85.pdf
economic_survey,1984-1985,2%20Agricultural%20Production.pdf,https://www.indiabudget.gov.in/budget_archive/es1984-85/2%20Agricultural%20Production.pdf
economic_survey,1984-1985,3%20Infrastucture.pdf,https://www.indiabudget.gov.in/budget_archive/es1984-85/3%20Infrastucture.pdf
economic_survey,1984-1985,4%20Industrial%20Production.pdf,https://www.indiabudget.gov.in/budget_archive/es1984-85/4%20Industrial%20Production.pdf
economic_survey,1984-1985,5%20Prices%20and%20Price%20Policy.pdf,https://www.indiabudget.gov.in/budget_archive/es1984-85/5%20Prices%20and%20Price%20Policy.pdf
economic_survey,1984-1985,6%20Fiscal%20Policy%20and%20Government%20Budget.pdf,https://www.indiabudget.gov.in/budget_archive/es1984-85/6%20Fiscal%20Policy%20and%20Government%20Budget.pdf
economic_survey,1984-1985,7%20Monetary%20and%20Credit%20Developments.pdf,https://www.indiabudget.gov.in/budget_archive/es1984-85/7%20Monetary%20and%20Credit%20Developments.pdf
economic_survey,1984-1985,8%20Foreign%20Trade%20and%20Balance%20of%20Payments.pdf,https://www.indiabudget.gov.in/budget_archive/es1984-85/8%20Foreign%20Trade%20and%20Balance%20of%20Payments.pdf
economic_survey,1984-1985,9%20Problems%20and%20Prospects.pdf,https://www.indiabudget.gov.in/budget_archive/es1984-85/9%20Problems%20and%20Prospects.pdf
economic_survey,1983-1984,0%20Economic%20Survey%201983-84%20Index.pdf,https://www.indiabudget.gov.in/budget_archive/es1983-84/0%20Economic%20Survey%201983-84%20Index.pdf
economic_survey,1983-1984,1%20Economic%20Situation%20in%201983-84.pdf,https://www.indiabudget.gov.in/budget_archive/es1983-84/1%20Economic%20Situation%20in%201983-84.pdf
economic_survey,1983-1984,2%20Agricultural%20Production.pdf,https://www.indiabudget.gov.in/budget_archive/es1983-84/2%20Agricultural%20Production.pdf
economic_survey,1983-1984,3%20Infrastructure.pdf,https://www.indiabudget.gov.in/budget_archive/es1983-84/3%20Infrastructure.pdf
economic_survey,1983-1984,v.pdf,https://www.indiabudget.gov.in/budget_archive/es1983-84/v.pdf
economic_survey,1983-1984,5%20Prices%20and%20Price%20Policy.pdf,https://www.indiabudget.gov.in/budget_archive/es1983-84/5%20Prices%20and%20Price%20Policy.pdf
economic_survey,1983-1984,6%20Fiscal%20Policy%20and%20Government%20Budget.pdf,https://www.indiabudget.gov.in/budget_archive/es1983-84/6%20Fiscal%20Policy%20and%20Government%20Budget.pdf
economic_survey,1983-1984,7%20Monetary%20and%20Credit%20Developments.pdf,https://www.indiabudget.gov.in/budget_archive/es1983-84/7%20Monetary%20and%20Credit%20Developments.pdf
economic_survey,1983-1984,8%20Foreign%20Trade%20and%20Balance%20of%20Payments.pdf,https://www.indiabudget.gov.in/budget_archive/es1983-84/8%20Foreign%20Trade%20and%20Balance%20of%20Payments.pdf
economic_survey,1983-1984,9%20Future%20Prospects%20and%20Problems.pdf,https://www.indiabudget.gov.in/budget_archive/es1983-84/9%20Future%20Prospects%20and%20Problems.pdf
economic_survey,1982-1983,0%20Economic%20Survay%201982-83%20Index.pdf,https://www.indiabudget.gov.in/budget_archive/es1982-83/0%20Economic%20Survay%201982-83%20Index.pdf
economic_survey,1982-1983,1%20Economic%20Situation%20in%201982-83.pdf,https://www.indiabudget.gov.in/budget_archive/es1982-83/1%20Economic%20Situation%20in%201982-83.pdf
economic_survey,1982-1983,2%20Agricultural%20Production.pdf,https://www.indiabudget.gov.in/budget_archive/es1982-83/2%20Agricultural%20Production.pdf
economic_survey,1982-1983,3%20Infrastructure.pdf,https://www.indiabudget.gov.in/budget_archive/es1982-83/3%20Infrastructure.pdf
economic_survey,1982-1983,4%20Industrial%20Production.pdf,https://www.indiabudget.gov.in/budget_archive/es1982-83/4%20Industrial%20Production.pdf
economic_survey,1982-1983,5%20Prices%20and%20Price%20Policy.pdf,https://www.indiabudget.gov.in/budget_archive/es1982-83/5%20Prices%20and%20Price%20Policy.pdf
economic_survey,1982-1983,6%20Fiscal%20Policy%20and%20Government%20Budget.pdf,https://www.indiabudget.gov.in/budget_archive/es1982-83/6%20Fiscal%20Policy%20and%20Government%20Budget.pdf
economic_survey,1982-1983,7%20Monetary%20and%20Credit%20Developments.pdf,https://www.indiabudget.gov.in/budget_archive/es1982-83/7%20Monetary%20and%20Credit%20Developments.pdf
economic_survey,1982-1983,8%20Foreign%20Trade%20and%20Balance%20of%20Payments.pdf,https://www.indiabudget.gov.in/budget_archive/es1982-83/8%20Foreign%20Trade%20and%20Balance%20of%20Payments.pdf
economic_survey,1981-1982,0%20Economic%20Survey%201981-82%20Index.pdf,https://www.indiabudget.gov.in/budget_archive/es1981-82/0%20Economic%20Survey%201981-82%20Index.pdf
economic_survey,1981-1982,1%20Economic%20situation%20in%201981-82.pdf,https://www.indiabudget.gov.in/budget_archive/es1981-82/1%20Economic%20situation%20in%201981-82.pdf
economic_survey,1981-1982,2%20Agricultural%20Production.pdf,https://www.indiabudget.gov.in/budget_archive/es1981-82/2%20Agricultural%20Production.pdf
economic_survey,1981-1982,3%20Infrastructure.pdf,https://www.indiabudget.gov.in/budget_archive/es1981-82/3%20Infrastructure.pdf
economic_survey,1981-1982,4%20Industrial%20Production.pdf,https://www.indiabudget.gov.in/budget_archive/es1981-82/4%20Industrial%20Production.pdf
economic_survey,1981-1982,5%20Prices%20and%20Price%20Policy.pdf,https://www.indiabudget.gov.in/budget_archive/es1981-82/5%20Prices%20and%20Price%20Policy.pdf
economic_survey,1981-1982,6%20Fiscal%20Policy%20and%20Government%20Budget.pdf,https://www.indiabudget.gov.in/budget_archive/es1981-82/6%20Fiscal%20Policy%20and%20Government%20Budget.pdf
economic_survey,1981-1982,7%20Monetary%20and%20Credit%20Developments.pdf,https://www.indiabudget.gov.in/budget_archive/es1981-82/7%20Monetary%20and%20Credit%20Developments.pdf
economic_survey,1981-1982,8%20Foreign%20Trade%20and%20Balance%20of%20Payments.pdf,https://www.indiabudget.gov.in/budget_archive/es1981-82/8%20Foreign%20Trade%20and%20Balance%20of%20Payments.pdf
economic_survey,1981-1982,9%20The%20Tasks%20Ahead.pdf,https://www.indiabudget.gov.in/budget_archive/es1981-82/9%20The%20Tasks%20Ahead.pdf
economic_survey,1980-1981,0%20Economic%20Survey%201980-81%20Index.pdf,https://www.indiabudget.gov.in/budget_archive/es1980-81/0%20Economic%20Survey%201980-81%20Index.pdf
economic_survey,1980-1981,1%20The%20Economic%20Situation%20in%201980-81.pdf,https://www.indiabudget.gov.in/budget_archive/es1980-81/1%20The%20Economic%20Situation%20in%201980-81.pdf
economic_survey,1980-1981,2%20Agricultural%20Production.pdf,https://www.indiabudget.gov.in/budget_archive/es1980-81/2%20Agricultural%20Production.pdf
economic_survey,1980-1981,3%20Infrastructure.pdf,https://www.indiabudget.gov.in/budget_archive/es1980-81/3%20Infrastructure.pdf
economic_survey,1980-1981,4%20Industrial%20Production.pdf,https://www.indiabudget.gov.in/budget_archive/es1980-81/4%20Industrial%20Production.pdf
economic_survey,1980-1981,5%20Prices%20and%20Price%20Policy.pdf,https://www.indiabudget.gov.in/budget_archive/es1980-81/5%20Prices%20and%20Price%20Policy.pdf
economic_survey,1980-1981,6%20Fiscal%20Policy%20and%20Government%20Budget.pdf,https://www.indiabudget.gov.in/budget_archive/es1980-81/6%20Fiscal%20Policy%20and%20Government%20Budget.pdf
economic_survey,1980-1981,7%20Monetary%20and%20Credit%20Developments.pdf,https://www.indiabudget.gov.in/budget_archive/es1980-81/7%20Monetary%20and%20Credit%20Developments.pdf
economic_survey,1980-1981,8%20Foreign%20Trade%20and%20balance%20of%20Payments.pdf,https://www.indiabudget.gov.in/budget_archive/es1980-81/8%20Foreign%20Trade%20and%20balance%20of%20Payments.pdf
economic_survey,1980-1981,9%20Problems%20and%20Prospects.pdf,https://www.indiabudget.gov.in/budget_archive/es1980-81/9%20Problems%20and%20Prospects.pdf
economic_survey,1979-1980,0%20Economic%20Survey%201979-80%20Index%20.pdf,https://www.indiabudget.gov.in/budget_archive/es1979-80/0%20Economic%20Survey%201979-80%20Index%20.pdf
economic_survey,1979-1980,1%20The%20Economic%20Situation%20in%201979-80.pdf,https://www.indiabudget.gov.in/budget_archive/es1979-80/1%20The%20Economic%20Situation%20in%201979-80.pdf
economic_survey,1979-1980,2%20Agricultural%20Production.pdf,https://www.indiabudget.gov.in/budget_archive/es1979-80/2%20Agricultural%20Production.pdf
economic_survey,1979-1980,3%20Industry%20and%20Infrastructure.pdf,https://www.indiabudget.gov.in/budget_archive/es1979-80/3%20Industry%20and%20Infrastructure.pdf
economic_survey,1979-1980,4%20Prices%20and%20Price%20Policy.pdf,https://www.indiabudget.gov.in/budget_archive/es1979-80/4%20Prices%20and%20Price%20Policy.pdf
economic_survey,1979-1980,5%20Fiscal%20Developments%20and%20Government%20Budgets.pdf,https://www.indiabudget.gov.in/budget_archive/es1979-80/5%20Fiscal%20Developments%20and%20Government%20Budgets.pdf
economic_survey,1979-1980,6%20Monetary%20and%20Credit%20Situation.pdf,https://www.indiabudget.gov.in/budget_archive/es1979-80/6%20Monetary%20and%20Credit%20Situation.pdf
economic_survey,1979-1980,7%20Foreign%20Trade%20and%20Balance%20of%20Payments.pdf,https://www.indiabudget.gov.in/budget_archive/es1979-80/7%20Foreign%20Trade%20and%20Balance%20of%20Payments.pdf
economic_survey,1979-1980,8%20Problems%20and%20Prospects.pdf,https://www.indiabudget.gov.in/budget_archive/es1979-80/8%20Problems%20and%20Prospects.pdf
economic_survey,1978-1979,0%20Economic%20Survey%201978-79%20Index.pdf,https://www.indiabudget.gov.in/budget_archive/es1978-79/0%20Economic%20Survey%201978-79%20Index.pdf
economic_survey,1978-1979,1%20The%20Economic%20Situation%20in%201978-79.pdf,https://www.indiabudget.gov.in/budget_archive/es1978-79/1%20The%20Economic%20Situation%20in%201978-79.pdf
economic_survey,1978-1979,2%20Agriculture.pdf,https://www.indiabudget.gov.in/budget_archive/es1978-79/2%20Agriculture.pdf
economic_survey,1978-1979,3%20Industrial%20Production.pdf,https://www.indiabudget.gov.in/budget_archive/es1978-79/3%20Industrial%20Production.pdf
economic_survey,1978-1979,4%20Prices%20and%20Price%20Policy.pdf,https://www.indiabudget.gov.in/budget_archive/es1978-79/4%20Prices%20and%20Price%20Policy.pdf
economic_survey,1978-1979,5%20Fiscal%20Policy%20and%20Government%20Budgets.PDF,https://www.indiabudget.gov.in/budget_archive/es1978-79/5%20Fiscal%20Policy%20and%20Government%20Budgets.PDF
economic_survey,1978-1979,6%20Monetary%20and%20credit%20situation.pdf,https://www.indiabudget.gov.in/budget_archive/es1978-79/6%20Monetary%20and%20credit%20situation.pdf
economic_survey,1978-1979,7%20Foreign%20Trade%20and%20Balance%20of%20Payments.pdf,https://www.indiabudget.gov.in/budget_archive/es1978-79/7%20Foreign%20Trade%20and%20Balance%20of%20Payments.pdf
economic_survey,1978-1979,8%20Problems%20and%20Prospects.pdf,https://www.indiabudget.gov.in/budget_archive/es1978-79/8%20Problems%20and%20Prospects.pdf
economic_survey,1977-1978,0%20Economic%20Survey%201977-78%20Index.pdf,https://www.indiabudget.gov.in/budget_archive/es1977-78/0%20Economic%20Survey%201977-78%20Index.pdf
economic_survey,1977-1978,1%20Economic%20Situation%20in%201977-78.pdf,https://www.indiabudget.gov.in/budget_archive/es1977-78/1%20Economic%20Situation%20in%201977-78.pdf
economic_survey,1977-1978,2%20Agriculture.pdf,https://www.indiabudget.gov.in/budget_archive/es1977-78/2%20Agriculture.pdf
economic_survey,1977-1978,3%20The%20Industrial%20Scene.pdf,https://www.indiabudget.gov.in/budget_archive/es1977-78/3%20The%20Industrial%20Scene.pdf
economic_survey,1977-1978,4%20Price%20and%20Price%20Policy.pdf,https://www.indiabudget.gov.in/budget_archive/es1977-78/4%20Price%20and%20Price%20Policy.pdf
economic_survey,1977-1978,5%20Government%20Finance%20and%20Fiscal%20Policy.pdf,https://www.indiabudget.gov.in/budget_archive/es1977-78/5%20Government%20Finance%20and%20Fiscal%20Policy.pdf
economic_survey,1977-1978,6%20Monetary%20and%20Credit%20Developments.pdf,https://www.indiabudget.gov.in/budget_archive/es1977-78/6%20Monetary%20and%20Credit%20Developments.pdf
economic_survey,1977-1978,7%20Foreign%20Trade%20and%20Balance%20of%20Payments.pdf,https://www.indiabudget.gov.in/budget_archive/es1977-78/7%20Foreign%20Trade%20and%20Balance%20of%20Payments.pdf
economic_survey,1977-1978,8%20Problems%20and%20Prospects.pdf,https://www.indiabudget.gov.in/budget_archive/es1977-78/8%20Problems%20and%20Prospects.pdf
economic_survey,1976-1977,0%20Economic%20Survey%201976-77%20Index.pdf,https://www.indiabudget.gov.in/budget_archive/es1976-77/0%20Economic%20Survey%201976-77%20Index.pdf
economic_survey,1976-1977,1%20The%20Indian%20Economy%20in%201976-77.pdf,https://www.indiabudget.gov.in/budget_archive/es1976-77/1%20The%20Indian%20Economy%20in%201976-77.pdf
economic_survey,1976-1977,2%20The%20Agricultural%20Situation.pdf,https://www.indiabudget.gov.in/budget_archive/es1976-77/2%20The%20Agricultural%20Situation.pdf
economic_survey,1976-1977,3%20The%20Industrial%20Scene.pdf,https://www.indiabudget.gov.in/budget_archive/es1976-77/3%20The%20Industrial%20Scene.pdf
economic_survey,1976-1977,4%20Price%20Behaviour%20and%20Price%20Policy.pdf,https://www.indiabudget.gov.in/budget_archive/es1976-77/4%20Price%20Behaviour%20and%20Price%20Policy.pdf
economic_survey,1976-1977,5%20Budgetary%20Trends%20and%20Fiscal%20Policy.pdf,https://www.indiabudget.gov.in/budget_archive/es1976-77/5%20Budgetary%20Trends%20and%20Fiscal%20Policy.pdf
economic_survey,1976-1977,6%20Money%20Supply%20and%20Bank%20Credit.pdf,https://www.indiabudget.gov.in/budget_archive/es1976-77/6%20Money%20Supply%20and%20Bank%20Credit.pdf
economic_survey,1976-1977,7%20Foreign%20Trade%20and%20Balance%20of%20Payments.pdf,https://www.indiabudget.gov.in/budget_archive/es1976-77/7%20Foreign%20Trade%20and%20Balance%20of%20Payments.pdf
economic_survey,1976-1977,8%201977-78%20Outlook%20and%20Tasks.pdf,https://www.indiabudget.gov.in/budget_archive/es1976-77/8%201977-78%20Outlook%20and%20Tasks.pdf
economic_survey,1975-1976,0%20Economic%20Survey%201975-76%20Index.pdf,https://www.indiabudget.gov.in/budget_archive/es1975-76/0%20Economic%20Survey%201975-76%20Index.pdf
economic_survey,1975-1976,1%20The%20Indian%20Economy%20in%201975-76.pdf,https://www.indiabudget.gov.in/budget_archive/es1975-76/1%20The%20Indian%20Economy%20in%201975-76.pdf
economic_survey,1975-1976,2%20Agricultural%20Production.pdf,https://www.indiabudget.gov.in/budget_archive/es1975-76/2%20Agricultural%20Production.pdf
economic_survey,1975-1976,3%20Industrial%20Production.pdf,https://www.indiabudget.gov.in/budget_archive/es1975-76/3%20Industrial%20Production.pdf
economic_survey,1975-1976,"4%20Prices,%20Procurement%20and%20Public%20Distribution.pdf","https://www.indiabudget.gov.in/budget_archive/es1975-76/4%20Prices,%20Procurement%20and%20Public%20Distribution.pdf"
economic_survey,1975-1976,5%20Budgetary%20Trends%20and%20Fiscal%20Policy.pdf,https://www.indiabudget.gov.in/budget_archive/es1975-76/5%20Budgetary%20Trends%20and%20Fiscal%20Policy.pdf
economic_survey,1975-1976,6%20Monetary%20and%20Credit%20Trends%20and%20Policies.pdf,https://www.indiabudget.gov.in/budget_archive/es1975-76/6%20Monetary%20and%20Credit%20Trends%20and%20Policies.pdf
economic_survey,1975-1976,7%20Foreign%20Trade%20and%20The%20Balance%20of%20Payments.pdf,https://www.indiabudget.gov.in/budget_archive/es1975-76/7%20Foreign%20Trade%20and%20The%20Balance%20of%20Payments.pdf
economic_survey,1975-1976,8%201976-77-%20Economic%20Outlook%20Challenges%20and%20Opportunities.pdf,https://www.indiabudget.gov.in/budget_archive/es1975-76/8%201976-77-%20Economic%20Outlook%20Challenges%20and%20Opportunities.pdf
economic_survey,1974-1975(1),0%20Economic%20Survey%201974-75-1%20Index.pdf,https://www.indiabudget.gov.in/budget_archive/es1974-75 1/0%20Economic%20Survey%201974-75-1%20Index.pdf
economic_survey,1974-1975(2),0%20Economic%20Survey%201974-75%20Index.pdf,https://www.indiabudget.gov.in/budget_archive/es1974-75 2/0%20Economic%20Survey%201974-75%20Index.pdf
economic_survey,1974-1975(2),1%20The%20Economy%20in%201974-75.pdf,https://www.indiabudget.gov.in/budget_archive/es1974-75 2/1%20The%20Economy%20in%201974-75.pdf
economic_survey,1974-1975(2),2%20Trends%20in%20Agricultural%20Production.pdf,https://www.indiabudget.gov.in/budget_archive/es1974-75 2/2%20Trends%20in%20Agricultural%20Production.pdf
economic_survey,1974-1975(2),3%20The%20Industrial%20Scene.pdf,https://www.indiabudget.gov.in/budget_archive/es1974-75 2/3%20The%20Industrial%20Scene.pdf
economic_survey,1974-1975(2),4%20The%20Price%20Behaviour.pdf,https://www.indiabudget.gov.in/budget_archive/es1974-75 2/4%20The%20Price%20Behaviour.pdf
economic_survey,1974-1975(2),5%20Budgetary%20Trends%20and%20Fiscal%20Policy.pdf,https://www.indiabudget.gov.in/budget_archive/es1974-75 2/5%20Budgetary%20Trends%20and%20Fiscal%20Policy.pdf
economic_survey,1974-1975(2),6%20Monetary%20Trends%20and%20Credit%20Policy.pdf,https://www.indiabudget.gov.in/budget_archive/es1974-75 2/6%20Monetary%20Trends%20and%20Credit%20Policy.pdf
economic_survey,1974-1975(2),7%20Balance%20of%20Payments%20and%20Foreign%20Trade.pdf,https://www.indiabudget.gov.in/budget_archive/es1974-75 2/7%20Balance%20of%20Payments%20and%20Foreign%20Trade.pdf
economic_survey,1974-1975(2),8%20The%20Outlook%20For%201975-76.pdf,https://www.indiabudget.gov.in/budget_archive/es1974-75 2/8%20The%20Outlook%20For%201975-76.pdf
economic_survey,1974-1975(3),0%20Economic%20Survey%201974-75%20Index.pdf,https://www.indiabudget.gov.in/budget_archive/es1974-75 3/0%20Economic%20Survey%201974-75%20Index.pdf
economic_survey,1974-1975(3),2%20Trends%20in%20Agricultural%20Production.pdf,https://www.indiabudget.gov.in/budget_archive/es1974-75 3/2%20Trends%20in%20Agricultural%20Production.pdf
economic_survey,1974-1975(3),2%20Trends%20in%20Agricultural%20Production.pdf,https://www.indiabudget.gov.in/budget_archive/es1974-75 3/2%20Trends%20in%20Agricultural%20Production.pdf
economic_survey,1974-1975(3),3%20The%20Industrial%20Scene.pdf,https://www.indiabudget.gov.in/budget_archive/es1974-75 3/3%20The%20Industrial%20Scene.pdf
economic_survey,1974-1975(3),4%20The%20Price%20Behaviour.pdf,https://www.indiabudget.gov.in/budget_archive/es1974-75 3/4%20The%20Price%20Behaviour.pdf
economic_survey,1974-1975(3),5%20Budgetary%20Trends%20and%20Fiscal%20Policy.pdf,https://www.indiabudget.gov.in/budget_archive/es1974-75 3/5%20Budgetary%20Trends%20and%20Fiscal%20Policy.pdf
economic_survey,1974-1975(3),6%20Monetary%20Trends%20and%20Credit%20Policy.pdf,https://www.indiabudget.gov.in/budget_archive/es1974-75 3/6%20Monetary%20Trends%20and%20Credit%20Policy.pdf
economic_survey,1974-1975(3),7%20Balance%20of%20Payments%20and%20Foreign%20Trade.pdf,https://www.indiabudget.gov.in/budget_archive/es1974-75 3/7%20Balance%20of%20Payments%20and%20Foreign%20Trade.pdf
economic_survey,1974-1975(3),8%20The%20Outlook%20For%201975-76.pdf,https://www.indiabudget.gov.in/budget_archive/es1974-75 3/8%20The%20Outlook%20For%201975-76.pdf
economic_survey,1973-1974,0%20Economic%20Survey%201973-74%20Index.pdf,https://www.indiabudget.gov.in/budget_archive/es1973-74/0%20Economic%20Survey%201973-74%20Index.pdf
economic_survey,1973-1974,1%20The%20Economic%20in%201973-74%20-%20A%20Synoptic%20View.pdf,https://www.indiabudget.gov.in/budget_archive/es1973-74/1%20The%20Economic%20in%201973-74%20-%20A%20Synoptic%20View.pdf
economic_survey,1973-1974,2%20The%20Agrarian%20Trends.pdf,https://www.indiabudget.gov.in/budget_archive/es1973-74/2%20The%20Agrarian%20Trends.pdf
economic_survey,1973-1974,3%20Industrial%20Production.pdf,https://www.indiabudget.gov.in/budget_archive/es1973-74/3%20Industrial%20Production.pdf
economic_survey,1973-1974,4%20The%20Price%20Behaviour.pdf,https://www.indiabudget.gov.in/budget_archive/es1973-74/4%20The%20Price%20Behaviour.pdf
economic_survey,1973-1974,5%20Budgetary%20Trends%20and%20Fiscal%20Policy.pdf,https://www.indiabudget.gov.in/budget_archive/es1973-74/5%20Budgetary%20Trends%20and%20Fiscal%20Policy.pdf
economic_survey,1973-1974,6%20Money%20Credit%20and%20Banking.pdf,https://www.indiabudget.gov.in/budget_archive/es1973-74/6%20Money%20Credit%20and%20Banking.pdf
economic_survey,1973-1974,7%20Foreign%20Trade%20and%20Balance%20of%20Payments.pdf,https://www.indiabudget.gov.in/budget_archive/es1973-74/7%20Foreign%20Trade%20and%20Balance%20of%20Payments.pdf
economic_survey,1973-1974,8%20The%20Economic%20Challenges%20of%201974-75.pdf,https://www.indiabudget.gov.in/budget_archive/es1973-74/8%20The%20Economic%20Challenges%20of%201974-75.pdf
economic_survey,1972-1973,0%20Economic%20Survey%201972-73%20Index.pdf,https://www.indiabudget.gov.in/budget_archive/es1972-73/0%20Economic%20Survey%201972-73%20Index.pdf
economic_survey,1972-1973,1%20The%20Economy%20in%201972-73_An%20Overall%20View.pdf,https://www.indiabudget.gov.in/budget_archive/es1972-73/1%20The%20Economy%20in%201972-73_An%20Overall%20View.pdf
economic_survey,1972-1973,2%20The%20Agrarian%20Scene.pdf,https://www.indiabudget.gov.in/budget_archive/es1972-73/2%20The%20Agrarian%20Scene.pdf
economic_survey,1972-1973,3%20Industrial%20Production.pdf,https://www.indiabudget.gov.in/budget_archive/es1972-73/3%20Industrial%20Production.pdf
economic_survey,1972-1973,4%20Price%20Trends.pdf,https://www.indiabudget.gov.in/budget_archive/es1972-73/4%20Price%20Trends.pdf
economic_survey,1972-1973,5%20Budgetary%20Trends%20and%20Fiscal%20Policy.pdf,https://www.indiabudget.gov.in/budget_archive/es1972-73/5%20Budgetary%20Trends%20and%20Fiscal%20Policy.pdf
economic_survey,1972-1973,6%20Monetary%20Developments%20and%20Credit%20Policy.pdf,https://www.indiabudget.gov.in/budget_archive/es1972-73/6%20Monetary%20Developments%20and%20Credit%20Policy.pdf
economic_survey,1972-1973,7%20Foreign%20Trade%20and%20Balance%20of%20Payments.pdf,https://www.indiabudget.gov.in/budget_archive/es1972-73/7%20Foreign%20Trade%20and%20Balance%20of%20Payments.pdf
economic_survey,1972-1973,8%20The%20Economic%20Outlook%20for%201973-74%20And%20The%20Task%20Ahead.pdf,https://www.indiabudget.gov.in/budget_archive/es1972-73/8%20The%20Economic%20Outlook%20for%201973-74%20And%20The%20Task%20Ahead.pdf
economic_survey,1971-1972,0%20Economic%20Survey%201971-72.pdf,https://www.indiabudget.gov.in/budget_archive/es1971-72/0%20Economic%20Survey%201971-72.pdf
economic_survey,1971-1972,1%20Major%20Economic%20Developments.pdf,https://www.indiabudget.gov.in/budget_archive/es1971-72/1%20Major%20Economic%20Developments.pdf
economic_survey,1971-1972,2%20Problems%20in%20Agriculture%20and%20The%20Rural%20Economy.pdf,https://www.indiabudget.gov.in/budget_archive/es1971-72/2%20Problems%20in%20Agriculture%20and%20The%20Rural%20Economy.pdf
economic_survey,1971-1972,3%20The%20Industrial%20Scene.pdf,https://www.indiabudget.gov.in/budget_archive/es1971-72/3%20The%20Industrial%20Scene.pdf
economic_survey,1971-1972,4%20The%20Budget%20and%20The%20Plan.pdf,https://www.indiabudget.gov.in/budget_archive/es1971-72/4%20The%20Budget%20and%20The%20Plan.pdf
economic_survey,1971-1972,5%20Credit%20Policy.pdf,https://www.indiabudget.gov.in/budget_archive/es1971-72/5%20Credit%20Policy.pdf
economic_survey,1971-1972,6%20External%20Assistance%20and%20Self-Reliance.pdf,https://www.indiabudget.gov.in/budget_archive/es1971-72/6%20External%20Assistance%20and%20Self-Reliance.pdf
economic_survey,1971-1972,7%20Review%20and%20Assessment.pdf,https://www.indiabudget.gov.in/budget_archive/es1971-72/7%20Review%20and%20Assessment.pdf
economic_survey,1970-1971,0%20Economic%20Survey%201970-71%20Index.pdf,https://www.indiabudget.gov.in/budget_archive/es1970-71/0%20Economic%20Survey%201970-71%20Index.pdf
economic_survey,1970-1971,1%20Introduction.pdf,https://www.indiabudget.gov.in/budget_archive/es1970-71/1%20Introduction.pdf
economic_survey,1970-1971,2%20Agricultural%20Production.pdf,https://www.indiabudget.gov.in/budget_archive/es1970-71/2%20Agricultural%20Production.pdf
economic_survey,1970-1971,3%20Industrial%20Performance.pdf,https://www.indiabudget.gov.in/budget_archive/es1970-71/3%20Industrial%20Performance.pdf
economic_survey,1970-1971,4%20Fiscal%20Developments.pdf,https://www.indiabudget.gov.in/budget_archive/es1970-71/4%20Fiscal%20Developments.pdf
economic_survey,1970-1971,5%20Monetary%20Developments.pdf,https://www.indiabudget.gov.in/budget_archive/es1970-71/5%20Monetary%20Developments.pdf
economic_survey,1970-1971,6%20The%20Price%20Situation.pdf,https://www.indiabudget.gov.in/budget_archive/es1970-71/6%20The%20Price%20Situation.pdf
economic_survey,1970-1971,7%20Balance%20of%20Payments%20and%20Foreign%20Aid.pdf,https://www.indiabudget.gov.in/budget_archive/es1970-71/7%20Balance%20of%20Payments%20and%20Foreign%20Aid.pdf
economic_survey,1970-1971,8%20The%20Tasks%20Ahead.pdf,https://www.indiabudget.gov.in/budget_archive/es1970-71/8%20The%20Tasks%20Ahead.pdf
economic_survey,1969-1970,0%20Economic%20Survey%201969-70%20INDEX.pdf,https://www.indiabudget.gov.in/budget_archive/es1969-70/0%20Economic%20Survey%201969-70%20INDEX.pdf
economic_survey,1969-1970,1%20Introduction.pdf,https://www.indiabudget.gov.in/budget_archive/es1969-70/1%20Introduction.pdf
economic_survey,1969-1970,2%20Agricultural%20Production.pdf,https://www.indiabudget.gov.in/budget_archive/es1969-70/2%20Agricultural%20Production.pdf
economic_survey,1969-1970,6%20The%20Price%20Situation.pdf,https://www.indiabudget.gov.in/budget_archive/es1969-70/6%20The%20Price%20Situation.pdf
economic_survey,1969-1970,7%20Balance%20of%20Payments%20and%20Foreign%20Aid.pdf,https://www.indiabudget.gov.in/budget_archive/es1969-70/7%20Balance%20of%20Payments%20and%20Foreign%20Aid.pdf
economic_survey,1969-1970,8%20Prospects%20and%20Tasks%20For%201970-71.pdf,https://www.indiabudget.gov.in/budget_archive/es1969-70/8%20Prospects%20and%20Tasks%20For%201970-71.pdf
economic_survey,1968-1969,0%20Economic%20Survey%201968_69%20INDEX.pdf,https://www.indiabudget.gov.in/budget_archive/es1968-69/0%20Economic%20Survey%201968_69%20INDEX.pdf
economic_survey,1968-1969,1%20Introduction.pdf,https://www.indiabudget.gov.in/budget_archive/es1968-69/1%20Introduction.pdf
economic_survey,1968-1969,2%20Agricultural%20Performance.pdf,https://www.indiabudget.gov.in/budget_archive/es1968-69/2%20Agricultural%20Performance.pdf
economic_survey,1968-1969,3%20Industrial%20Recovery.pdf,https://www.indiabudget.gov.in/budget_archive/es1968-69/3%20Industrial%20Recovery.pdf
economic_survey,1968-1969,4%20The%20Price%20Situation.pdf,https://www.indiabudget.gov.in/budget_archive/es1968-69/4%20The%20Price%20Situation.pdf
economic_survey,1968-1969,5%20Fiscal%20and%20Monetary%20Developments.pdf,https://www.indiabudget.gov.in/budget_archive/es1968-69/5%20Fiscal%20and%20Monetary%20Developments.pdf
economic_survey,1968-1969,6%20The%20Balance%20of%20Payments%20and%20Foreigen%20Aid.pdf,https://www.indiabudget.gov.in/budget_archive/es1968-69/6%20The%20Balance%20of%20Payments%20and%20Foreigen%20Aid.pdf
economic_survey,1968-1969,7%20Assessment%20in%20Brief.pdf,https://www.indiabudget.gov.in/budget_archive/es1968-69/7%20Assessment%20in%20Brief.pdf
economic_survey,1967-1968,0%20Economic%20Survey%201967-68%20INDEX.pdf,https://www.indiabudget.gov.in/budget_archive/es1967-68/0%20Economic%20Survey%201967-68%20INDEX.pdf
economic_survey,1966-1967,0%20Economic%20Survey%201966-67%20INDEX.pdf,https://www.indiabudget.gov.in/budget_archive/es1966-67/0%20Economic%20Survey%201966-67%20INDEX.pdf
economic_survey,1965-1966,0%20Economic%20Survey%201965-66%20Index.pdf,https://www.indiabudget.gov.in/budget_archive/es1965-66/0%20Economic%20Survey%201965-66%20Index.pdf
economic_survey,1964-1965,0%20Economic%20Survey%201964-65%20Index.pdf,https://www.indiabudget.gov.in/budget_archive/es1964-65/0%20Economic%20Survey%201964-65%20Index.pdf
economic_survey,1963-1964,0%20Economic%20Survey%201963-64%20Index.pdf,https://www.indiabudget.gov.in/budget_archive/es1963-64/0%20Economic%20Survey%201963-64%20Index.pdf
economic_survey,1962-1963,0%20Economic%20Survey%201962-63%20Index.pdf,https://www.indiabudget.gov.in/budget_archive/es1962-63/0%20Economic%20Survey%201962-63%20Index.pdf
economic_survey,1962-1963,1%20Developments%20in%201961-62.pdf,https://www.indiabudget.gov.in/budget_archive/es1962-63/1%20Developments%20in%201961-62.pdf
economic_survey,1962-1963,2%20The%20First%20Half%20of%201962-63.pdf,https://www.indiabudget.gov.in/budget_archive/es1962-63/2%20The%20First%20Half%20of%201962-63.pdf
economic_survey,1962-1963,3%20Developments%20since%20the%20Emergency.pdf,https://www.indiabudget.gov.in/budget_archive/es1962-63/3%20Developments%20since%20the%20Emergency.pdf
economic_survey,1962-1963,4%20Prospects%20for%201963-64.pdf,https://www.indiabudget.gov.in/budget_archive/es1962-63/4%20Prospects%20for%201963-64.pdf
economic_survey,1962-1963,1%20Agricultural%20Production.pdf,https://www.indiabudget.gov.in/budget_archive/es1962-63/1%20Agricultural%20Production.pdf
economic_survey,1962-1963,2%20Industrial%20Production.pdf,https://www.indiabudget.gov.in/budget_archive/es1962-63/2%20Industrial%20Production.pdf
economic_survey,1962-1963,3%20Coal%20and%20Steel.pdf,https://www.indiabudget.gov.in/budget_archive/es1962-63/3%20Coal%20and%20Steel.pdf
economic_survey,1962-1963,4%20Power%20and%20Transport.pdf,https://www.indiabudget.gov.in/budget_archive/es1962-63/4%20Power%20and%20Transport.pdf
economic_survey,1962-1963,5%20Budgetary%20Transactions.pdf,https://www.indiabudget.gov.in/budget_archive/es1962-63/5%20Budgetary%20Transactions.pdf
economic_survey,1962-1963,6%20Money%20and%20Capital%20market.pdf,https://www.indiabudget.gov.in/budget_archive/es1962-63/6%20Money%20and%20Capital%20market.pdf
economic_survey,1962-1963,7%20Prices.pdf,https://www.indiabudget.gov.in/budget_archive/es1962-63/7%20Prices.pdf
economic_survey,1962-1963,8%20Balance%20of%20Payments.pdf,https://www.indiabudget.gov.in/budget_archive/es1962-63/8%20Balance%20of%20Payments.pdf
economic_survey,1961-1962,0%20Economic%20Survey%201961-62%20Index.pdf,https://www.indiabudget.gov.in/budget_archive/es1961-62/0%20Economic%20Survey%201961-62%20Index.pdf
economic_survey,1961-1962,1%20Assessment%20in%20Brief.pdf,https://www.indiabudget.gov.in/budget_archive/es1961-62/1%20Assessment%20in%20Brief.pdf
economic_survey,1961-1962,2%20Production%20and%20Supplies.pdf,https://www.indiabudget.gov.in/budget_archive/es1961-62/2%20Production%20and%20Supplies.pdf
economic_survey,1961-1962,3%20Government%20Outlays%20and%20Private%20Investment.pdf,https://www.indiabudget.gov.in/budget_archive/es1961-62/3%20Government%20Outlays%20and%20Private%20Investment.pdf
economic_survey,1961-1962,4%20Money%20and%20Capital%20Markets.pdf,https://www.indiabudget.gov.in/budget_archive/es1961-62/4%20Money%20and%20Capital%20Markets.pdf
economic_survey,1961-1962,5%20Prices.pdf,https://www.indiabudget.gov.in/budget_archive/es1961-62/5%20Prices.pdf
economic_survey,1961-1962,6%20Balance%20of%20Payments.pdf,https://www.indiabudget.gov.in/budget_archive/es1961-62/6%20Balance%20of%20Payments.pdf
economic_survey,1961-1962,7%20Employment.pdf,https://www.indiabudget.gov.in/budget_archive/es1961-62/7%20Employment.pdf
economic_survey,1961-1962,8%20Economic%20Polcy%20and%20Measures.pdf,https://www.indiabudget.gov.in/budget_archive/es1961-62/8%20Economic%20Polcy%20and%20Measures.pdf
economic_survey,1961-1962,9%20Outlook%20for%201962-63.pdf,https://www.indiabudget.gov.in/budget_archive/es1961-62/9%20Outlook%20for%201962-63.pdf
economic_survey,1960-1961,1%20The%20Assessment%20In%20Brief.pdf,https://www.indiabudget.gov.in/budget_archive/es1960-61/1%20The%20Assessment%20In%20Brief.pdf
economic_survey,1960-1961,2%20Production.pdf,https://www.indiabudget.gov.in/budget_archive/es1960-61/2%20Production.pdf
economic_survey,1960-1961,3%20Employment.pdf,https://www.indiabudget.gov.in/budget_archive/es1960-61/3%20Employment.pdf
economic_survey,1960-1961,4%20Monetary%20Trends.pdf,https://www.indiabudget.gov.in/budget_archive/es1960-61/4%20Monetary%20Trends.pdf
economic_survey,1960-1961,5%20Prices.pdf,https://www.indiabudget.gov.in/budget_archive/es1960-61/5%20Prices.pdf
economic_survey,1960-1961,6%20Balance%20of%20Payments.pdf,https://www.indiabudget.gov.in/budget_archive/es1960-61/6%20Balance%20of%20Payments.pdf
economic_survey,1960-1961,7%20Economic%20Policy%20And%20Measures.pdf,https://www.indiabudget.gov.in/budget_archive/es1960-61/7%20Economic%20Policy%20And%20Measures.pdf
economic_survey,1960-1961,8%20The%20Outlook%20For%201961-62.pdf,https://www.indiabudget.gov.in/budget_archive/es1960-61/8%20The%20Outlook%20For%201961-62.pdf
economic_survey,1960-1961,9%20The%20Plan.pdf,https://www.indiabudget.gov.in/budget_archive/es1960-61/9%20The%20Plan.pdf
economic_survey,1958-1959,1%20The%20Economic%20Situation.pdf,https://www.indiabudget.gov.in/budget_archive/es1958-59/1%20The%20Economic%20Situation.pdf
economic_survey,1958-1959,2%20Production.pdf,https://www.indiabudget.gov.in/budget_archive/es1958-59/2%20Production.pdf
economic_survey,1958-1959,3%20Employment.pdf,https://www.indiabudget.gov.in/budget_archive/es1958-59/3%20Employment.pdf
economic_survey,1958-1959,4%20Monetary%20Trends.pdf,https://www.indiabudget.gov.in/budget_archive/es1958-59/4%20Monetary%20Trends.pdf
economic_survey,1958-1959,5%20Prices.pdf,https://www.indiabudget.gov.in/budget_archive/es1958-59/5%20Prices.pdf
economic_survey,1958-1959,6%20Balance%20of%20Payments.pdf,https://www.indiabudget.gov.in/budget_archive/es1958-59/6%20Balance%20of%20Payments.pdf
economic_survey,1958-1959,7%20Economic%20Policy%20and%20Measures.pdf,https://www.indiabudget.gov.in/budget_archive/es1958-59/7%20Economic%20Policy%20and%20Measures.pdf
economic_survey,1958-1959,8%20The%20Outlook.pdf,https://www.indiabudget.gov.in/budget_archive/es1958-59/8%20The%20Outlook.pdf
economic_survey,1958-1959,9%20The%20Plan.pdf,https://www.indiabudget.gov.in/budget_archive/es1958-59/9%20The%20Plan.pdf
economic_survey,1957-1958,1%20Stresses%20and%20Strains%20of%20Development.pdf,https://www.indiabudget.gov.in/budget_archive/es1957-58/1%20Stresses%20and%20Strains%20of%20Development.pdf
economic_survey,1957-1958,2%20Review%20of%20Economic%20Trends.pdf,https://www.indiabudget.gov.in/budget_archive/es1957-58/2%20Review%20of%20Economic%20Trends.pdf
economic_survey,1957-1958,3%20Ecomomic%20Policy%20and%20Measures.pdf,https://www.indiabudget.gov.in/budget_archive/es1957-58/3%20Ecomomic%20Policy%20and%20Measures.pdf
economic_survey,1957-1958,4%20The%20Outlook.pdf,https://www.indiabudget.gov.in/budget_archive/es1957-58/4%20The%20Outlook.pdf
economic_survey,1957-1958,5%20Adjustments%20in%20the%20Plan.pdf,https://www.indiabudget.gov.in/budget_archive/es1957-58/5%20Adjustments%20in%20the%20Plan.pdf
economic_survey,1957-1958,6%20Conclusion.pdf,https://www.indiabudget.gov.in/budget_archive/es1957-58/6%20Conclusion.pdf
budget_speech,1999-2000,bs199900.pdf,missing from government server
budget_speech,2010-11,bs201011.pdf,missing from government server
budget_speech,2008-09,N/A,"served as HTML page, not PDF, needs separate handling"
budget_speech,2009-10,N/A,"served as HTML page, not PDF, needs separate handling"
