year,page_url,pdf_url,filename,language
2024-2025,https://www.indiabudget.gov.in/budget2025-26/economicsurvey/index.php,https://www.indiabudget.gov.in/budget2025-26/economicsurvey/doc/Infographics English.pdf,Infographics English.pdf,english
2024-2025,https://www.indiabudget.gov.in/budget2025-26/economicsurvey/index.php,https://www.indiabudget.gov.in/budget2025-26/economicsurvey/doc/Infographics Hindi.pdf,Infographics Hindi.pdf,hindi
2024-2025,https://www.indiabudget.gov.in/budget2025-26/economicsurvey/index.php,https://www.indiabudget.gov.in/budget2025-26/economicsurvey/doc/echapter.pdf,echapter.pdf,english
2024-2025,https://www.indiabudget.gov.in/budget2025-26/economicsurvey/index.php,https://www.indiabudget.gov.in/budget2025-26/economicsurvey/doc/eschapter/epreface.pdf,epreface.pdf,english
2024-2025,https://www.indiabudget.gov.in/budget2025-26/economicsurvey/index.php,https://www.indiabudget.gov.in/budget2025-26/economicsurvey/doc/eschapter/echap01.pdf,echap01.pdf,english
2024-2025,https://www.indiabudget.gov.in/budget2025-26/economicsurvey/index.php,https://www.indiabudget.gov.in/budget2025-26/economicsurvey/doc/eschapter/echap02.pdf,echap02.pdf,english
2024-2025,https://www.indiabudget.gov.in/budget2025-26/economicsurvey/index.php,https://www.indiabudget.gov.in/budget2025-26/economicsurvey/doc/eschapter/echap03.pdf,echap03.pdf,english
2024-2025,https://www.indiabudget.gov.in/budget2025-26/economicsurvey/index.php,https://www.indiabudget.gov.in/budget2025-26/economicsurvey/doc/eschapter/echap04.pdf,echap04.pdf,english
2024-2025,https://www.indiabudget.gov.in/budget2025-26/economicsurvey/index.php,https://www.indiabudget.gov.in/budget2025-26/economicsurvey/doc/eschapter/echap05.pdf,echap05.pdf,english
2024-2025,https://www.indiabudget.gov.in/budget2025-26/economicsurvey/index.php,https://www.indiabudget.gov.in/budget2025-26/economicsurvey/doc/eschapter/echap06.pdf,echap06.pdf,english
2024-2025,https://www.indiabudget.gov.in/budget2025-26/economicsurvey/index.php,https://www.indiabudget.gov.in/budget2025-26/economicsurvey/doc/eschapter/echap07.pdf,echap07.pdf,english
2024-2025,https://www.indiabudget.gov.in/budget2025-26/economicsurvey/index.php,https://www.indiabudget.gov.in/budget2025-26/economicsurvey/doc/eschapter/echap08.pdf,echap08.pdf,english
2024-2025,https://www.indiabudget.gov.in/budget2025-26/economicsurvey/index.php,https://www.indiabudget.gov.in/budget2025-26/economicsurvey/doc/eschapter/echap09.pdf,echap09.pdf,english
2024-2025,https://www.indiabudget.gov.in/budget2025-26/economicsurvey/index.php,https://www.indiabudget.gov.in/budget2025-26/economicsurvey/doc/eschapter/echap10.pdf,echap10.pdf,english
2024-2025,https://www.indiabudget.gov.in/budget2025-26/economicsurvey/index.php,https://www.indiabudget.gov.in/budget2025-26/economicsurvey/doc/eschapter/echap11.pdf,echap11.pdf,english
2024-2025,https://www.indiabudget.gov.in/budget2025-26/economicsurvey/index.php,https://www.indiabudget.gov.in/budget2025-26/economicsurvey/doc/eschapter/echap12.pdf,echap12.pdf,english
2024-2025,https://www.indiabudget.gov.in/budget2025-26/economicsurvey/index.php,https://www.indiabudget.gov.in/budget2025-26/economicsurvey/doc/eschapter/echap13.pdf,echap13.pdf,english
2024-2025,https://www.indiabudget.gov.in/budget2025-26/economicsurvey/index.php,https://www.indiabudget.gov.in/budget2025-26/economicsurvey/doc/Statistical-Appendix-in-English.pdf,Statistical-Appendix-in-English.pdf,english
2024-2025,https://www.indiabudget.gov.in/budget2025-26/economicsurvey/index.php,https://www.indiabudget.gov.in/budget2025-26/economicsurvey/doc/stat/tab1.1.pdf,tab1.1.pdf,english
2024-2025,https://www.indiabudget.gov.in/budget2025-26/economicsurvey/index.php,https://www.indiabudget.gov.in/budget2025-26/economicsurvey/doc/stat/tab1.2.pdf,tab1.2.pdf,english
2024-2025,https://www.indiabudget.gov.in/budget2025-26/economicsurvey/index.php,https://www.indiabudget.gov.in/budget2025-26/economicsurvey/doc/stat/tab1.3.pdf,tab1.3.pdf,english
2024-2025,https://www.indiabudget.gov.in/budget2025-26/economicsurvey/index.php,https://www.indiabudget.gov.in/budget2025-26/economicsurvey/doc/stat/tab1.4.pdf,tab1.4.pdf,english
2024-2025,https://www.indiabudget.gov.in/budget2025-26/economicsurvey/index.php,https://www.indiabudget.gov.in/budget2025-26/economicsurvey/doc/stat/tab1.5.pdf,tab1.5.pdf,english
2024-2025,https://www.indiabudget.gov.in/budget2025-26/economicsurvey/index.php,https://www.indiabudget.gov.in/budget2025-26/economicsurvey/doc/stat/tab1.6.pdf,tab1.6.pdf,english
2024-2025,https://www.indiabudget.gov.in/budget2025-26/economicsurvey/index.php,https://www.indiabudget.gov.in/budget2025-26/economicsurvey/doc/stat/tab1.7.pdf,tab1.7.pdf,english
2024-2025,https://www.indiabudget.gov.in/budget2025-26/economicsurvey/index.php,https://www.indiabudget.gov.in/budget2025-26/economicsurvey/doc/stat/tab1.8.pdf,tab1.8.pdf,english
2024-2025,https://www.indiabudget.gov.in/budget2025-26/economicsurvey/index.php,https://www.indiabudget.gov.in/budget2025-26/economicsurvey/doc/stat/tab1.9.pdf,tab1.9.pdf,english
2024-2025,https://www.indiabudget.gov.in/budget2025-26/economicsurvey/index.php,https://www.indiabudget.gov.in/budget2025-26/economicsurvey/doc/stat/tab1.10a.pdf,tab1.10a.pdf,english
2024-2025,https://www.indiabudget.gov.in/budget2025-26/economicsurvey/index.php,https://www.indiabudget.gov.in/budget2025-26/economicsurvey/doc/stat/tab1.10b.pdf,tab1.10b.pdf,english
2024-2025,https://www.indiabudget.gov.in/budget2025-26/economicsurvey/index.php,https://www.indiabudget.gov.in/budget2025-26/economicsurvey/doc/stat/tab1.11a.pdf,tab1.11a.pdf,english
2024-2025,https://www.indiabudget.gov.in/budget2025-26/economicsurvey/index.php,https://www.indiabudget.gov.in/budget2025-26/economicsurvey/doc/stat/tab1.11b.pdf,tab1.11b.pdf,english
2024-2025,https://www.indiabudget.gov.in/budget2025-26/economicsurvey/index.php,https://www.indiabudget.gov.in/budget2025-26/economicsurvey/doc/stat/tab1.12.pdf,tab1.12.pdf,english
2024-2025,https://www.indiabudget.gov.in/budget2025-26/economicsurvey/index.php,https://www.indiabudget.gov.in/budget2025-26/economicsurvey/doc/stat/tab1.13.pdf,tab1.13.pdf,english
2024-2025,https://www.indiabudget.gov.in/budget2025-26/economicsurvey/index.php,https://www.indiabudget.gov.in/budget2025-26/economicsurvey/doc/stat/tab1.14.pdf,tab1.14.pdf,english
2024-2025,https://www.indiabudget.gov.in/budget2025-26/economicsurvey/index.php,https://www.indiabudget.gov.in/budget2025-26/economicsurvey/doc/stat/tab1.15.pdf,tab1.15.pdf,english
2024-2025,https://www.indiabudget.gov.in/budget2025-26/economicsurvey/index.php,https://www.indiabudget.gov.in/budget2025-26/economicsurvey/doc/stat/tab1.16.pdf,tab1.16.pdf,english
2024-2025,https://www.indiabudget.gov.in/budget2025-26/economicsurvey/index.php,https://www.indiabudget.gov.in/budget2025-26/economicsurvey/doc/stat/tab1.17.pdf,tab1.17.pdf,english
2024-2025,https://www.indiabudget.gov.in/budget2025-26/economicsurvey/index.php,https://www.indiabudget.gov.in/budget2025-26/economicsurvey/doc/stat/tab1.18.pdf,tab1.18.pdf,english
2024-2025,https://www.indiabudget.gov.in/budget2025-26/economicsurvey/index.php,https://www.indiabudget.gov.in/budget2025-26/economicsurvey/doc/stat/tab1.19.pdf,tab1.19.pdf,english
2024-2025,https://www.indiabudget.gov.in/budget2025-26/economicsurvey/index.php,https://www.indiabudget.gov.in/budget2025-26/economicsurvey/doc/stat/tab1.20.pdf,tab1.20.pdf,english
2024-2025,https://www.indiabudget.gov.in/budget2025-26/economicsurvey/index.php,https://www.indiabudget.gov.in/budget2025-26/economicsurvey/doc/stat/tab1.21.pdf,tab1.21.pdf,english
2024-2025,https://www.indiabudget.gov.in/budget2025-26/economicsurvey/index.php,https://www.indiabudget.gov.in/budget2025-26/economicsurvey/doc/stat/tab1.22.pdf,tab1.22.pdf,english
2024-2025,https://www.indiabudget.gov.in/budget2025-26/economicsurvey/index.php,https://www.indiabudget.gov.in/budget2025-26/economicsurvey/doc/stat/tab1.23.pdf,tab1.23.pdf,english
2024-2025,https://www.indiabudget.gov.in/budget2025-26/economicsurvey/index.php,https://www.indiabudget.gov.in/budget2025-26/economicsurvey/doc/stat/tab1.24.pdf,tab1.24.pdf,english
2024-2025,https://www.indiabudget.gov.in/budget2025-26/economicsurvey/index.php,https://www.indiabudget.gov.in/budget2025-26/economicsurvey/doc/stat/tab1.25a.pdf,tab1.25a.pdf,english
2024-2025,https://www.indiabudget.gov.in/budget2025-26/economicsurvey/index.php,https://www.indiabudget.gov.in/budget2025-26/economicsurvey/doc/stat/tab1.25b.pdf,tab1.25b.pdf,english
2024-2025,https://www.indiabudget.gov.in/budget2025-26/economicsurvey/index.php,https://www.indiabudget.gov.in/budget2025-26/economicsurvey/doc/stat/tab1.26.pdf,tab1.26.pdf,english
2024-2025,https://www.indiabudget.gov.in/budget2025-26/economicsurvey/index.php,https://www.indiabudget.gov.in/budget2025-26/economicsurvey/doc/stat/tab1.27a.pdf,tab1.27a.pdf,english
2024-2025,https://www.indiabudget.gov.in/budget2025-26/economicsurvey/index.php,https://www.indiabudget.gov.in/budget2025-26/economicsurvey/doc/stat/tab1.27b.pdf,tab1.27b.pdf,english
2024-2025,https://www.indiabudget.gov.in/budget2025-26/economicsurvey/index.php,https://www.indiabudget.gov.in/budget2025-26/economicsurvey/doc/stat/tab1.28.pdf,tab1.28.pdf,english
2024-2025,https://www.indiabudget.gov.in/budget2025-26/economicsurvey/index.php,https://www.indiabudget.gov.in/budget2025-26/economicsurvey/doc/stat/tab1.29.pdf,tab1.29.pdf,english
2024-2025,https://www.indiabudget.gov.in/budget2025-26/economicsurvey/index.php,https://www.indiabudget.gov.in/budget2025-26/economicsurvey/doc/stat/tab1.30.pdf,tab1.30.pdf,english
2024-2025,https://www.indiabudget.gov.in/budget2025-26/economicsurvey/index.php,https://www.indiabudget.gov.in/budget2025-26/economicsurvey/doc/stat/tab1.31.pdf,tab1.31.pdf,english
2024-2025,https://www.indiabudget.gov.in/budget2025-26/economicsurvey/index.php,https://www.indiabudget.gov.in/budget2025-26/economicsurvey/doc/stat/tab1.32.pdf,tab1.32.pdf,english
2024-2025,https://www.indiabudget.gov.in/budget2025-26/economicsurvey/index.php,https://www.indiabudget.gov.in/budget2025-26/economicsurvey/doc/stat/tab2.1.pdf,tab2.1.pdf,english
2024-2025,https://www.indiabudget.gov.in/budget2025-26/economicsurvey/index.php,https://www.indiabudget.gov.in/budget2025-26/economicsurvey/doc/stat/tab2.2.pdf,tab2.2.pdf,english
2024-2025,https://www.indiabudget.gov.in/budget2025-26/economicsurvey/index.php,https://www.indiabudget.gov.in/budget2025-26/economicsurvey/doc/stat/tab2.3.pdf,tab2.3.pdf,english
2024-2025,https://www.indiabudget.gov.in/budget2025-26/economicsurvey/index.php,https://www.indiabudget.gov.in/budget2025-26/economicsurvey/doc/stat/tab2.4.pdf,tab2.4.pdf,english
2024-2025,https://www.indiabudget.gov.in/budget2025-26/economicsurvey/index.php,https://www.indiabudget.gov.in/budget2025-26/economicsurvey/doc/stat/tab2.5.pdf,tab2.5.pdf,english
2024-2025,https://www.indiabudget.gov.in/budget2025-26/economicsurvey/index.php,https://www.indiabudget.gov.in/budget2025-26/economicsurvey/doc/stat/tab2.6.pdf,tab2.6.pdf,english
2024-2025,https://www.indiabudget.gov.in/budget2025-26/economicsurvey/index.php,https://www.indiabudget.gov.in/budget2025-26/economicsurvey/doc/stat/tab2.7.pdf,tab2.7.pdf,english
2024-2025,https://www.indiabudget.gov.in/budget2025-26/economicsurvey/index.php,https://www.indiabudget.gov.in/budget2025-26/economicsurvey/doc/stat/tab2.8.pdf,tab2.8.pdf,english
2024-2025,https://www.indiabudget.gov.in/budget2025-26/economicsurvey/index.php,https://www.indiabudget.gov.in/budget2025-26/economicsurvey/doc/stat/tab2.9.pdf,tab2.9.pdf,english
2024-2025,https://www.indiabudget.gov.in/budget2025-26/economicsurvey/index.php,https://www.indiabudget.gov.in/budget2025-26/economicsurvey/doc/stat/tab3.1.pdf,tab3.1.pdf,english
2024-2025,https://www.indiabudget.gov.in/budget2025-26/economicsurvey/index.php,https://www.indiabudget.gov.in/budget2025-26/economicsurvey/doc/stat/tab3.2.pdf,tab3.2.pdf,english
2024-2025,https://www.indiabudget.gov.in/budget2025-26/economicsurvey/index.php,https://www.indiabudget.gov.in/budget2025-26/economicsurvey/doc/stat/tab3.3.pdf,tab3.3.pdf,english
2024-2025,https://www.indiabudget.gov.in/budget2025-26/economicsurvey/index.php,https://www.indiabudget.gov.in/budget2025-26/economicsurvey/doc/stat/tab3.4.pdf,tab3.4.pdf,english
2024-2025,https://www.indiabudget.gov.in/budget2025-26/economicsurvey/index.php,https://www.indiabudget.gov.in/budget2025-26/economicsurvey/doc/stat/tab3.5.pdf,tab3.5.pdf,english
2024-2025,https://www.indiabudget.gov.in/budget2025-26/economicsurvey/index.php,https://www.indiabudget.gov.in/budget2025-26/economicsurvey/doc/stat/tab3.6.pdf,tab3.6.pdf,english
2024-2025,https://www.indiabudget.gov.in/budget2025-26/economicsurvey/index.php,https://www.indiabudget.gov.in/budget2025-26/economicsurvey/doc/stat/tab3.7.pdf,tab3.7.pdf,english
2024-2025,https://www.indiabudget.gov.in/budget2025-26/economicsurvey/index.php,https://www.indiabudget.gov.in/budget2025-26/economicsurvey/doc/stat/tab3.8.pdf,tab3.8.pdf,english
2024-2025,https://www.indiabudget.gov.in/budget2025-26/economicsurvey/index.php,https://www.indiabudget.gov.in/budget2025-26/economicsurvey/doc/stat/tab3.9.pdf,tab3.9.pdf,english
2024-2025,https://www.indiabudget.gov.in/budget2025-26/economicsurvey/index.php,https://www.indiabudget.gov.in/budget2025-26/economicsurvey/doc/stat/tab4.1.pdf,tab4.1.pdf,english
2024-2025,https://www.indiabudget.gov.in/budget2025-26/economicsurvey/index.php,https://www.indiabudget.gov.in/budget2025-26/economicsurvey/doc/stat/tab4.2.pdf,tab4.2.pdf,english
2024-2025,https://www.indiabudget.gov.in/budget2025-26/economicsurvey/index.php,https://www.indiabudget.gov.in/budget2025-26/economicsurvey/doc/stat/tab4.3.pdf,tab4.3.pdf,english
2024-2025,https://www.indiabudget.gov.in/budget2025-26/economicsurvey/index.php,https://www.indiabudget.gov.in/budget2025-26/economicsurvey/doc/stat/tab4.4.pdf,tab4.4.pdf,english
2024-2025,https://www.indiabudget.gov.in/budget2025-26/economicsurvey/index.php,https://www.indiabudget.gov.in/budget2025-26/economicsurvey/doc/stat/tab4.5.pdf,tab4.5.pdf,english
2024-2025,https://www.indiabudget.gov.in/budget2025-26/economicsurvey/index.php,https://www.indiabudget.gov.in/budget2025-26/economicsurvey/doc/stat/tab5.1a.pdf,tab5.1a.pdf,english
2024-2025,https://www.indiabudget.gov.in/budget2025-26/economicsurvey/index.php,https://www.indiabudget.gov.in/budget2025-26/economicsurvey/doc/stat/tab5.1b.pdf,tab5.1b.pdf,english
2024-2025,https://www.indiabudget.gov.in/budget2025-26/economicsurvey/index.php,https://www.indiabudget.gov.in/budget2025-26/economicsurvey/doc/stat/tab5.2.pdf,tab5.2.pdf,english
2024-2025,https://www.indiabudget.gov.in/budget2025-26/economicsurvey/index.php,https://www.indiabudget.gov.in/budget2025-26/economicsurvey/doc/stat/tab5.3a.pdf,tab5.3a.pdf,english
2024-2025,https://www.indiabudget.gov.in/budget2025-26/economicsurvey/index.php,https://www.indiabudget.gov.in/budget2025-26/economicsurvey/doc/stat/tab5.3b.pdf,tab5.3b.pdf,english
2024-2025,https://www.indiabudget.gov.in/budget2025-26/economicsurvey/index.php,https://www.indiabudget.gov.in/budget2025-26/economicsurvey/doc/stat/tab5.4.pdf,tab5.4.pdf,english
2024-2025,https://www.indiabudget.gov.in/budget2025-26/economicsurvey/index.php,https://www.indiabudget.gov.in/budget2025-26/economicsurvey/doc/stat/tab5.5.pdf,tab5.5.pdf,english
2024-2025,https://www.indiabudget.gov.in/budget2025-26/economicsurvey/index.php,https://www.indiabudget.gov.in/budget2025-26/economicsurvey/doc/stat/tab6.1a.pdf,tab6.1a.pdf,english
2024-2025,https://www.indiabudget.gov.in/budget2025-26/economicsurvey/index.php,https://www.indiabudget.gov.in/budget2025-26/economicsurvey/doc/stat/tab6.1b.pdf,tab6.1b.pdf,english
2024-2025,https://www.indiabudget.gov.in/budget2025-26/economicsurvey/index.php,https://www.indiabudget.gov.in/budget2025-26/economicsurvey/doc/stat/tab6.2a.pdf,tab6.2a.pdf,english
2024-2025,https://www.indiabudget.gov.in/budget2025-26/economicsurvey/index.php,https://www.indiabudget.gov.in/budget2025-26/economicsurvey/doc/stat/tab6.2b.pdf,tab6.2b.pdf,english
2024-2025,https://www.indiabudget.gov.in/budget2025-26/economicsurvey/index.php,https://www.indiabudget.gov.in/budget2025-26/economicsurvey/doc/stat/tab6.3a.pdf,tab6.3a.pdf,english
2024-2025,https://www.indiabudget.gov.in/budget2025-26/economicsurvey/index.php,https://www.indiabudget.gov.in/budget2025-26/economicsurvey/doc/stat/tab1.pdf,tab1.pdf,english
2024-2025,https://www.indiabudget.gov.in/budget2025-26/economicsurvey/index.php,https://www.indiabudget.gov.in/budget2025-26/economicsurvey/doc/stat/tab6.4a.pdf,tab6.4a.pdf,english
2024-2025,https://www.indiabudget.gov.in/budget2025-26/economicsurvey/index.php,https://www.indiabudget.gov.in/budget2025-26/economicsurvey/doc/stat/tab6.4b.pdf,tab6.4b.pdf,english
2024-2025,https://www.indiabudget.gov.in/budget2025-26/economicsurvey/index.php,https://www.indiabudget.gov.in/budget2025-26/economicsurvey/doc/stat/tab6.5.pdf,tab6.5.pdf,english
2024-2025,https://www.indiabudget.gov.in/budget2025-26/economicsurvey/index.php,https://www.indiabudget.gov.in/budget2025-26/economicsurvey/doc/stat/tab6.6.pdf,tab6.6.pdf,english
2024-2025,https://www.indiabudget.gov.in/budget2025-26/economicsurvey/index.php,https://www.indiabudget.gov.in/budget2025-26/economicsurvey/doc/stat/tab7.1a.pdf,tab7.1a.pdf,english
2024-2025,https://www.indiabudget.gov.in/budget2025-26/economicsurvey/index.php,https://www.indiabudget.gov.in/budget2025-26/economicsurvey/doc/stat/tab7.1b.pdf,tab7.1b.pdf,english
2024-2025,https://www.indiabudget.gov.in/budget2025-26/economicsurvey/index.php,https://www.indiabudget.gov.in/budget2025-26/economicsurvey/doc/stat/tab7.2a.pdf,tab7.2a.pdf,english
2024-2025,https://www.indiabudget.gov.in/budget2025-26/economicsurvey/index.php,https://www.indiabudget.gov.in/budget2025-26/economicsurvey/doc/stat/tab7.2b.pdf,tab7.2b.pdf,english
2024-2025,https://www.indiabudget.gov.in/budget2025-26/economicsurvey/index.php,https://www.indiabudget.gov.in/budget2025-26/economicsurvey/doc/stat/tab7.3a.pdf,tab7.3a.pdf,english
2024-2025,https://www.indiabudget.gov.in/budget2025-26/economicsurvey/index.php,https://www.indiabudget.gov.in/budget2025-26/economicsurvey/doc/stat/tab7.3b.pdf,tab7.3b.pdf,english
2024-2025,https://www.indiabudget.gov.in/budget2025-26/economicsurvey/index.php,https://www.indiabudget.gov.in/budget2025-26/economicsurvey/doc/stat/tab7.4.pdf,tab7.4.pdf,english
2024-2025,https://www.indiabudget.gov.in/budget2025-26/economicsurvey/index.php,https://www.indiabudget.gov.in/budget2025-26/economicsurvey/doc/stat/tab8.1.pdf,tab8.1.pdf,english
2024-2025,https://www.indiabudget.gov.in/budget2025-26/economicsurvey/index.php,https://www.indiabudget.gov.in/budget2025-26/economicsurvey/doc/stat/tab8.2.pdf,tab8.2.pdf,english
2024-2025,https://www.indiabudget.gov.in/budget2025-26/economicsurvey/index.php,https://www.indiabudget.gov.in/budget2025-26/economicsurvey/doc/stat/tab8.3.pdf,tab8.3.pdf,english
2024-2025,https://www.indiabudget.gov.in/budget2025-26/economicsurvey/index.php,https://www.indiabudget.gov.in/budget2025-26/economicsurvey/doc/stat/tab8.4.pdf,tab8.4.pdf,english
2024-2025,https://www.indiabudget.gov.in/budget2025-26/economicsurvey/index.php,https://www.indiabudget.gov.in/budget2025-26/economicsurvey/doc/stat/tab8.5.pdf,tab8.5.pdf,english
2024-2025,https://www.indiabudget.gov.in/budget2025-26/economicsurvey/index.php,https://www.indiabudget.gov.in/budget2025-26/economicsurvey/doc/stat/tab8.6.pdf,tab8.6.pdf,english
2024-2025,https://www.indiabudget.gov.in/budget2025-26/economicsurvey/index.php,https://www.indiabudget.gov.in/budget2025-26/economicsurvey/doc/stat/tab8.7.pdf,tab8.7.pdf,english
2024-2025,https://www.indiabudget.gov.in/budget2025-26/economicsurvey/index.php,https://www.indiabudget.gov.in/budget2025-26/economicsurvey/doc/stat/tab8.8.pdf,tab8.8.pdf,english
2024-2025,https://www.indiabudget.gov.in/budget2025-26/economicsurvey/index.php,https://www.indiabudget.gov.in/budget2025-26/economicsurvey/doc/stat/tab8.9a.pdf,tab8.9a.pdf,english
2024-2025,https://www.indiabudget.gov.in/budget2025-26/economicsurvey/index.php,https://www.indiabudget.gov.in/budget2025-26/economicsurvey/doc/stat/tab8.9b.pdf,tab8.9b.pdf,english
2024-2025,https://www.indiabudget.gov.in/budget2025-26/economicsurvey/index.php,https://www.indiabudget.gov.in/budget2025-26/economicsurvey/doc/stat/tab8.10.pdf,tab8.10.pdf,english
2024-2025,https://www.indiabudget.gov.in/budget2025-26/economicsurvey/index.php,https://www.indiabudget.gov.in/budget2025-26/economicsurvey/doc/stat/tab8.11.pdf,tab8.11.pdf,english
2024-2025,https://www.indiabudget.gov.in/budget2025-26/economicsurvey/index.php,https://www.indiabudget.gov.in/budget2025-26/economicsurvey/doc/stat/tab8.12.pdf,tab8.12.pdf,english
2024-2025,https://www.indiabudget.gov.in/budget2025-26/economicsurvey/index.php,https://www.indiabudget.gov.in/budget2025-26/economicsurvey/doc/stat/tab8.13.pdf,tab8.13.pdf,english
2024-2025,https://www.indiabudget.gov.in/budget2025-26/economicsurvey/index.php,https://www.indiabudget.gov.in/budget2025-26/economicsurvey/doc/stat/tab8.14.pdf,tab8.14.pdf,english
2024-2025,https://www.indiabudget.gov.in/budget2025-26/economicsurvey/index.php,https://www.indiabudget.gov.in/budget2025-26/economicsurvey/doc/stat/tab8.15.pdf,tab8.15.pdf,english
2024-2025,https://www.indiabudget.gov.in/budget2025-26/economicsurvey/index.php,https://www.indiabudget.gov.in/budget2025-26/economicsurvey/doc/stat/tab8.16.pdf,tab8.16.pdf,english
2024-2025,https://www.indiabudget.gov.in/budget2025-26/economicsurvey/index.php,https://www.indiabudget.gov.in/budget2025-26/economicsurvey/doc/stat/tab8.17.pdf,tab8.17.pdf,english
2024-2025,https://www.indiabudget.gov.in/budget2025-26/economicsurvey/index.php,https://www.indiabudget.gov.in/budget2025-26/economicsurvey/doc/stat/tab8.18.pdf,tab8.18.pdf,english
2024-2025,https://www.indiabudget.gov.in/budget2025-26/economicsurvey/index.php,https://www.indiabudget.gov.in/budget2025-26/economicsurvey/doc/stat/tab9.1.pdf,tab9.1.pdf,english
2024-2025,https://www.indiabudget.gov.in/budget2025-26/economicsurvey/index.php,https://www.indiabudget.gov.in/budget2025-26/economicsurvey/doc/stat/tab9.2.pdf,tab9.2.pdf,english
2024-2025,https://www.indiabudget.gov.in/budget2025-26/economicsurvey/index.php,https://www.indiabudget.gov.in/budget2025-26/economicsurvey/doc/stat/tab9.3.pdf,tab9.3.pdf,english
2024-2025,https://www.indiabudget.gov.in/budget2025-26/economicsurvey/index.php,https://www.indiabudget.gov.in/budget2025-26/economicsurvey/doc/stat/tab9.4.pdf,tab9.4.pdf,english
2024-2025,https://www.indiabudget.gov.in/budget2025-26/economicsurvey/index.php,https://www.indiabudget.gov.in/budget2025-26/economicsurvey/doc/stat/tab9.5.pdf,tab9.5.pdf,english
2024-2025,https://www.indiabudget.gov.in/budget2025-26/economicsurvey/index.php,https://www.indiabudget.gov.in/budget2025-26/economicsurvey/doc/hechapter.pdf,hechapter.pdf,hindi
2024-2025,https://www.indiabudget.gov.in/budget2025-26/economicsurvey/index.php,https://www.indiabudget.gov.in/budget2025-26/economicsurvey/doc/eschapter/hepreface.pdf,hepreface.pdf,english
2024-2025,https://www.indiabudget.gov.in/budget2025-26/economicsurvey/index.php,https://www.indiabudget.gov.in/budget2025-26/economicsurvey/doc/eschapter/hechap01.pdf,hechap01.pdf,hindi
2024-2025,https://www.indiabudget.gov.in/budget2025-26/economicsurvey/index.php,https://www.indiabudget.gov.in/budget2025-26/economicsurvey/doc/eschapter/hechap02.pdf,hechap02.pdf,hindi
2024-2025,https://www.indiabudget.gov.in/budget2025-26/economicsurvey/index.php,https://www.indiabudget.gov.in/budget2025-26/economicsurvey/doc/eschapter/hechap03.pdf,hechap03.pdf,hindi
2024-2025,https://www.indiabudget.gov.in/budget2025-26/economicsurvey/index.php,https://www.indiabudget.gov.in/budget2025-26/economicsurvey/doc/eschapter/hechap04.pdf,hechap04.pdf,hindi
2024-2025,https://www.indiabudget.gov.in/budget2025-26/economicsurvey/index.php,https://www.indiabudget.gov.in/budget2025-26/economicsurvey/doc/eschapter/hechap05.pdf,hechap05.pdf,hindi
2024-2025,https://www.indiabudget.gov.in/budget2025-26/economicsurvey/index.php,https://www.indiabudget.gov.in/budget2025-26/economicsurvey/doc/eschapter/hechap06.pdf,hechap06.pdf,hindi
2024-2025,https://www.indiabudget.gov.in/budget2025-26/economicsurvey/index.php,https://www.indiabudget.gov.in/budget2025-26/economicsurvey/doc/eschapter/hechap07.pdf,hechap07.pdf,hindi
2024-2025,https://www.indiabudget.gov.in/budget2025-26/economicsurvey/index.php,https://www.indiabudget.gov.in/budget2025-26/economicsurvey/doc/eschapter/hechap08.pdf,hechap08.pdf,hindi
2024-2025,https://www.indiabudget.gov.in/budget2025-26/economicsurvey/index.php,https://www.indiabudget.gov.in/budget2025-26/economicsurvey/doc/eschapter/hechap09.pdf,hechap09.pdf,hindi
2024-2025,https://www.indiabudget.gov.in/budget2025-26/economicsurvey/index.php,https://www.indiabudget.gov.in/budget2025-26/economicsurvey/doc/eschapter/hechap10.pdf,hechap10.pdf,hindi
2024-2025,https://www.indiabudget.gov.in/budget2025-26/economicsurvey/index.php,https://www.indiabudget.gov.in/budget2025-26/economicsurvey/doc/eschapter/hechap11.pdf,hechap11.pdf,hindi
2024-2025,https://www.indiabudget.gov.in/budget2025-26/economicsurvey/index.php,https://www.indiabudget.gov.in/budget2025-26/economicsurvey/doc/eschapter/hechap12.pdf,hechap12.pdf,hindi
2024-2025,https://www.indiabudget.gov.in/budget2025-26/economicsurvey/index.php,https://www.indiabudget.gov.in/budget2025-26/economicsurvey/doc/eschapter/hechap13.pdf,hechap13.pdf,hindi
2024-2025,https://www.indiabudget.gov.in/budget2025-26/economicsurvey/index.php,https://www.indiabudget.gov.in/budget2025-26/economicsurvey/doc/Statistical-Appendix-in-Hindi.pdf,Statistical-Appendix-in-Hindi.pdf,hindi
2023-2024,https://www.indiabudget.gov.in/budget2024-25/economicsurvey/index.php,https://www.indiabudget.gov.in/budget2024-25/economicsurvey/doc/Infographics English.pdf,Infographics English.pdf,english
2023-2024,https://www.indiabudget.gov.in/budget2024-25/economicsurvey/index.php,https://www.indiabudget.gov.in/budget2024-25/economicsurvey/doc/Infographics Hindi.pdf,Infographics Hindi.pdf,hindi
2023-2024,https://www.indiabudget.gov.in/budget2024-25/economicsurvey/index.php,https://www.indiabudget.gov.in/budget2024-25/economicsurvey/doc/echapter.pdf,echapter.pdf,english
2023-2024,https://www.indiabudget.gov.in/budget2024-25/economicsurvey/index.php,https://www.indiabudget.gov.in/budget2024-25/economicsurvey/doc/eschapter/epreface.pdf,epreface.pdf,english
2023-2024,https://www.indiabudget.gov.in/budget2024-25/economicsurvey/index.php,https://www.indiabudget.gov.in/budget2024-25/economicsurvey/doc/eschapter/echap01.pdf,echap01.pdf,english
2023-2024,https://www.indiabudget.gov.in/budget2024-25/economicsurvey/index.php,https://www.indiabudget.gov.in/budget2024-25/economicsurvey/doc/eschapter/echap02.pdf,echap02.pdf,english
2023-2024,https://www.indiabudget.gov.in/budget2024-25/economicsurvey/index.php,https://www.indiabudget.gov.in/budget2024-25/economicsurvey/doc/eschapter/echap03.pdf,echap03.pdf,english
2023-2024,https://www.indiabudget.gov.in/budget2024-25/economicsurvey/index.php,https://www.indiabudget.gov.in/budget2024-25/economicsurvey/doc/eschapter/echap04.pdf,echap04.pdf,english
2023-2024,https://www.indiabudget.gov.in/budget2024-25/economicsurvey/index.php,https://www.indiabudget.gov.in/budget2024-25/economicsurvey/doc/eschapter/echap05.pdf,echap05.pdf,english
2023-2024,https://www.indiabudget.gov.in/budget2024-25/economicsurvey/index.php,https://www.indiabudget.gov.in/budget2024-25/economicsurvey/doc/eschapter/echap06.pdf,echap06.pdf,english
2023-2024,https://www.indiabudget.gov.in/budget2024-25/economicsurvey/index.php,https://www.indiabudget.gov.in/budget2024-25/economicsurvey/doc/eschapter/echap07.pdf,echap07.pdf,english
2023-2024,https://www.indiabudget.gov.in/budget2024-25/economicsurvey/index.php,https://www.indiabudget.gov.in/budget2024-25/economicsurvey/doc/eschapter/echap08.pdf,echap08.pdf,english
2023-2024,https://www.indiabudget.gov.in/budget2024-25/economicsurvey/index.php,https://www.indiabudget.gov.in/budget2024-25/economicsurvey/doc/eschapter/echap09.pdf,echap09.pdf,english
2023-2024,https://www.indiabudget.gov.in/budget2024-25/economicsurvey/index.php,https://www.indiabudget.gov.in/budget2024-25/economicsurvey/doc/eschapter/echap10.pdf,echap10.pdf,english
2023-2024,https://www.indiabudget.gov.in/budget2024-25/economicsurvey/index.php,https://www.indiabudget.gov.in/budget2024-25/economicsurvey/doc/eschapter/echap11.pdf,echap11.pdf,english
2023-2024,https://www.indiabudget.gov.in/budget2024-25/economicsurvey/index.php,https://www.indiabudget.gov.in/budget2024-25/economicsurvey/doc/eschapter/echap12.pdf,echap12.pdf,english
2023-2024,https://www.indiabudget.gov.in/budget2024-25/economicsurvey/index.php,https://www.indiabudget.gov.in/budget2024-25/economicsurvey/doc/eschapter/echap13.pdf,echap13.pdf,english
2023-2024,https://www.indiabudget.gov.in/budget2024-25/economicsurvey/index.php,https://www.indiabudget.gov.in/budget2024-25/economicsurvey/doc/Statistical-Appendix-in-English.pdf,Statistical-Appendix-in-English.pdf,english
2023-2024,https://www.indiabudget.gov.in/budget2024-25/economicsurvey/index.php,https://www.indiabudget.gov.in/budget2024-25/economicsurvey/doc/stat/tab11.pdf,tab11.pdf,english
2023-2024,https://www.indiabudget.gov.in/budget2024-25/economicsurvey/index.php,https://www.indiabudget.gov.in/budget2024-25/economicsurvey/doc/stat/tab12.pdf,tab12.pdf,english
2023-2024,https://www.indiabudget.gov.in/budget2024-25/economicsurvey/index.php,https://www.indiabudget.gov.in/budget2024-25/economicsurvey/doc/stat/tab13.pdf,tab13.pdf,english
2023-2024,https://www.indiabudget.gov.in/budget2024-25/economicsurvey/index.php,https://www.indiabudget.gov.in/budget2024-25/economicsurvey/doc/stat/tab14.pdf,tab14.pdf,english
2023-2024,https://www.indiabudget.gov.in/budget2024-25/economicsurvey/index.php,https://www.indiabudget.gov.in/budget2024-25/economicsurvey/doc/stat/tab15.pdf,tab15.pdf,english
2023-2024,https://www.indiabudget.gov.in/budget2024-25/economicsurvey/index.php,https://www.indiabudget.gov.in/budget2024-25/economicsurvey/doc/stat/tab16.pdf,tab16.pdf,english
2023-2024,https://www.indiabudget.gov.in/budget2024-25/economicsurvey/index.php,https://www.indiabudget.gov.in/budget2024-25/economicsurvey/doc/stat/tab17.pdf,tab17.pdf,english
2023-2024,https://www.indiabudget.gov.in/budget2024-25/economicsurvey/index.php,https://www.indiabudget.gov.in/budget2024-25/economicsurvey/doc/stat/tab18.pdf,tab18.pdf,english
2023-2024,https://www.indiabudget.gov.in/budget2024-25/economicsurvey/index.php,https://www.indiabudget.gov.in/budget2024-25/economicsurvey/doc/stat/tab19.pdf,tab19.pdf,english
2023-2024,https://www.indiabudget.gov.in/budget2024-25/economicsurvey/index.php,https://www.indiabudget.gov.in/budget2024-25/economicsurvey/doc/stat/tab110a.pdf,tab110a.pdf,english
2023-2024,https://www.indiabudget.gov.in/budget2024-25/economicsurvey/index.php,https://www.indiabudget.gov.in/budget2024-25/economicsurvey/doc/stat/tab110b.pdf,tab110b.pdf,english
2023-2024,https://www.indiabudget.gov.in/budget2024-25/economicsurvey/index.php,https://www.indiabudget.gov.in/budget2024-25/economicsurvey/doc/stat/tab111a.pdf,tab111a.pdf,english
2023-2024,https://www.indiabudget.gov.in/budget2024-25/economicsurvey/index.php,https://www.indiabudget.gov.in/budget2024-25/economicsurvey/doc/stat/tab111b.pdf,tab111b.pdf,english
2023-2024,https://www.indiabudget.gov.in/budget2024-25/economicsurvey/index.php,https://www.indiabudget.gov.in/budget2024-25/economicsurvey/doc/stat/tab112.pdf,tab112.pdf,english
2023-2024,https://www.indiabudget.gov.in/budget2024-25/economicsurvey/index.php,https://www.indiabudget.gov.in/budget2024-25/economicsurvey/doc/stat/tab113.pdf,tab113.pdf,english
2023-2024,https://www.indiabudget.gov.in/budget2024-25/economicsurvey/index.php,https://www.indiabudget.gov.in/budget2024-25/economicsurvey/doc/stat/tab114.pdf,tab114.pdf,english
2023-2024,https://www.indiabudget.gov.in/budget2024-25/economicsurvey/index.php,https://www.indiabudget.gov.in/budget2024-25/economicsurvey/doc/stat/tab115.pdf,tab115.pdf,english
2023-2024,https://www.indiabudget.gov.in/budget2024-25/economicsurvey/index.php,https://www.indiabudget.gov.in/budget2024-25/economicsurvey/doc/stat/tab116.pdf,tab116.pdf,english
2023-2024,https://www.indiabudget.gov.in/budget2024-25/economicsurvey/index.php,https://www.indiabudget.gov.in/budget2024-25/economicsurvey/doc/stat/tab117.pdf,tab117.pdf,english
2023-2024,https://www.indiabudget.gov.in/budget2024-25/economicsurvey/index.php,https://www.indiabudget.gov.in/budget2024-25/economicsurvey/doc/stat/tab118.pdf,tab118.pdf,english
2023-2024,https://www.indiabudget.gov.in/budget2024-25/economicsurvey/index.php,https://www.indiabudget.gov.in/budget2024-25/economicsurvey/doc/stat/tab119.pdf,tab119.pdf,english
2023-2024,https://www.indiabudget.gov.in/budget2024-25/economicsurvey/index.php,https://www.indiabudget.gov.in/budget2024-25/economicsurvey/doc/stat/tab120.pdf,tab120.pdf,english
2023-2024,https://www.indiabudget.gov.in/budget2024-25/economicsurvey/index.php,https://www.indiabudget.gov.in/budget2024-25/economicsurvey/doc/stat/tab121.pdf,tab121.pdf,english
2023-2024,https://www.indiabudget.gov.in/budget2024-25/economicsurvey/index.php,https://www.indiabudget.gov.in/budget2024-25/economicsurvey/doc/stat/tab122.pdf,tab122.pdf,english
2023-2024,https://www.indiabudget.gov.in/budget2024-25/economicsurvey/index.php,https://www.indiabudget.gov.in/budget2024-25/economicsurvey/doc/stat/tab123.pdf,tab123.pdf,english
2023-2024,https://www.indiabudget.gov.in/budget2024-25/economicsurvey/index.php,https://www.indiabudget.gov.in/budget2024-25/economicsurvey/doc/stat/tab124.pdf,tab124.pdf,english
2023-2024,https://www.indiabudget.gov.in/budget2024-25/economicsurvey/index.php,https://www.indiabudget.gov.in/budget2024-25/economicsurvey/doc/stat/tab125a.pdf,tab125a.pdf,english
2023-2024,https://www.indiabudget.gov.in/budget2024-25/economicsurvey/index.php,https://www.indiabudget.gov.in/budget2024-25/economicsurvey/doc/stat/tab125b.pdf,tab125b.pdf,english
2023-2024,https://www.indiabudget.gov.in/budget2024-25/economicsurvey/index.php,https://www.indiabudget.gov.in/budget2024-25/economicsurvey/doc/stat/tab126.pdf,tab126.pdf,english
2023-2024,https://www.indiabudget.gov.in/budget2024-25/economicsurvey/index.php,https://www.indiabudget.gov.in/budget2024-25/economicsurvey/doc/stat/tab127a.pdf,tab127a.pdf,english
2023-2024,https://www.indiabudget.gov.in/budget2024-25/economicsurvey/index.php,https://www.indiabudget.gov.in/budget2024-25/economicsurvey/doc/stat/tab127b.pdf,tab127b.pdf,english
2023-2024,https://www.indiabudget.gov.in/budget2024-25/economicsurvey/index.php,https://www.indiabudget.gov.in/budget2024-25/economicsurvey/doc/stat/tab128.pdf,tab128.pdf,english
2023-2024,https://www.indiabudget.gov.in/budget2024-25/economicsurvey/index.php,https://www.indiabudget.gov.in/budget2024-25/economicsurvey/doc/stat/tab129.pdf,tab129.pdf,english
2023-2024,https://www.indiabudget.gov.in/budget2024-25/economicsurvey/index.php,https://www.indiabudget.gov.in/budget2024-25/economicsurvey/doc/stat/tab130.pdf,tab130.pdf,english
2023-2024,https://www.indiabudget.gov.in/budget2024-25/economicsurvey/index.php,https://www.indiabudget.gov.in/budget2024-25/economicsurvey/doc/stat/tab131.pdf,tab131.pdf,english
2023-2024,https://www.indiabudget.gov.in/budget2024-25/economicsurvey/index.php,https://www.indiabudget.gov.in/budget2024-25/economicsurvey/doc/stat/tab132.pdf,tab132.pdf,english
2023-2024,https://www.indiabudget.gov.in/budget2024-25/economicsurvey/index.php,https://www.indiabudget.gov.in/budget2024-25/economicsurvey/doc/stat/tab21.pdf,tab21.pdf,english
2023-2024,https://www.indiabudget.gov.in/budget2024-25/economicsurvey/index.php,https://www.indiabudget.gov.in/budget2024-25/economicsurvey/doc/stat/tab22.pdf,tab22.pdf,english
2023-2024,https://www.indiabudget.gov.in/budget2024-25/economicsurvey/index.php,https://www.indiabudget.gov.in/budget2024-25/economicsurvey/doc/stat/tab23.pdf,tab23.pdf,english
2023-2024,https://www.indiabudget.gov.in/budget2024-25/economicsurvey/index.php,https://www.indiabudget.gov.in/budget2024-25/economicsurvey/doc/stat/tab24.pdf,tab24.pdf,english
2023-2024,https://www.indiabudget.gov.in/budget2024-25/economicsurvey/index.php,https://www.indiabudget.gov.in/budget2024-25/economicsurvey/doc/stat/tab25.pdf,tab25.pdf,english
2023-2024,https://www.indiabudget.gov.in/budget2024-25/economicsurvey/index.php,https://www.indiabudget.gov.in/budget2024-25/economicsurvey/doc/stat/tab26.pdf,tab26.pdf,english
2023-2024,https://www.indiabudget.gov.in/budget2024-25/economicsurvey/index.php,https://www.indiabudget.gov.in/budget2024-25/economicsurvey/doc/stat/tab27.pdf,tab27.pdf,english
2023-2024,https://www.indiabudget.gov.in/budget2024-25/economicsurvey/index.php,https://www.indiabudget.gov.in/budget2024-25/economicsurvey/doc/stat/tab28.pdf,tab28.pdf,english
2023-2024,https://www.indiabudget.gov.in/budget2024-25/economicsurvey/index.php,https://www.indiabudget.gov.in/budget2024-25/economicsurvey/doc/stat/tab29.pdf,tab29.pdf,english
2023-2024,https://www.indiabudget.gov.in/budget2024-25/economicsurvey/index.php,https://www.indiabudget.gov.in/budget2024-25/economicsurvey/doc/stat/tab31.pdf,tab31.pdf,english
2023-2024,https://www.indiabudget.gov.in/budget2024-25/economicsurvey/index.php,https://www.indiabudget.gov.in/budget2024-25/economicsurvey/doc/stat/tab32.pdf,tab32.pdf,english
2023-2024,https://www.indiabudget.gov.in/budget2024-25/economicsurvey/index.php,https://www.indiabudget.gov.in/budget2024-25/economicsurvey/doc/stat/tab33.pdf,tab33.pdf,english
2023-2024,https://www.indiabudget.gov.in/budget2024-25/economicsurvey/index.php,https://www.indiabudget.gov.in/budget2024-25/economicsurvey/doc/stat/tab34.pdf,tab34.pdf,english
2023-2024,https://www.indiabudget.gov.in/budget2024-25/economicsurvey/index.php,https://www.indiabudget.gov.in/budget2024-25/economicsurvey/doc/stat/tab35.pdf,tab35.pdf,english
2023-2024,https://www.indiabudget.gov.in/budget2024-25/economicsurvey/index.php,https://www.indiabudget.gov.in/budget2024-25/economicsurvey/doc/stat/tab36.pdf,tab36.pdf,english
2023-2024,https://www.indiabudget.gov.in/budget2024-25/economicsurvey/index.php,https://www.indiabudget.gov.in/budget2024-25/economicsurvey/doc/stat/tab37.pdf,tab37.pdf,english
2023-2024,https://www.indiabudget.gov.in/budget2024-25/economicsurvey/index.php,https://www.indiabudget.gov.in/budget2024-25/economicsurvey/doc/stat/tab38.pdf,tab38.pdf,english
2023-2024,https://www.indiabudget.gov.in/budget2024-25/economicsurvey/index.php,https://www.indiabudget.gov.in/budget2024-25/economicsurvey/doc/stat/tab39.pdf,tab39.pdf,english
2023-2024,https://www.indiabudget.gov.in/budget2024-25/economicsurvey/index.php,https://www.indiabudget.gov.in/budget2024-25/economicsurvey/doc/stat/tab41.pdf,tab41.pdf,english
2023-2024,https://www.indiabudget.gov.in/budget2024-25/economicsurvey/index.php,https://www.indiabudget.gov.in/budget2024-25/economicsurvey/doc/stat/tab42.pdf,tab42.pdf,english
2023-2024,https://www.indiabudget.gov.in/budget2024-25/economicsurvey/index.php,https://www.indiabudget.gov.in/budget2024-25/economicsurvey/doc/stat/tab43.pdf,tab43.pdf,english
2023-2024,https://www.indiabudget.gov.in/budget2024-25/economicsurvey/index.php,https://www.indiabudget.gov.in/budget2024-25/economicsurvey/doc/stat/tab44.pdf,tab44.pdf,english
2023-2024,https://www.indiabudget.gov.in/budget2024-25/economicsurvey/index.php,https://www.indiabudget.gov.in/budget2024-25/economicsurvey/doc/stat/tab45.pdf,tab45.pdf,english
2023-2024,https://www.indiabudget.gov.in/budget2024-25/economicsurvey/index.php,https://www.indiabudget.gov.in/budget2024-25/economicsurvey/doc/stat/tab51a.pdf,tab51a.pdf,english
2023-2024,https://www.indiabudget.gov.in/budget2024-25/economicsurvey/index.php,https://www.indiabudget.gov.in/budget2024-25/economicsurvey/doc/stat/tab51b.pdf,tab51b.pdf,english
2023-2024,https://www.indiabudget.gov.in/budget2024-25/economicsurvey/index.php,https://www.indiabudget.gov.in/budget2024-25/economicsurvey/doc/stat/tab52.pdf,tab52.pdf,english
2023-2024,https://www.indiabudget.gov.in/budget2024-25/economicsurvey/index.php,https://www.indiabudget.gov.in/budget2024-25/economicsurvey/doc/stat/tab53a.pdf,tab53a.pdf,english
2023-2024,https://www.indiabudget.gov.in/budget2024-25/economicsurvey/index.php,https://www.indiabudget.gov.in/budget2024-25/economicsurvey/doc/stat/tab53b.pdf,tab53b.pdf,english
2023-2024,https://www.indiabudget.gov.in/budget2024-25/economicsurvey/index.php,https://www.indiabudget.gov.in/budget2024-25/economicsurvey/doc/stat/tab54.pdf,tab54.pdf,english
2023-2024,https://www.indiabudget.gov.in/budget2024-25/economicsurvey/index.php,https://www.indiabudget.gov.in/budget2024-25/economicsurvey/doc/stat/tab55.pdf,tab55.pdf,english
2023-2024,https://www.indiabudget.gov.in/budget2024-25/economicsurvey/index.php,https://www.indiabudget.gov.in/budget2024-25/economicsurvey/doc/stat/tab61a.pdf,tab61a.pdf,english
2023-2024,https://www.indiabudget.gov.in/budget2024-25/economicsurvey/index.php,https://www.indiabudget.gov.in/budget2024-25/economicsurvey/doc/stat/tab61b.pdf,tab61b.pdf,english
2023-2024,https://www.indiabudget.gov.in/budget2024-25/economicsurvey/index.php,https://www.indiabudget.gov.in/budget2024-25/economicsurvey/doc/stat/tab62a.pdf,tab62a.pdf,english
2023-2024,https://www.indiabudget.gov.in/budget2024-25/economicsurvey/index.php,https://www.indiabudget.gov.in/budget2024-25/economicsurvey/doc/stat/tab62b.pdf,tab62b.pdf,english
2023-2024,https://www.indiabudget.gov.in/budget2024-25/economicsurvey/index.php,https://www.indiabudget.gov.in/budget2024-25/economicsurvey/doc/stat/tab63a.pdf,tab63a.pdf,english
2023-2024,https://www.indiabudget.gov.in/budget2024-25/economicsurvey/index.php,https://www.indiabudget.gov.in/budget2024-25/economicsurvey/doc/stat/tab1.pdf,tab1.pdf,english
2023-2024,https://www.indiabudget.gov.in/budget2024-25/economicsurvey/index.php,https://www.indiabudget.gov.in/budget2024-25/economicsurvey/doc/stat/tab64a.pdf,tab64a.pdf,english
2023-2024,https://www.indiabudget.gov.in/budget2024-25/economicsurvey/index.php,https://www.indiabudget.gov.in/budget2024-25/economicsurvey/doc/stat/tab64b.pdf,tab64b.pdf,english
2023-2024,https://www.indiabudget.gov.in/budget2024-25/economicsurvey/index.php,https://www.indiabudget.gov.in/budget2024-25/economicsurvey/doc/stat/tab65.pdf,tab65.pdf,english
2023-2024,https://www.indiabudget.gov.in/budget2024-25/economicsurvey/index.php,https://www.indiabudget.gov.in/budget2024-25/economicsurvey/doc/stat/tab66.pdf,tab66.pdf,english
2023-2024,https://www.indiabudget.gov.in/budget2024-25/economicsurvey/index.php,https://www.indiabudget.gov.in/budget2024-25/economicsurvey/doc/stat/tab71a.pdf,tab71a.pdf,english
2023-2024,https://www.indiabudget.gov.in/budget2024-25/economicsurvey/index.php,https://www.indiabudget.gov.in/budget2024-25/economicsurvey/doc/stat/tab71b.pdf,tab71b.pdf,english
2023-2024,https://www.indiabudget.gov.in/budget2024-25/economicsurvey/index.php,https://www.indiabudget.gov.in/budget2024-25/economicsurvey/doc/stat/tab72a.pdf,tab72a.pdf,english
2023-2024,https://www.indiabudget.gov.in/budget2024-25/economicsurvey/index.php,https://www.indiabudget.gov.in/budget2024-25/economicsurvey/doc/stat/tab72b.pdf,tab72b.pdf,english
2023-2024,https://www.indiabudget.gov.in/budget2024-25/economicsurvey/index.php,https://www.indiabudget.gov.in/budget2024-25/economicsurvey/doc/stat/tab73a.pdf,tab73a.pdf,english
2023-2024,https://www.indiabudget.gov.in/budget2024-25/economicsurvey/index.php,https://www.indiabudget.gov.in/budget2024-25/economicsurvey/doc/stat/tab73b.pdf,tab73b.pdf,english
2023-2024,https://www.indiabudget.gov.in/budget2024-25/economicsurvey/index.php,https://www.indiabudget.gov.in/budget2024-25/economicsurvey/doc/stat/tab74.pdf,tab74.pdf,english
2023-2024,https://www.indiabudget.gov.in/budget2024-25/economicsurvey/index.php,https://www.indiabudget.gov.in/budget2024-25/economicsurvey/doc/stat/tab81.pdf,tab81.pdf,english
2023-2024,https://www.indiabudget.gov.in/budget2024-25/economicsurvey/index.php,https://www.indiabudget.gov.in/budget2024-25/economicsurvey/doc/stat/tab82.pdf,tab82.pdf,english
2023-2024,https://www.indiabudget.gov.in/budget2024-25/economicsurvey/index.php,https://www.indiabudget.gov.in/budget2024-25/economicsurvey/doc/stat/tab83.pdf,tab83.pdf,english
2023-2024,https://www.indiabudget.gov.in/budget2024-25/economicsurvey/index.php,https://www.indiabudget.gov.in/budget2024-25/economicsurvey/doc/stat/tab84.pdf,tab84.pdf,english
2023-2024,https://www.indiabudget.gov.in/budget2024-25/economicsurvey/index.php,https://www.indiabudget.gov.in/budget2024-25/economicsurvey/doc/stat/tab85.pdf,tab85.pdf,english
2023-2024,https://www.indiabudget.gov.in/budget2024-25/economicsurvey/index.php,https://www.indiabudget.gov.in/budget2024-25/economicsurvey/doc/stat/tab86.pdf,tab86.pdf,english
2023-2024,https://www.indiabudget.gov.in/budget2024-25/economicsurvey/index.php,https://www.indiabudget.gov.in/budget2024-25/economicsurvey/doc/stat/tab87.pdf,tab87.pdf,english
2023-2024,https://www.indiabudget.gov.in/budget2024-25/economicsurvey/index.php,https://www.indiabudget.gov.in/budget2024-25/economicsurvey/doc/stat/tab88.pdf,tab88.pdf,english
2023-2024,https://www.indiabudget.gov.in/budget2024-25/economicsurvey/index.php,https://www.indiabudget.gov.in/budget2024-25/economicsurvey/doc/stat/tab89a.pdf,tab89a.pdf,english
2023-2024,https://www.indiabudget.gov.in/budget2024-25/economicsurvey/index.php,https://www.indiabudget.gov.in/budget2024-25/economicsurvey/doc/stat/tab89b.pdf,tab89b.pdf,english
2023-2024,https://www.indiabudget.gov.in/budget2024-25/economicsurvey/index.php,https://www.indiabudget.gov.in/budget2024-25/economicsurvey/doc/stat/tab810.pdf,tab810.pdf,english
2023-2024,https://www.indiabudget.gov.in/budget2024-25/economicsurvey/index.php,https://www.indiabudget.gov.in/budget2024-25/economicsurvey/doc/stat/tab811.pdf,tab811.pdf,english
2023-2024,https://www.indiabudget.gov.in/budget2024-25/economicsurvey/index.php,https://www.indiabudget.gov.in/budget2024-25/economicsurvey/doc/stat/tab812.pdf,tab812.pdf,english
2023-2024,https://www.indiabudget.gov.in/budget2024-25/economicsurvey/index.php,https://www.indiabudget.gov.in/budget2024-25/economicsurvey/doc/stat/tab813.pdf,tab813.pdf,english
2023-2024,https://www.indiabudget.gov.in/budget2024-25/economicsurvey/index.php,https://www.indiabudget.gov.in/budget2024-25/economicsurvey/doc/stat/tab814.pdf,tab814.pdf,english
2023-2024,https://www.indiabudget.gov.in/budget2024-25/economicsurvey/index.php,https://www.indiabudget.gov.in/budget2024-25/economicsurvey/doc/stat/tab815.pdf,tab815.pdf,english
2023-2024,https://www.indiabudget.gov.in/budget2024-25/economicsurvey/index.php,https://www.indiabudget.gov.in/budget2024-25/economicsurvey/doc/stat/tab816.pdf,tab816.pdf,english
2023-2024,https://www.indiabudget.gov.in/budget2024-25/economicsurvey/index.php,https://www.indiabudget.gov.in/budget2024-25/economicsurvey/doc/stat/tab817.pdf,tab817.pdf,english
2023-2024,https://www.indiabudget.gov.in/budget2024-25/economicsurvey/index.php,https://www.indiabudget.gov.in/budget2024-25/economicsurvey/doc/stat/tab818.pdf,tab818.pdf,english
2023-2024,https://www.indiabudget.gov.in/budget2024-25/economicsurvey/index.php,https://www.indiabudget.gov.in/budget2024-25/economicsurvey/doc/stat/tab91.pdf,tab91.pdf,english
2023-2024,https://www.indiabudget.gov.in/budget2024-25/economicsurvey/index.php,https://www.indiabudget.gov.in/budget2024-25/economicsurvey/doc/stat/tab92.pdf,tab92.pdf,english
2023-2024,https://www.indiabudget.gov.in/budget2024-25/economicsurvey/index.php,https://www.indiabudget.gov.in/budget2024-25/economicsurvey/doc/stat/tab93.pdf,tab93.pdf,english
2023-2024,https://www.indiabudget.gov.in/budget2024-25/economicsurvey/index.php,https://www.indiabudget.gov.in/budget2024-25/economicsurvey/doc/stat/tab94.pdf,tab94.pdf,english
2023-2024,https://www.indiabudget.gov.in/budget2024-25/economicsurvey/index.php,https://www.indiabudget.gov.in/budget2024-25/economicsurvey/doc/stat/tab95.pdf,tab95.pdf,english
2023-2024,https://www.indiabudget.gov.in/budget2024-25/economicsurvey/index.php,https://www.indiabudget.gov.in/budget2024-25/economicsurvey/doc/hechapter.pdf,hechapter.pdf,hindi
2023-2024,https://www.indiabudget.gov.in/budget2024-25/economicsurvey/index.php,https://www.indiabudget.gov.in/budget2024-25/economicsurvey/doc/eschapter/hepreface.pdf,hepreface.pdf,english
2023-2024,https://www.indiabudget.gov.in/budget2024-25/economicsurvey/index.php,https://www.indiabudget.gov.in/budget2024-25/economicsurvey/doc/eschapter/hechap01.pdf,hechap01.pdf,hindi
2023-2024,https://www.indiabudget.gov.in/budget2024-25/economicsurvey/index.php,https://www.indiabudget.gov.in/budget2024-25/economicsurvey/doc/eschapter/hechap02.pdf,hechap02.pdf,hindi
2023-2024,https://www.indiabudget.gov.in/budget2024-25/economicsurvey/index.php,https://www.indiabudget.gov.in/budget2024-25/economicsurvey/doc/eschapter/hechap03.pdf,hechap03.pdf,hindi
2023-2024,https://www.indiabudget.gov.in/budget2024-25/economicsurvey/index.php,https://www.indiabudget.gov.in/budget2024-25/economicsurvey/doc/eschapter/hechap04.pdf,hechap04.pdf,hindi
2023-2024,https://www.indiabudget.gov.in/budget2024-25/economicsurvey/index.php,https://www.indiabudget.gov.in/budget2024-25/economicsurvey/doc/eschapter/hechap05.pdf,hechap05.pdf,hindi
2023-2024,https://www.indiabudget.gov.in/budget2024-25/economicsurvey/index.php,https://www.indiabudget.gov.in/budget2024-25/economicsurvey/doc/eschapter/hechap06.pdf,hechap06.pdf,hindi
2023-2024,https://www.indiabudget.gov.in/budget2024-25/economicsurvey/index.php,https://www.indiabudget.gov.in/budget2024-25/economicsurvey/doc/eschapter/hechap07.pdf,hechap07.pdf,hindi
2023-2024,https://www.indiabudget.gov.in/budget2024-25/economicsurvey/index.php,https://www.indiabudget.gov.in/budget2024-25/economicsurvey/doc/eschapter/hechap08.pdf,hechap08.pdf,hindi
2023-2024,https://www.indiabudget.gov.in/budget2024-25/economicsurvey/index.php,https://www.indiabudget.gov.in/budget2024-25/economicsurvey/doc/eschapter/hechap09.pdf,hechap09.pdf,hindi
2023-2024,https://www.indiabudget.gov.in/budget2024-25/economicsurvey/index.php,https://www.indiabudget.gov.in/budget2024-25/economicsurvey/doc/eschapter/hechap10.pdf,hechap10.pdf,hindi
2023-2024,https://www.indiabudget.gov.in/budget2024-25/economicsurvey/index.php,https://www.indiabudget.gov.in/budget2024-25/economicsurvey/doc/eschapter/hechap11.pdf,hechap11.pdf,hindi
2023-2024,https://www.indiabudget.gov.in/budget2024-25/economicsurvey/index.php,https://www.indiabudget.gov.in/budget2024-25/economicsurvey/doc/eschapter/hechap12.pdf,hechap12.pdf,hindi
2023-2024,https://www.indiabudget.gov.in/budget2024-25/economicsurvey/index.php,https://www.indiabudget.gov.in/budget2024-25/economicsurvey/doc/eschapter/hechap13.pdf,hechap13.pdf,hindi
2023-2024,https://www.indiabudget.gov.in/budget2024-25/economicsurvey/index.php,https://www.indiabudget.gov.in/budget2024-25/economicsurvey/doc/Statistical-Appendix-in-Hindi.pdf,Statistical-Appendix-in-Hindi.pdf,hindi
2022-2023,https://www.indiabudget.gov.in/budget2023-24/economicsurvey/index.php,https://www.indiabudget.gov.in/budget2023-24/economicsurvey/doc/Infographics English.pdf,Infographics English.pdf,english
2022-2023,https://www.indiabudget.gov.in/budget2023-24/economicsurvey/index.php,https://www.indiabudget.gov.in/budget2023-24/economicsurvey/doc/Infographics Hindi.pdf,Infographics Hindi.pdf,hindi
2022-2023,https://www.indiabudget.gov.in/budget2023-24/economicsurvey/index.php,https://www.indiabudget.gov.in/budget2023-24/economicsurvey/doc/echapter.pdf,echapter.pdf,english
2022-2023,https://www.indiabudget.gov.in/budget2023-24/economicsurvey/index.php,https://www.indiabudget.gov.in/budget2023-24/economicsurvey/doc/eschapter/epreface.pdf,epreface.pdf,english
2022-2023,https://www.indiabudget.gov.in/budget2023-24/economicsurvey/index.php,https://www.indiabudget.gov.in/budget2023-24/economicsurvey/doc/eschapter/echap01.pdf,echap01.pdf,english
2022-2023,https://www.indiabudget.gov.in/budget2023-24/economicsurvey/index.php,https://www.indiabudget.gov.in/budget2023-24/economicsurvey/doc/eschapter/echap02.pdf,echap02.pdf,english
2022-2023,https://www.indiabudget.gov.in/budget2023-24/economicsurvey/index.php,https://www.indiabudget.gov.in/budget2023-24/economicsurvey/doc/eschapter/echap03.pdf,echap03.pdf,english
2022-2023,https://www.indiabudget.gov.in/budget2023-24/economicsurvey/index.php,https://www.indiabudget.gov.in/budget2023-24/economicsurvey/doc/eschapter/echap04.pdf,echap04.pdf,english
2022-2023,https://www.indiabudget.gov.in/budget2023-24/economicsurvey/index.php,https://www.indiabudget.gov.in/budget2023-24/economicsurvey/doc/eschapter/echap05.pdf,echap05.pdf,english
2022-2023,https://www.indiabudget.gov.in/budget2023-24/economicsurvey/index.php,https://www.indiabudget.gov.in/budget2023-24/economicsurvey/doc/eschapter/echap06.pdf,echap06.pdf,english
2022-2023,https://www.indiabudget.gov.in/budget2023-24/economicsurvey/index.php,https://www.indiabudget.gov.in/budget2023-24/economicsurvey/doc/eschapter/echap07.pdf,echap07.pdf,english
2022-2023,https://www.indiabudget.gov.in/budget2023-24/economicsurvey/index.php,https://www.indiabudget.gov.in/budget2023-24/economicsurvey/doc/eschapter/echap08.pdf,echap08.pdf,english
2022-2023,https://www.indiabudget.gov.in/budget2023-24/economicsurvey/index.php,https://www.indiabudget.gov.in/budget2023-24/economicsurvey/doc/eschapter/echap09.pdf,echap09.pdf,english
2022-2023,https://www.indiabudget.gov.in/budget2023-24/economicsurvey/index.php,https://www.indiabudget.gov.in/budget2023-24/economicsurvey/doc/eschapter/echap10.pdf,echap10.pdf,english
2022-2023,https://www.indiabudget.gov.in/budget2023-24/economicsurvey/index.php,https://www.indiabudget.gov.in/budget2023-24/economicsurvey/doc/eschapter/echap11.pdf,echap11.pdf,english
2022-2023,https://www.indiabudget.gov.in/budget2023-24/economicsurvey/index.php,https://www.indiabudget.gov.in/budget2023-24/economicsurvey/doc/eschapter/echap12.pdf,echap12.pdf,english
2022-2023,https://www.indiabudget.gov.in/budget2023-24/economicsurvey/index.php,https://www.indiabudget.gov.in/budget2023-24/economicsurvey/doc/Statistical-Appendix-in-English.pdf,Statistical-Appendix-in-English.pdf,english
2022-2023,https://www.indiabudget.gov.in/budget2023-24/economicsurvey/index.php,https://www.indiabudget.gov.in/budget2023-24/economicsurvey/doc/stat/tab11.pdf,tab11.pdf,english
2022-2023,https://www.indiabudget.gov.in/budget2023-24/economicsurvey/index.php,https://www.indiabudget.gov.in/budget2023-24/economicsurvey/doc/stat/tab12.pdf,tab12.pdf,english
2022-2023,https://www.indiabudget.gov.in/budget2023-24/economicsurvey/index.php,https://www.indiabudget.gov.in/budget2023-24/economicsurvey/doc/stat/tab13.pdf,tab13.pdf,english
2022-2023,https://www.indiabudget.gov.in/budget2023-24/economicsurvey/index.php,https://www.indiabudget.gov.in/budget2023-24/economicsurvey/doc/stat/tab14.pdf,tab14.pdf,english
2022-2023,https://www.indiabudget.gov.in/budget2023-24/economicsurvey/index.php,https://www.indiabudget.gov.in/budget2023-24/economicsurvey/doc/stat/tab15.pdf,tab15.pdf,english
2022-2023,https://www.indiabudget.gov.in/budget2023-24/economicsurvey/index.php,https://www.indiabudget.gov.in/budget2023-24/economicsurvey/doc/stat/tab16.pdf,tab16.pdf,english
2022-2023,https://www.indiabudget.gov.in/budget2023-24/economicsurvey/index.php,https://www.indiabudget.gov.in/budget2023-24/economicsurvey/doc/stat/tab17.pdf,tab17.pdf,english
2022-2023,https://www.indiabudget.gov.in/budget2023-24/economicsurvey/index.php,https://www.indiabudget.gov.in/budget2023-24/economicsurvey/doc/stat/tab18.pdf,tab18.pdf,english
2022-2023,https://www.indiabudget.gov.in/budget2023-24/economicsurvey/index.php,https://www.indiabudget.gov.in/budget2023-24/economicsurvey/doc/stat/tab19.pdf,tab19.pdf,english
2022-2023,https://www.indiabudget.gov.in/budget2023-24/economicsurvey/index.php,https://www.indiabudget.gov.in/budget2023-24/economicsurvey/doc/stat/tab110a.pdf,tab110a.pdf,english
2022-2023,https://www.indiabudget.gov.in/budget2023-24/economicsurvey/index.php,https://www.indiabudget.gov.in/budget2023-24/economicsurvey/doc/stat/tab110b.pdf,tab110b.pdf,english
2022-2023,https://www.indiabudget.gov.in/budget2023-24/economicsurvey/index.php,https://www.indiabudget.gov.in/budget2023-24/economicsurvey/doc/stat/tab111a.pdf,tab111a.pdf,english
2022-2023,https://www.indiabudget.gov.in/budget2023-24/economicsurvey/index.php,https://www.indiabudget.gov.in/budget2023-24/economicsurvey/doc/stat/tab111b.pdf,tab111b.pdf,english
2022-2023,https://www.indiabudget.gov.in/budget2023-24/economicsurvey/index.php,https://www.indiabudget.gov.in/budget2023-24/economicsurvey/doc/stat/tab112.pdf,tab112.pdf,english
2022-2023,https://www.indiabudget.gov.in/budget2023-24/economicsurvey/index.php,https://www.indiabudget.gov.in/budget2023-24/economicsurvey/doc/stat/tab113.pdf,tab113.pdf,english
2022-2023,https://www.indiabudget.gov.in/budget2023-24/economicsurvey/index.php,https://www.indiabudget.gov.in/budget2023-24/economicsurvey/doc/stat/tab114.pdf,tab114.pdf,english
2022-2023,https://www.indiabudget.gov.in/budget2023-24/economicsurvey/index.php,https://www.indiabudget.gov.in/budget2023-24/economicsurvey/doc/stat/tab115.pdf,tab115.pdf,english
2022-2023,https://www.indiabudget.gov.in/budget2023-24/economicsurvey/index.php,https://www.indiabudget.gov.in/budget2023-24/economicsurvey/doc/stat/tab116.pdf,tab116.pdf,english
2022-2023,https://www.indiabudget.gov.in/budget2023-24/economicsurvey/index.php,https://www.indiabudget.gov.in/budget2023-24/economicsurvey/doc/stat/tab117.pdf,tab117.pdf,english
2022-2023,https://www.indiabudget.gov.in/budget2023-24/economicsurvey/index.php,https://www.indiabudget.gov.in/budget2023-24/economicsurvey/doc/stat/tab118.pdf,tab118.pdf,english
2022-2023,https://www.indiabudget.gov.in/budget2023-24/economicsurvey/index.php,https://www.indiabudget.gov.in/budget2023-24/economicsurvey/doc/stat/tab119.pdf,tab119.pdf,english
2022-2023,https://www.indiabudget.gov.in/budget2023-24/economicsurvey/index.php,https://www.indiabudget.gov.in/budget2023-24/economicsurvey/doc/stat/tab120.pdf,tab120.pdf,english
2022-2023,https://www.indiabudget.gov.in/budget2023-24/economicsurvey/index.php,https://www.indiabudget.gov.in/budget2023-24/economicsurvey/doc/stat/tab121.pdf,tab121.pdf,english
2022-2023,https://www.indiabudget.gov.in/budget2023-24/economicsurvey/index.php,https://www.indiabudget.gov.in/budget2023-24/economicsurvey/doc/stat/tab122.pdf,tab122.pdf,english
2022-2023,https://www.indiabudget.gov.in/budget2023-24/economicsurvey/index.php,https://www.indiabudget.gov.in/budget2023-24/economicsurvey/doc/stat/tab123.pdf,tab123.pdf,english
2022-2023,https://www.indiabudget.gov.in/budget2023-24/economicsurvey/index.php,https://www.indiabudget.gov.in/budget2023-24/economicsurvey/doc/stat/tab124.pdf,tab124.pdf,english
2022-2023,https://www.indiabudget.gov.in/budget2023-24/economicsurvey/index.php,https://www.indiabudget.gov.in/budget2023-24/economicsurvey/doc/stat/tab125a.pdf,tab125a.pdf,english
2022-2023,https://www.indiabudget.gov.in/budget2023-24/economicsurvey/index.php,https://www.indiabudget.gov.in/budget2023-24/economicsurvey/doc/stat/tab125b.pdf,tab125b.pdf,english
2022-2023,https://www.indiabudget.gov.in/budget2023-24/economicsurvey/index.php,https://www.indiabudget.gov.in/budget2023-24/economicsurvey/doc/stat/tab126.pdf,tab126.pdf,english
2022-2023,https://www.indiabudget.gov.in/budget2023-24/economicsurvey/index.php,https://www.indiabudget.gov.in/budget2023-24/economicsurvey/doc/stat/tab127a.pdf,tab127a.pdf,english
2022-2023,https://www.indiabudget.gov.in/budget2023-24/economicsurvey/index.php,https://www.indiabudget.gov.in/budget2023-24/economicsurvey/doc/stat/tab127b.pdf,tab127b.pdf,english
2022-2023,https://www.indiabudget.gov.in/budget2023-24/economicsurvey/index.php,https://www.indiabudget.gov.in/budget2023-24/economicsurvey/doc/stat/tab128.pdf,tab128.pdf,english
2022-2023,https://www.indiabudget.gov.in/budget2023-24/economicsurvey/index.php,https://www.indiabudget.gov.in/budget2023-24/economicsurvey/doc/stat/tab129.pdf,tab129.pdf,english
2022-2023,https://www.indiabudget.gov.in/budget2023-24/economicsurvey/index.php,https://www.indiabudget.gov.in/budget2023-24/economicsurvey/doc/stat/tab130.pdf,tab130.pdf,english
2022-2023,https://www.indiabudget.gov.in/budget2023-24/economicsurvey/index.php,https://www.indiabudget.gov.in/budget2023-24/economicsurvey/doc/stat/tab131.pdf,tab131.pdf,english
2022-2023,https://www.indiabudget.gov.in/budget2023-24/economicsurvey/index.php,https://www.indiabudget.gov.in/budget2023-24/economicsurvey/doc/stat/tab132.pdf,tab132.pdf,english
2022-2023,https://www.indiabudget.gov.in/budget2023-24/economicsurvey/index.php,https://www.indiabudget.gov.in/budget2023-24/economicsurvey/doc/stat/tab21.pdf,tab21.pdf,english
2022-2023,https://www.indiabudget.gov.in/budget2023-24/economicsurvey/index.php,https://www.indiabudget.gov.in/budget2023-24/economicsurvey/doc/stat/tab22.pdf,tab22.pdf,english
2022-2023,https://www.indiabudget.gov.in/budget2023-24/economicsurvey/index.php,https://www.indiabudget.gov.in/budget2023-24/economicsurvey/doc/stat/tab23.pdf,tab23.pdf,english
2022-2023,https://www.indiabudget.gov.in/budget2023-24/economicsurvey/index.php,https://www.indiabudget.gov.in/budget2023-24/economicsurvey/doc/stat/tab24.pdf,tab24.pdf,english
2022-2023,https://www.indiabudget.gov.in/budget2023-24/economicsurvey/index.php,https://www.indiabudget.gov.in/budget2023-24/economicsurvey/doc/stat/tab25.pdf,tab25.pdf,english
2022-2023,https://www.indiabudget.gov.in/budget2023-24/economicsurvey/index.php,https://www.indiabudget.gov.in/budget2023-24/economicsurvey/doc/stat/tab26.pdf,tab26.pdf,english
2022-2023,https://www.indiabudget.gov.in/budget2023-24/economicsurvey/index.php,https://www.indiabudget.gov.in/budget2023-24/economicsurvey/doc/stat/tab27.pdf,tab27.pdf,english
2022-2023,https://www.indiabudget.gov.in/budget2023-24/economicsurvey/index.php,https://www.indiabudget.gov.in/budget2023-24/economicsurvey/doc/stat/tab28.pdf,tab28.pdf,english
2022-2023,https://www.indiabudget.gov.in/budget2023-24/economicsurvey/index.php,https://www.indiabudget.gov.in/budget2023-24/economicsurvey/doc/stat/tab29.pdf,tab29.pdf,english
2022-2023,https://www.indiabudget.gov.in/budget2023-24/economicsurvey/index.php,https://www.indiabudget.gov.in/budget2023-24/economicsurvey/doc/stat/tab31.pdf,tab31.pdf,english
2022-2023,https://www.indiabudget.gov.in/budget2023-24/economicsurvey/index.php,https://www.indiabudget.gov.in/budget2023-24/economicsurvey/doc/stat/tab32.pdf,tab32.pdf,english
2022-2023,https://www.indiabudget.gov.in/budget2023-24/economicsurvey/index.php,https://www.indiabudget.gov.in/budget2023-24/economicsurvey/doc/stat/tab33.pdf,tab33.pdf,english
2022-2023,https://www.indiabudget.gov.in/budget2023-24/economicsurvey/index.php,https://www.indiabudget.gov.in/budget2023-24/economicsurvey/doc/stat/tab34.pdf,tab34.pdf,english
2022-2023,https://www.indiabudget.gov.in/budget2023-24/economicsurvey/index.php,https://www.indiabudget.gov.in/budget2023-24/economicsurvey/doc/stat/tab35.pdf,tab35.pdf,english
2022-2023,https://www.indiabudget.gov.in/budget2023-24/economicsurvey/index.php,https://www.indiabudget.gov.in/budget2023-24/economicsurvey/doc/stat/tab36.pdf,tab36.pdf,english
2022-2023,https://www.indiabudget.gov.in/budget2023-24/economicsurvey/index.php,https://www.indiabudget.gov.in/budget2023-24/economicsurvey/doc/stat/tab37.pdf,tab37.pdf,english
2022-2023,https://www.indiabudget.gov.in/budget2023-24/economicsurvey/index.php,https://www.indiabudget.gov.in/budget2023-24/economicsurvey/doc/stat/tab38.pdf,tab38.pdf,english
2022-2023,https://www.indiabudget.gov.in/budget2023-24/economicsurvey/index.php,https://www.indiabudget.gov.in/budget2023-24/economicsurvey/doc/stat/tab39.pdf,tab39.pdf,english
2022-2023,https://www.indiabudget.gov.in/budget2023-24/economicsurvey/index.php,https://www.indiabudget.gov.in/budget2023-24/economicsurvey/doc/stat/tab41.pdf,tab41.pdf,english
2022-2023,https://www.indiabudget.gov.in/budget2023-24/economicsurvey/index.php,https://www.indiabudget.gov.in/budget2023-24/economicsurvey/doc/stat/tab42.pdf,tab42.pdf,english
2022-2023,https://www.indiabudget.gov.in/budget2023-24/economicsurvey/index.php,https://www.indiabudget.gov.in/budget2023-24/economicsurvey/doc/stat/tab43.pdf,tab43.pdf,english
2022-2023,https://www.indiabudget.gov.in/budget2023-24/economicsurvey/index.php,https://www.indiabudget.gov.in/budget2023-24/economicsurvey/doc/stat/tab44.pdf,tab44.pdf,english
2022-2023,https://www.indiabudget.gov.in/budget2023-24/economicsurvey/index.php,https://www.indiabudget.gov.in/budget2023-24/economicsurvey/doc/stat/tab45.pdf,tab45.pdf,english
2022-2023,https://www.indiabudget.gov.in/budget2023-24/economicsurvey/index.php,https://www.indiabudget.gov.in/budget2023-24/economicsurvey/doc/stat/tab51a.pdf,tab51a.pdf,english
2022-2023,https://www.indiabudget.gov.in/budget2023-24/economicsurvey/index.php,https://www.indiabudget.gov.in/budget2023-24/economicsurvey/doc/stat/tab51b.pdf,tab51b.pdf,english
2022-2023,https://www.indiabudget.gov.in/budget2023-24/economicsurvey/index.php,https://www.indiabudget.gov.in/budget2023-24/economicsurvey/doc/stat/tab52.pdf,tab52.pdf,english
2022-2023,https://www.indiabudget.gov.in/budget2023-24/economicsurvey/index.php,https://www.indiabudget.gov.in/budget2023-24/economicsurvey/doc/stat/tab53a.pdf,tab53a.pdf,english
2022-2023,https://www.indiabudget.gov.in/budget2023-24/economicsurvey/index.php,https://www.indiabudget.gov.in/budget2023-24/economicsurvey/doc/stat/tab53b.pdf,tab53b.pdf,english
2022-2023,https://www.indiabudget.gov.in/budget2023-24/economicsurvey/index.php,https://www.indiabudget.gov.in/budget2023-24/economicsurvey/doc/stat/tab54.pdf,tab54.pdf,english
2022-2023,https://www.indiabudget.gov.in/budget2023-24/economicsurvey/index.php,https://www.indiabudget.gov.in/budget2023-24/economicsurvey/doc/stat/tab55.pdf,tab55.pdf,english
2022-2023,https://www.indiabudget.gov.in/budget2023-24/economicsurvey/index.php,https://www.indiabudget.gov.in/budget2023-24/economicsurvey/doc/stat/tab61a.pdf,tab61a.pdf,english
2022-2023,https://www.indiabudget.gov.in/budget2023-24/economicsurvey/index.php,https://www.indiabudget.gov.in/budget2023-24/economicsurvey/doc/stat/tab61b.pdf,tab61b.pdf,english
2022-2023,https://www.indiabudget.gov.in/budget2023-24/economicsurvey/index.php,https://www.indiabudget.gov.in/budget2023-24/economicsurvey/doc/stat/tab62a.pdf,tab62a.pdf,english
2022-2023,https://www.indiabudget.gov.in/budget2023-24/economicsurvey/index.php,https://www.indiabudget.gov.in/budget2023-24/economicsurvey/doc/stat/tab62b.pdf,tab62b.pdf,english
2022-2023,https://www.indiabudget.gov.in/budget2023-24/economicsurvey/index.php,https://www.indiabudget.gov.in/budget2023-24/economicsurvey/doc/stat/tab63a.pdf,tab63a.pdf,english
2022-2023,https://www.indiabudget.gov.in/budget2023-24/economicsurvey/index.php,https://www.indiabudget.gov.in/budget2023-24/economicsurvey/doc/stat/tab1.pdf,tab1.pdf,english
2022-2023,https://www.indiabudget.gov.in/budget2023-24/economicsurvey/index.php,https://www.indiabudget.gov.in/budget2023-24/economicsurvey/doc/stat/tab64a.pdf,tab64a.pdf,english
2022-2023,https://www.indiabudget.gov.in/budget2023-24/economicsurvey/index.php,https://www.indiabudget.gov.in/budget2023-24/economicsurvey/doc/stat/tab64b.pdf,tab64b.pdf,english
2022-2023,https://www.indiabudget.gov.in/budget2023-24/economicsurvey/index.php,https://www.indiabudget.gov.in/budget2023-24/economicsurvey/doc/stat/tab65.pdf,tab65.pdf,english
2022-2023,https://www.indiabudget.gov.in/budget2023-24/economicsurvey/index.php,https://www.indiabudget.gov.in/budget2023-24/economicsurvey/doc/stat/tab66.pdf,tab66.pdf,english
2022-2023,https://www.indiabudget.gov.in/budget2023-24/economicsurvey/index.php,https://www.indiabudget.gov.in/budget2023-24/economicsurvey/doc/stat/tab71a.pdf,tab71a.pdf,english
2022-2023,https://www.indiabudget.gov.in/budget2023-24/economicsurvey/index.php,https://www.indiabudget.gov.in/budget2023-24/economicsurvey/doc/stat/tab71b.pdf,tab71b.pdf,english
2022-2023,https://www.indiabudget.gov.in/budget2023-24/economicsurvey/index.php,https://www.indiabudget.gov.in/budget2023-24/economicsurvey/doc/stat/tab72a.pdf,tab72a.pdf,english
2022-2023,https://www.indiabudget.gov.in/budget2023-24/economicsurvey/index.php,https://www.indiabudget.gov.in/budget2023-24/economicsurvey/doc/stat/tab72b.pdf,tab72b.pdf,english
2022-2023,https://www.indiabudget.gov.in/budget2023-24/economicsurvey/index.php,https://www.indiabudget.gov.in/budget2023-24/economicsurvey/doc/stat/tab73a.pdf,tab73a.pdf,english
2022-2023,https://www.indiabudget.gov.in/budget2023-24/economicsurvey/index.php,https://www.indiabudget.gov.in/budget2023-24/economicsurvey/doc/stat/tab1\73b.pdf,tab1\73b.pdf,english
2022-2023,https://www.indiabudget.gov.in/budget2023-24/economicsurvey/index.php,https://www.indiabudget.gov.in/budget2023-24/economicsurvey/doc/stat/tab74.pdf,tab74.pdf,english
2022-2023,https://www.indiabudget.gov.in/budget2023-24/economicsurvey/index.php,https://www.indiabudget.gov.in/budget2023-24/economicsurvey/doc/stat/tab81.pdf,tab81.pdf,english
2022-2023,https://www.indiabudget.gov.in/budget2023-24/economicsurvey/index.php,https://www.indiabudget.gov.in/budget2023-24/economicsurvey/doc/stat/tab82.pdf,tab82.pdf,english
2022-2023,https://www.indiabudget.gov.in/budget2023-24/economicsurvey/index.php,https://www.indiabudget.gov.in/budget2023-24/economicsurvey/doc/stat/tab83.pdf,tab83.pdf,english
2022-2023,https://www.indiabudget.gov.in/budget2023-24/economicsurvey/index.php,https://www.indiabudget.gov.in/budget2023-24/economicsurvey/doc/stat/tab84.pdf,tab84.pdf,english
2022-2023,https://www.indiabudget.gov.in/budget2023-24/economicsurvey/index.php,https://www.indiabudget.gov.in/budget2023-24/economicsurvey/doc/stat/tab85.pdf,tab85.pdf,english
2022-2023,https://www.indiabudget.gov.in/budget2023-24/economicsurvey/index.php,https://www.indiabudget.gov.in/budget2023-24/economicsurvey/doc/stat/tab86.pdf,tab86.pdf,english
2022-2023,https://www.indiabudget.gov.in/budget2023-24/economicsurvey/index.php,https://www.indiabudget.gov.in/budget2023-24/economicsurvey/doc/stat/tab87.pdf,tab87.pdf,english
2022-2023,https://www.indiabudget.gov.in/budget2023-24/economicsurvey/index.php,https://www.indiabudget.gov.in/budget2023-24/economicsurvey/doc/stat/tab88.pdf,tab88.pdf,english
2022-2023,https://www.indiabudget.gov.in/budget2023-24/economicsurvey/index.php,https://www.indiabudget.gov.in/budget2023-24/economicsurvey/doc/stat/tab89a.pdf,tab89a.pdf,english
2022-2023,https://www.indiabudget.gov.in/budget2023-24/economicsurvey/index.php,https://www.indiabudget.gov.in/budget2023-24/economicsurvey/doc/stat/tab89b.pdf,tab89b.pdf,english
2022-2023,https://www.indiabudget.gov.in/budget2023-24/economicsurvey/index.php,https://www.indiabudget.gov.in/budget2023-24/economicsurvey/doc/stat/tab810.pdf,tab810.pdf,english
2022-2023,https://www.indiabudget.gov.in/budget2023-24/economicsurvey/index.php,https://www.indiabudget.gov.in/budget2023-24/economicsurvey/doc/stat/tab811.pdf,tab811.pdf,english
2022-2023,https://www.indiabudget.gov.in/budget2023-24/economicsurvey/index.php,https://www.indiabudget.gov.in/budget2023-24/economicsurvey/doc/stat/tab812.pdf,tab812.pdf,english
2022-2023,https://www.indiabudget.gov.in/budget2023-24/economicsurvey/index.php,https://www.indiabudget.gov.in/budget2023-24/economicsurvey/doc/stat/tab813.pdf,tab813.pdf,english
2022-2023,https://www.indiabudget.gov.in/budget2023-24/economicsurvey/index.php,https://www.indiabudget.gov.in/budget2023-24/economicsurvey/doc/stat/tab814.pdf,tab814.pdf,english
2022-2023,https://www.indiabudget.gov.in/budget2023-24/economicsurvey/index.php,https://www.indiabudget.gov.in/budget2023-24/economicsurvey/doc/stat/tab815.pdf,tab815.pdf,english
2022-2023,https://www.indiabudget.gov.in/budget2023-24/economicsurvey/index.php,https://www.indiabudget.gov.in/budget2023-24/economicsurvey/doc/stat/tab816.pdf,tab816.pdf,english
2022-2023,https://www.indiabudget.gov.in/budget2023-24/economicsurvey/index.php,https://www.indiabudget.gov.in/budget2023-24/economicsurvey/doc/stat/tab817.pdf,tab817.pdf,english
2022-2023,https://www.indiabudget.gov.in/budget2023-24/economicsurvey/index.php,https://www.indiabudget.gov.in/budget2023-24/economicsurvey/doc/stat/tab818.pdf,tab818.pdf,english
2022-2023,https://www.indiabudget.gov.in/budget2023-24/economicsurvey/index.php,https://www.indiabudget.gov.in/budget2023-24/economicsurvey/doc/stat/tab91.pdf,tab91.pdf,english
2022-2023,https://www.indiabudget.gov.in/budget2023-24/economicsurvey/index.php,https://www.indiabudget.gov.in/budget2023-24/economicsurvey/doc/stat/tab92.pdf,tab92.pdf,english
2022-2023,https://www.indiabudget.gov.in/budget2023-24/economicsurvey/index.php,https://www.indiabudget.gov.in/budget2023-24/economicsurvey/doc/stat/tab93.pdf,tab93.pdf,english
2022-2023,https://www.indiabudget.gov.in/budget2023-24/economicsurvey/index.php,https://www.indiabudget.gov.in/budget2023-24/economicsurvey/doc/stat/tab94.pdf,tab94.pdf,english
2022-2023,https://www.indiabudget.gov.in/budget2023-24/economicsurvey/index.php,https://www.indiabudget.gov.in/budget2023-24/economicsurvey/doc/stat/tab95.pdf,tab95.pdf,english
2022-2023,https://www.indiabudget.gov.in/budget2023-24/economicsurvey/index.php,https://www.indiabudget.gov.in/budget2023-24/economicsurvey/doc/hechapter.pdf,hechapter.pdf,hindi
2022-2023,https://www.indiabudget.gov.in/budget2023-24/economicsurvey/index.php,https://www.indiabudget.gov.in/budget2023-24/economicsurvey/doc/eschapter/hepreface.pdf,hepreface.pdf,english
2022-2023,https://www.indiabudget.gov.in/budget2023-24/economicsurvey/index.php,https://www.indiabudget.gov.in/budget2023-24/economicsurvey/doc/eschapter/hechap01.pdf,hechap01.pdf,hindi
2022-2023,https://www.indiabudget.gov.in/budget2023-24/economicsurvey/index.php,https://www.indiabudget.gov.in/budget2023-24/economicsurvey/doc/eschapter/hechap02.pdf,hechap02.pdf,hindi
2022-2023,https://www.indiabudget.gov.in/budget2023-24/economicsurvey/index.php,https://www.indiabudget.gov.in/budget2023-24/economicsurvey/doc/eschapter/hechap03.pdf,hechap03.pdf,hindi
2022-2023,https://www.indiabudget.gov.in/budget2023-24/economicsurvey/index.php,https://www.indiabudget.gov.in/budget2023-24/economicsurvey/doc/eschapter/hechap04.pdf,hechap04.pdf,hindi
2022-2023,https://www.indiabudget.gov.in/budget2023-24/economicsurvey/index.php,https://www.indiabudget.gov.in/budget2023-24/economicsurvey/doc/eschapter/hechap05.pdf,hechap05.pdf,hindi
2022-2023,https://www.indiabudget.gov.in/budget2023-24/economicsurvey/index.php,https://www.indiabudget.gov.in/budget2023-24/economicsurvey/doc/eschapter/hechap06.pdf,hechap06.pdf,hindi
2022-2023,https://www.indiabudget.gov.in/budget2023-24/economicsurvey/index.php,https://www.indiabudget.gov.in/budget2023-24/economicsurvey/doc/eschapter/hechap07.pdf,hechap07.pdf,hindi
2022-2023,https://www.indiabudget.gov.in/budget2023-24/economicsurvey/index.php,https://www.indiabudget.gov.in/budget2023-24/economicsurvey/doc/eschapter/hechap08.pdf,hechap08.pdf,hindi
2022-2023,https://www.indiabudget.gov.in/budget2023-24/economicsurvey/index.php,https://www.indiabudget.gov.in/budget2023-24/economicsurvey/doc/eschapter/hechap09.pdf,hechap09.pdf,hindi
2022-2023,https://www.indiabudget.gov.in/budget2023-24/economicsurvey/index.php,https://www.indiabudget.gov.in/budget2023-24/economicsurvey/doc/eschapter/hechap10.pdf,hechap10.pdf,hindi
2022-2023,https://www.indiabudget.gov.in/budget2023-24/economicsurvey/index.php,https://www.indiabudget.gov.in/budget2023-24/economicsurvey/doc/eschapter/hechap11.pdf,hechap11.pdf,hindi
2022-2023,https://www.indiabudget.gov.in/budget2023-24/economicsurvey/index.php,https://www.indiabudget.gov.in/budget2023-24/economicsurvey/doc/eschapter/hechap12.pdf,hechap12.pdf,hindi
2022-2023,https://www.indiabudget.gov.in/budget2023-24/economicsurvey/index.php,https://www.indiabudget.gov.in/budget2023-24/economicsurvey/doc/Statistical-Appendix-in-Hindi.pdf,Statistical-Appendix-in-Hindi.pdf,hindi
2021-2022,https://www.indiabudget.gov.in/budget2022-23/economicsurvey/index.php,https://www.indiabudget.gov.in/budget2022-23/economicsurvey/doc/echapter.pdf,echapter.pdf,english
2021-2022,https://www.indiabudget.gov.in/budget2022-23/economicsurvey/index.php,https://www.indiabudget.gov.in/budget2022-23/economicsurvey/doc/eschapter/epreface.pdf,epreface.pdf,english
2021-2022,https://www.indiabudget.gov.in/budget2022-23/economicsurvey/index.php,https://www.indiabudget.gov.in/budget2022-23/economicsurvey/doc/eschapter/echap01.pdf,echap01.pdf,english
2021-2022,https://www.indiabudget.gov.in/budget2022-23/economicsurvey/index.php,https://www.indiabudget.gov.in/budget2022-23/economicsurvey/doc/eschapter/echap02.pdf,echap02.pdf,english
2021-2022,https://www.indiabudget.gov.in/budget2022-23/economicsurvey/index.php,https://www.indiabudget.gov.in/budget2022-23/economicsurvey/doc/eschapter/echap03.pdf,echap03.pdf,english
2021-2022,https://www.indiabudget.gov.in/budget2022-23/economicsurvey/index.php,https://www.indiabudget.gov.in/budget2022-23/economicsurvey/doc/eschapter/echap04.pdf,echap04.pdf,english
2021-2022,https://www.indiabudget.gov.in/budget2022-23/economicsurvey/index.php,https://www.indiabudget.gov.in/budget2022-23/economicsurvey/doc/eschapter/echap05.pdf,echap05.pdf,english
2021-2022,https://www.indiabudget.gov.in/budget2022-23/economicsurvey/index.php,https://www.indiabudget.gov.in/budget2022-23/economicsurvey/doc/eschapter/echap06.pdf,echap06.pdf,english
2021-2022,https://www.indiabudget.gov.in/budget2022-23/economicsurvey/index.php,https://www.indiabudget.gov.in/budget2022-23/economicsurvey/doc/eschapter/echap07.pdf,echap07.pdf,english
2021-2022,https://www.indiabudget.gov.in/budget2022-23/economicsurvey/index.php,https://www.indiabudget.gov.in/budget2022-23/economicsurvey/doc/eschapter/echap08.pdf,echap08.pdf,english
2021-2022,https://www.indiabudget.gov.in/budget2022-23/economicsurvey/index.php,https://www.indiabudget.gov.in/budget2022-23/economicsurvey/doc/eschapter/echap09.pdf,echap09.pdf,english
2021-2022,https://www.indiabudget.gov.in/budget2022-23/economicsurvey/index.php,https://www.indiabudget.gov.in/budget2022-23/economicsurvey/doc/eschapter/echap10.pdf,echap10.pdf,english
2021-2022,https://www.indiabudget.gov.in/budget2022-23/economicsurvey/index.php,https://www.indiabudget.gov.in/budget2022-23/economicsurvey/doc/eschapter/echap11.pdf,echap11.pdf,english
2021-2022,https://www.indiabudget.gov.in/budget2022-23/economicsurvey/index.php,https://www.indiabudget.gov.in/budget2022-23/economicsurvey/doc/Statistical-Appendix-in-English.pdf,Statistical-Appendix-in-English.pdf,english
2021-2022,https://www.indiabudget.gov.in/budget2022-23/economicsurvey/index.php,https://www.indiabudget.gov.in/budget2022-23/economicsurvey/doc/stat/tab11.pdf,tab11.pdf,english
2021-2022,https://www.indiabudget.gov.in/budget2022-23/economicsurvey/index.php,https://www.indiabudget.gov.in/budget2022-23/economicsurvey/doc/stat/tab12.pdf,tab12.pdf,english
2021-2022,https://www.indiabudget.gov.in/budget2022-23/economicsurvey/index.php,https://www.indiabudget.gov.in/budget2022-23/economicsurvey/doc/stat/tab13.pdf,tab13.pdf,english
2021-2022,https://www.indiabudget.gov.in/budget2022-23/economicsurvey/index.php,https://www.indiabudget.gov.in/budget2022-23/economicsurvey/doc/stat/tab14.pdf,tab14.pdf,english
2021-2022,https://www.indiabudget.gov.in/budget2022-23/economicsurvey/index.php,https://www.indiabudget.gov.in/budget2022-23/economicsurvey/doc/stat/tab15.pdf,tab15.pdf,english
2021-2022,https://www.indiabudget.gov.in/budget2022-23/economicsurvey/index.php,https://www.indiabudget.gov.in/budget2022-23/economicsurvey/doc/stat/tab16.pdf,tab16.pdf,english
2021-2022,https://www.indiabudget.gov.in/budget2022-23/economicsurvey/index.php,https://www.indiabudget.gov.in/budget2022-23/economicsurvey/doc/stat/tab17.pdf,tab17.pdf,english
2021-2022,https://www.indiabudget.gov.in/budget2022-23/economicsurvey/index.php,https://www.indiabudget.gov.in/budget2022-23/economicsurvey/doc/stat/tab18.pdf,tab18.pdf,english
2021-2022,https://www.indiabudget.gov.in/budget2022-23/economicsurvey/index.php,https://www.indiabudget.gov.in/budget2022-23/economicsurvey/doc/stat/tab19.pdf,tab19.pdf,english
2021-2022,https://www.indiabudget.gov.in/budget2022-23/economicsurvey/index.php,https://www.indiabudget.gov.in/budget2022-23/economicsurvey/doc/stat/tab110a.pdf,tab110a.pdf,english
2021-2022,https://www.indiabudget.gov.in/budget2022-23/economicsurvey/index.php,https://www.indiabudget.gov.in/budget2022-23/economicsurvey/doc/stat/tab110b.pdf,tab110b.pdf,english
2021-2022,https://www.indiabudget.gov.in/budget2022-23/economicsurvey/index.php,https://www.indiabudget.gov.in/budget2022-23/economicsurvey/doc/stat/tab111a.pdf,tab111a.pdf,english
2021-2022,https://www.indiabudget.gov.in/budget2022-23/economicsurvey/index.php,https://www.indiabudget.gov.in/budget2022-23/economicsurvey/doc/stat/tab111b.pdf,tab111b.pdf,english
2021-2022,https://www.indiabudget.gov.in/budget2022-23/economicsurvey/index.php,https://www.indiabudget.gov.in/budget2022-23/economicsurvey/doc/stat/tab112.pdf,tab112.pdf,english
2021-2022,https://www.indiabudget.gov.in/budget2022-23/economicsurvey/index.php,https://www.indiabudget.gov.in/budget2022-23/economicsurvey/doc/stat/tab113.pdf,tab113.pdf,english
2021-2022,https://www.indiabudget.gov.in/budget2022-23/economicsurvey/index.php,https://www.indiabudget.gov.in/budget2022-23/economicsurvey/doc/stat/tab114.pdf,tab114.pdf,english
2021-2022,https://www.indiabudget.gov.in/budget2022-23/economicsurvey/index.php,https://www.indiabudget.gov.in/budget2022-23/economicsurvey/doc/stat/tab115.pdf,tab115.pdf,english
2021-2022,https://www.indiabudget.gov.in/budget2022-23/economicsurvey/index.php,https://www.indiabudget.gov.in/budget2022-23/economicsurvey/doc/stat/tab116.pdf,tab116.pdf,english
2021-2022,https://www.indiabudget.gov.in/budget2022-23/economicsurvey/index.php,https://www.indiabudget.gov.in/budget2022-23/economicsurvey/doc/stat/tab117.pdf,tab117.pdf,english
2021-2022,https://www.indiabudget.gov.in/budget2022-23/economicsurvey/index.php,https://www.indiabudget.gov.in/budget2022-23/economicsurvey/doc/stat/tab118.pdf,tab118.pdf,english
2021-2022,https://www.indiabudget.gov.in/budget2022-23/economicsurvey/index.php,https://www.indiabudget.gov.in/budget2022-23/economicsurvey/doc/stat/tab119.pdf,tab119.pdf,english
2021-2022,https://www.indiabudget.gov.in/budget2022-23/economicsurvey/index.php,https://www.indiabudget.gov.in/budget2022-23/economicsurvey/doc/stat/tab1.pdf,tab1.pdf,english
2021-2022,https://www.indiabudget.gov.in/budget2022-23/economicsurvey/index.php,https://www.indiabudget.gov.in/budget2022-23/economicsurvey/doc/stat/tab121.pdf,tab121.pdf,english
2021-2022,https://www.indiabudget.gov.in/budget2022-23/economicsurvey/index.php,https://www.indiabudget.gov.in/budget2022-23/economicsurvey/doc/stat/tab122.pdf,tab122.pdf,english
2021-2022,https://www.indiabudget.gov.in/budget2022-23/economicsurvey/index.php,https://www.indiabudget.gov.in/budget2022-23/economicsurvey/doc/stat/tab123.pdf,tab123.pdf,english
2021-2022,https://www.indiabudget.gov.in/budget2022-23/economicsurvey/index.php,https://www.indiabudget.gov.in/budget2022-23/economicsurvey/doc/stat/tab124.pdf,tab124.pdf,english
2021-2022,https://www.indiabudget.gov.in/budget2022-23/economicsurvey/index.php,https://www.indiabudget.gov.in/budget2022-23/economicsurvey/doc/stat/tab125a.pdf,tab125a.pdf,english
2021-2022,https://www.indiabudget.gov.in/budget2022-23/economicsurvey/index.php,https://www.indiabudget.gov.in/budget2022-23/economicsurvey/doc/stat/tab125b.pdf,tab125b.pdf,english
2021-2022,https://www.indiabudget.gov.in/budget2022-23/economicsurvey/index.php,https://www.indiabudget.gov.in/budget2022-23/economicsurvey/doc/stat/tab126.pdf,tab126.pdf,english
2021-2022,https://www.indiabudget.gov.in/budget2022-23/economicsurvey/index.php,https://www.indiabudget.gov.in/budget2022-23/economicsurvey/doc/stat/tab126.pdf,tab126.pdf,english
2021-2022,https://www.indiabudget.gov.in/budget2022-23/economicsurvey/index.php,https://www.indiabudget.gov.in/budget2022-23/economicsurvey/doc/stat/tab127.pdf,tab127.pdf,english
2021-2022,https://www.indiabudget.gov.in/budget2022-23/economicsurvey/index.php,https://www.indiabudget.gov.in/budget2022-23/economicsurvey/doc/stat/tab128.pdf,tab128.pdf,english
2021-2022,https://www.indiabudget.gov.in/budget2022-23/economicsurvey/index.php,https://www.indiabudget.gov.in/budget2022-23/economicsurvey/doc/stat/tab129.pdf,tab129.pdf,english
2021-2022,https://www.indiabudget.gov.in/budget2022-23/economicsurvey/index.php,https://www.indiabudget.gov.in/budget2022-23/economicsurvey/doc/stat/tab130.pdf,tab130.pdf,english
2021-2022,https://www.indiabudget.gov.in/budget2022-23/economicsurvey/index.php,https://www.indiabudget.gov.in/budget2022-23/economicsurvey/doc/stat/tab131.pdf,tab131.pdf,english
2021-2022,https://www.indiabudget.gov.in/budget2022-23/economicsurvey/index.php,https://www.indiabudget.gov.in/budget2022-23/economicsurvey/doc/stat/tab132.pdf,tab132.pdf,english
2021-2022,https://www.indiabudget.gov.in/budget2022-23/economicsurvey/index.php,https://www.indiabudget.gov.in/budget2022-23/economicsurvey/doc/stat/tab21.pdf,tab21.pdf,english
2021-2022,https://www.indiabudget.gov.in/budget2022-23/economicsurvey/index.php,https://www.indiabudget.gov.in/budget2022-23/economicsurvey/doc/stat/tab22.pdf,tab22.pdf,english
2021-2022,https://www.indiabudget.gov.in/budget2022-23/economicsurvey/index.php,https://www.indiabudget.gov.in/budget2022-23/economicsurvey/doc/stat/tab23.pdf,tab23.pdf,english
2021-2022,https://www.indiabudget.gov.in/budget2022-23/economicsurvey/index.php,https://www.indiabudget.gov.in/budget2022-23/economicsurvey/doc/stat/tab24.pdf,tab24.pdf,english
2021-2022,https://www.indiabudget.gov.in/budget2022-23/economicsurvey/index.php,https://www.indiabudget.gov.in/budget2022-23/economicsurvey/doc/stat/tab25.pdf,tab25.pdf,english
2021-2022,https://www.indiabudget.gov.in/budget2022-23/economicsurvey/index.php,https://www.indiabudget.gov.in/budget2022-23/economicsurvey/doc/stat/tab26.pdf,tab26.pdf,english
2021-2022,https://www.indiabudget.gov.in/budget2022-23/economicsurvey/index.php,https://www.indiabudget.gov.in/budget2022-23/economicsurvey/doc/stat/tab27.pdf,tab27.pdf,english
2021-2022,https://www.indiabudget.gov.in/budget2022-23/economicsurvey/index.php,https://www.indiabudget.gov.in/budget2022-23/economicsurvey/doc/stat/tab28.pdf,tab28.pdf,english
2021-2022,https://www.indiabudget.gov.in/budget2022-23/economicsurvey/index.php,https://www.indiabudget.gov.in/budget2022-23/economicsurvey/doc/stat/tab29.pdf,tab29.pdf,english
2021-2022,https://www.indiabudget.gov.in/budget2022-23/economicsurvey/index.php,https://www.indiabudget.gov.in/budget2022-23/economicsurvey/doc/stat/tab31.pdf,tab31.pdf,english
2021-2022,https://www.indiabudget.gov.in/budget2022-23/economicsurvey/index.php,https://www.indiabudget.gov.in/budget2022-23/economicsurvey/doc/stat/tab32.pdf,tab32.pdf,english
2021-2022,https://www.indiabudget.gov.in/budget2022-23/economicsurvey/index.php,https://www.indiabudget.gov.in/budget2022-23/economicsurvey/doc/stat/tab33.pdf,tab33.pdf,english
2021-2022,https://www.indiabudget.gov.in/budget2022-23/economicsurvey/index.php,https://www.indiabudget.gov.in/budget2022-23/economicsurvey/doc/stat/tab34.pdf,tab34.pdf,english
2021-2022,https://www.indiabudget.gov.in/budget2022-23/economicsurvey/index.php,https://www.indiabudget.gov.in/budget2022-23/economicsurvey/doc/stat/tab35.pdf,tab35.pdf,english
2021-2022,https://www.indiabudget.gov.in/budget2022-23/economicsurvey/index.php,https://www.indiabudget.gov.in/budget2022-23/economicsurvey/doc/stat/tab36.pdf,tab36.pdf,english
2021-2022,https://www.indiabudget.gov.in/budget2022-23/economicsurvey/index.php,https://www.indiabudget.gov.in/budget2022-23/economicsurvey/doc/stat/tab37.pdf,tab37.pdf,english
2021-2022,https://www.indiabudget.gov.in/budget2022-23/economicsurvey/index.php,https://www.indiabudget.gov.in/budget2022-23/economicsurvey/doc/stat/tab38.pdf,tab38.pdf,english
2021-2022,https://www.indiabudget.gov.in/budget2022-23/economicsurvey/index.php,https://www.indiabudget.gov.in/budget2022-23/economicsurvey/doc/stat/tab39.pdf,tab39.pdf,english
2021-2022,https://www.indiabudget.gov.in/budget2022-23/economicsurvey/index.php,https://www.indiabudget.gov.in/budget2022-23/economicsurvey/doc/stat/tab41.pdf,tab41.pdf,english
2021-2022,https://www.indiabudget.gov.in/budget2022-23/economicsurvey/index.php,https://www.indiabudget.gov.in/budget2022-23/economicsurvey/doc/stat/tab42.pdf,tab42.pdf,english
2021-2022,https://www.indiabudget.gov.in/budget2022-23/economicsurvey/index.php,https://www.indiabudget.gov.in/budget2022-23/economicsurvey/doc/stat/tab43.pdf,tab43.pdf,english
2021-2022,https://www.indiabudget.gov.in/budget2022-23/economicsurvey/index.php,https://www.indiabudget.gov.in/budget2022-23/economicsurvey/doc/stat/tab44.pdf,tab44.pdf,english
2021-2022,https://www.indiabudget.gov.in/budget2022-23/economicsurvey/index.php,https://www.indiabudget.gov.in/budget2022-23/economicsurvey/doc/stat/tab45.pdf,tab45.pdf,english
2021-2022,https://www.indiabudget.gov.in/budget2022-23/economicsurvey/index.php,https://www.indiabudget.gov.in/budget2022-23/economicsurvey/doc/stat/tab51a.pdf,tab51a.pdf,english
2021-2022,https://www.indiabudget.gov.in/budget2022-23/economicsurvey/index.php,https://www.indiabudget.gov.in/budget2022-23/economicsurvey/doc/stat/tab51b.pdf,tab51b.pdf,english
2021-2022,https://www.indiabudget.gov.in/budget2022-23/economicsurvey/index.php,https://www.indiabudget.gov.in/budget2022-23/economicsurvey/doc/stat/tab52.pdf,tab52.pdf,english
2021-2022,https://www.indiabudget.gov.in/budget2022-23/economicsurvey/index.php,https://www.indiabudget.gov.in/budget2022-23/economicsurvey/doc/stat/tab53a.pdf,tab53a.pdf,english
2021-2022,https://www.indiabudget.gov.in/budget2022-23/economicsurvey/index.php,https://www.indiabudget.gov.in/budget2022-23/economicsurvey/doc/stat/tab53b.pdf,tab53b.pdf,english
2021-2022,https://www.indiabudget.gov.in/budget2022-23/economicsurvey/index.php,https://www.indiabudget.gov.in/budget2022-23/economicsurvey/doc/stat/tab54.pdf,tab54.pdf,english
2021-2022,https://www.indiabudget.gov.in/budget2022-23/economicsurvey/index.php,https://www.indiabudget.gov.in/budget2022-23/economicsurvey/doc/stat/tab55.pdf,tab55.pdf,english
2021-2022,https://www.indiabudget.gov.in/budget2022-23/economicsurvey/index.php,https://www.indiabudget.gov.in/budget2022-23/economicsurvey/doc/stat/tab61a.pdf,tab61a.pdf,english
2021-2022,https://www.indiabudget.gov.in/budget2022-23/economicsurvey/index.php,https://www.indiabudget.gov.in/budget2022-23/economicsurvey/doc/stat/tab61b.pdf,tab61b.pdf,english
2021-2022,https://www.indiabudget.gov.in/budget2022-23/economicsurvey/index.php,https://www.indiabudget.gov.in/budget2022-23/economicsurvey/doc/stat/tab62a.pdf,tab62a.pdf,english
2021-2022,https://www.indiabudget.gov.in/budget2022-23/economicsurvey/index.php,https://www.indiabudget.gov.in/budget2022-23/economicsurvey/doc/stat/tab62b.pdf,tab62b.pdf,english
2021-2022,https://www.indiabudget.gov.in/budget2022-23/economicsurvey/index.php,https://www.indiabudget.gov.in/budget2022-23/economicsurvey/doc/stat/tab63a.pdf,tab63a.pdf,english
2021-2022,https://www.indiabudget.gov.in/budget2022-23/economicsurvey/index.php,https://www.indiabudget.gov.in/budget2022-23/economicsurvey/doc/stat/tab1.pdf,tab1.pdf,english
2021-2022,https://www.indiabudget.gov.in/budget2022-23/economicsurvey/index.php,https://www.indiabudget.gov.in/budget2022-23/economicsurvey/doc/stat/tab64a.pdf,tab64a.pdf,english
2021-2022,https://www.indiabudget.gov.in/budget2022-23/economicsurvey/index.php,https://www.indiabudget.gov.in/budget2022-23/economicsurvey/doc/stat/tab64b.pdf,tab64b.pdf,english
2021-2022,https://www.indiabudget.gov.in/budget2022-23/economicsurvey/index.php,https://www.indiabudget.gov.in/budget2022-23/economicsurvey/doc/stat/tab65.pdf,tab65.pdf,english
2021-2022,https://www.indiabudget.gov.in/budget2022-23/economicsurvey/index.php,https://www.indiabudget.gov.in/budget2022-23/economicsurvey/doc/stat/tab66.pdf,tab66.pdf,english
2021-2022,https://www.indiabudget.gov.in/budget2022-23/economicsurvey/index.php,https://www.indiabudget.gov.in/budget2022-23/economicsurvey/doc/stat/tab71a.pdf,tab71a.pdf,english
2021-2022,https://www.indiabudget.gov.in/budget2022-23/economicsurvey/index.php,https://www.indiabudget.gov.in/budget2022-23/economicsurvey/doc/stat/tab71b.pdf,tab71b.pdf,english
2021-2022,https://www.indiabudget.gov.in/budget2022-23/economicsurvey/index.php,https://www.indiabudget.gov.in/budget2022-23/economicsurvey/doc/stat/tab72a.pdf,tab72a.pdf,english
2021-2022,https://www.indiabudget.gov.in/budget2022-23/economicsurvey/index.php,https://www.indiabudget.gov.in/budget2022-23/economicsurvey/doc/stat/tab72b.pdf,tab72b.pdf,english
2021-2022,https://www.indiabudget.gov.in/budget2022-23/economicsurvey/index.php,https://www.indiabudget.gov.in/budget2022-23/economicsurvey/doc/stat/tab73a.pdf,tab73a.pdf,english
2021-2022,https://www.indiabudget.gov.in/budget2022-23/economicsurvey/index.php,https://www.indiabudget.gov.in/budget2022-23/economicsurvey/doc/stat/tab1\73b.pdf,tab1\73b.pdf,english
2021-2022,https://www.indiabudget.gov.in/budget2022-23/economicsurvey/index.php,https://www.indiabudget.gov.in/budget2022-23/economicsurvey/doc/stat/tab74.pdf,tab74.pdf,english
2021-2022,https://www.indiabudget.gov.in/budget2022-23/economicsurvey/index.php,https://www.indiabudget.gov.in/budget2022-23/economicsurvey/doc/stat/tab81.pdf,tab81.pdf,english
2021-2022,https://www.indiabudget.gov.in/budget2022-23/economicsurvey/index.php,https://www.indiabudget.gov.in/budget2022-23/economicsurvey/doc/stat/tab82.pdf,tab82.pdf,english
2021-2022,https://www.indiabudget.gov.in/budget2022-23/economicsurvey/index.php,https://www.indiabudget.gov.in/budget2022-23/economicsurvey/doc/stat/tab83.pdf,tab83.pdf,english
2021-2022,https://www.indiabudget.gov.in/budget2022-23/economicsurvey/index.php,https://www.indiabudget.gov.in/budget2022-23/economicsurvey/doc/stat/tab84.pdf,tab84.pdf,english
2021-2022,https://www.indiabudget.gov.in/budget2022-23/economicsurvey/index.php,https://www.indiabudget.gov.in/budget2022-23/economicsurvey/doc/stat/tab85.pdf,tab85.pdf,english
2021-2022,https://www.indiabudget.gov.in/budget2022-23/economicsurvey/index.php,https://www.indiabudget.gov.in/budget2022-23/economicsurvey/doc/stat/tab86.pdf,tab86.pdf,english
2021-2022,https://www.indiabudget.gov.in/budget2022-23/economicsurvey/index.php,https://www.indiabudget.gov.in/budget2022-23/economicsurvey/doc/stat/tab87.pdf,tab87.pdf,english
2021-2022,https://www.indiabudget.gov.in/budget2022-23/economicsurvey/index.php,https://www.indiabudget.gov.in/budget2022-23/economicsurvey/doc/stat/tab88.pdf,tab88.pdf,english
2021-2022,https://www.indiabudget.gov.in/budget2022-23/economicsurvey/index.php,https://www.indiabudget.gov.in/budget2022-23/economicsurvey/doc/stat/tab89a.pdf,tab89a.pdf,english
2021-2022,https://www.indiabudget.gov.in/budget2022-23/economicsurvey/index.php,https://www.indiabudget.gov.in/budget2022-23/economicsurvey/doc/stat/tab89b.pdf,tab89b.pdf,english
2021-2022,https://www.indiabudget.gov.in/budget2022-23/economicsurvey/index.php,https://www.indiabudget.gov.in/budget2022-23/economicsurvey/doc/stat/tab810.pdf,tab810.pdf,english
2021-2022,https://www.indiabudget.gov.in/budget2022-23/economicsurvey/index.php,https://www.indiabudget.gov.in/budget2022-23/economicsurvey/doc/stat/tab811.pdf,tab811.pdf,english
2021-2022,https://www.indiabudget.gov.in/budget2022-23/economicsurvey/index.php,https://www.indiabudget.gov.in/budget2022-23/economicsurvey/doc/stat/tab812.pdf,tab812.pdf,english
2021-2022,https://www.indiabudget.gov.in/budget2022-23/economicsurvey/index.php,https://www.indiabudget.gov.in/budget2022-23/economicsurvey/doc/stat/tab813.pdf,tab813.pdf,english
2021-2022,https://www.indiabudget.gov.in/budget2022-23/economicsurvey/index.php,https://www.indiabudget.gov.in/budget2022-23/economicsurvey/doc/stat/tab814.pdf,tab814.pdf,english
2021-2022,https://www.indiabudget.gov.in/budget2022-23/economicsurvey/index.php,https://www.indiabudget.gov.in/budget2022-23/economicsurvey/doc/stat/tab815.pdf,tab815.pdf,english
2021-2022,https://www.indiabudget.gov.in/budget2022-23/economicsurvey/index.php,https://www.indiabudget.gov.in/budget2022-23/economicsurvey/doc/stat/tab816.pdf,tab816.pdf,english
2021-2022,https://www.indiabudget.gov.in/budget2022-23/economicsurvey/index.php,https://www.indiabudget.gov.in/budget2022-23/economicsurvey/doc/stat/tab817.pdf,tab817.pdf,english
2021-2022,https://www.indiabudget.gov.in/budget2022-23/economicsurvey/index.php,https://www.indiabudget.gov.in/budget2022-23/economicsurvey/doc/stat/tab818.pdf,tab818.pdf,english
2021-2022,https://www.indiabudget.gov.in/budget2022-23/economicsurvey/index.php,https://www.indiabudget.gov.in/budget2022-23/economicsurvey/doc/stat/tab91.pdf,tab91.pdf,english
2021-2022,https://www.indiabudget.gov.in/budget2022-23/economicsurvey/index.php,https://www.indiabudget.gov.in/budget2022-23/economicsurvey/doc/stat/tab92.pdf,tab92.pdf,english
2021-2022,https://www.indiabudget.gov.in/budget2022-23/economicsurvey/index.php,https://www.indiabudget.gov.in/budget2022-23/economicsurvey/doc/stat/tab93.pdf,tab93.pdf,english
2021-2022,https://www.indiabudget.gov.in/budget2022-23/economicsurvey/index.php,https://www.indiabudget.gov.in/budget2022-23/economicsurvey/doc/stat/tab94.pdf,tab94.pdf,english
2021-2022,https://www.indiabudget.gov.in/budget2022-23/economicsurvey/index.php,https://www.indiabudget.gov.in/budget2022-23/economicsurvey/doc/stat/tab95.pdf,tab95.pdf,english
2021-2022,https://www.indiabudget.gov.in/budget2022-23/economicsurvey/index.php,https://www.indiabudget.gov.in/budget2022-23/economicsurvey/doc/hechapter.pdf,hechapter.pdf,hindi
2021-2022,https://www.indiabudget.gov.in/budget2022-23/economicsurvey/index.php,https://www.indiabudget.gov.in/budget2022-23/economicsurvey/doc/eschapter/hepreface.pdf,hepreface.pdf,english
2021-2022,https://www.indiabudget.gov.in/budget2022-23/economicsurvey/index.php,https://www.indiabudget.gov.in/budget2022-23/economicsurvey/doc/eschapter/hechap01.pdf,hechap01.pdf,hindi
2021-2022,https://www.indiabudget.gov.in/budget2022-23/economicsurvey/index.php,https://www.indiabudget.gov.in/budget2022-23/economicsurvey/doc/eschapter/hechap02.pdf,hechap02.pdf,hindi
2021-2022,https://www.indiabudget.gov.in/budget2022-23/economicsurvey/index.php,https://www.indiabudget.gov.in/budget2022-23/economicsurvey/doc/eschapter/hechap03.pdf,hechap03.pdf,hindi
2021-2022,https://www.indiabudget.gov.in/budget2022-23/economicsurvey/index.php,https://www.indiabudget.gov.in/budget2022-23/economicsurvey/doc/eschapter/hechap04.pdf,hechap04.pdf,hindi
2021-2022,https://www.indiabudget.gov.in/budget2022-23/economicsurvey/index.php,https://www.indiabudget.gov.in/budget2022-23/economicsurvey/doc/eschapter/hechap05.pdf,hechap05.pdf,hindi
2021-2022,https://www.indiabudget.gov.in/budget2022-23/economicsurvey/index.php,https://www.indiabudget.gov.in/budget2022-23/economicsurvey/doc/eschapter/hechap06.pdf,hechap06.pdf,hindi
2021-2022,https://www.indiabudget.gov.in/budget2022-23/economicsurvey/index.php,https://www.indiabudget.gov.in/budget2022-23/economicsurvey/doc/eschapter/hechap07.pdf,hechap07.pdf,hindi
2021-2022,https://www.indiabudget.gov.in/budget2022-23/economicsurvey/index.php,https://www.indiabudget.gov.in/budget2022-23/economicsurvey/doc/eschapter/hechap08.pdf,hechap08.pdf,hindi
2021-2022,https://www.indiabudget.gov.in/budget2022-23/economicsurvey/index.php,https://www.indiabudget.gov.in/budget2022-23/economicsurvey/doc/eschapter/hechap09.pdf,hechap09.pdf,hindi
2021-2022,https://www.indiabudget.gov.in/budget2022-23/economicsurvey/index.php,https://www.indiabudget.gov.in/budget2022-23/economicsurvey/doc/eschapter/hechap10.pdf,hechap10.pdf,hindi
2021-2022,https://www.indiabudget.gov.in/budget2022-23/economicsurvey/index.php,https://www.indiabudget.gov.in/budget2022-23/economicsurvey/doc/eschapter/hechap11.pdf,hechap11.pdf,hindi
2021-2022,https://www.indiabudget.gov.in/budget2022-23/economicsurvey/index.php,https://www.indiabudget.gov.in/budget2022-23/economicsurvey/doc/Statistical-Appendix-in-Hindi.pdf,Statistical-Appendix-in-Hindi.pdf,hindi
2020-2021,https://www.indiabudget.gov.in/budget2021-22/economicsurvey/index.php,https://www.indiabudget.gov.in/budget2021-22/economicsurvey/doc/echapter.pdf,echapter.pdf,english
2020-2021,https://www.indiabudget.gov.in/budget2021-22/economicsurvey/index.php,https://www.indiabudget.gov.in/budget2021-22/economicsurvey/doc/vol1chapter/epreface_vol1.pdf,epreface_vol1.pdf,english
2020-2021,https://www.indiabudget.gov.in/budget2021-22/economicsurvey/index.php,https://www.indiabudget.gov.in/budget2021-22/economicsurvey/doc/vol1chapter/echap01_vol1.pdf,echap01_vol1.pdf,english
2020-2021,https://www.indiabudget.gov.in/budget2021-22/economicsurvey/index.php,https://www.indiabudget.gov.in/budget2021-22/economicsurvey/doc/vol1chapter/echap02_vol1.pdf,echap02_vol1.pdf,english
2020-2021,https://www.indiabudget.gov.in/budget2021-22/economicsurvey/index.php,https://www.indiabudget.gov.in/budget2021-22/economicsurvey/doc/vol1chapter/echap03_vol1.pdf,echap03_vol1.pdf,english
2020-2021,https://www.indiabudget.gov.in/budget2021-22/economicsurvey/index.php,https://www.indiabudget.gov.in/budget2021-22/economicsurvey/doc/vol1chapter/echap04_vol1.pdf,echap04_vol1.pdf,english
2020-2021,https://www.indiabudget.gov.in/budget2021-22/economicsurvey/index.php,https://www.indiabudget.gov.in/budget2021-22/economicsurvey/doc/vol1chapter/echap05_vol1.pdf,echap05_vol1.pdf,english
2020-2021,https://www.indiabudget.gov.in/budget2021-22/economicsurvey/index.php,https://www.indiabudget.gov.in/budget2021-22/economicsurvey/doc/vol1chapter/echap06_vol1.pdf,echap06_vol1.pdf,english
2020-2021,https://www.indiabudget.gov.in/budget2021-22/economicsurvey/index.php,https://www.indiabudget.gov.in/budget2021-22/economicsurvey/doc/vol1chapter/echap07_vol1.pdf,echap07_vol1.pdf,english
2020-2021,https://www.indiabudget.gov.in/budget2021-22/economicsurvey/index.php,https://www.indiabudget.gov.in/budget2021-22/economicsurvey/doc/vol1chapter/echap08_vol1.pdf,echap08_vol1.pdf,english
2020-2021,https://www.indiabudget.gov.in/budget2021-22/economicsurvey/index.php,https://www.indiabudget.gov.in/budget2021-22/economicsurvey/doc/vol1chapter/echap09_vol1.pdf,echap09_vol1.pdf,english
2020-2021,https://www.indiabudget.gov.in/budget2021-22/economicsurvey/index.php,https://www.indiabudget.gov.in/budget2021-22/economicsurvey/doc/vol1chapter/echap10_Vol1.pdf,echap10_Vol1.pdf,english
2020-2021,https://www.indiabudget.gov.in/budget2021-22/economicsurvey/index.php,https://www.indiabudget.gov.in/budget2021-22/economicsurvey/doc/echapter_vol2.pdf,echapter_vol2.pdf,english
2020-2021,https://www.indiabudget.gov.in/budget2021-22/economicsurvey/index.php,https://www.indiabudget.gov.in/budget2021-22/economicsurvey/doc/vol2chapter/epreface_vol2.pdf,epreface_vol2.pdf,english
2020-2021,https://www.indiabudget.gov.in/budget2021-22/economicsurvey/index.php,https://www.indiabudget.gov.in/budget2021-22/economicsurvey/doc/vol2chapter/echap01_vol2.pdf,echap01_vol2.pdf,english
2020-2021,https://www.indiabudget.gov.in/budget2021-22/economicsurvey/index.php,https://www.indiabudget.gov.in/budget2021-22/economicsurvey/doc/vol2chapter/echap02_vol2.pdf,echap02_vol2.pdf,english
2020-2021,https://www.indiabudget.gov.in/budget2021-22/economicsurvey/index.php,https://www.indiabudget.gov.in/budget2021-22/economicsurvey/doc/vol2chapter/echap03_vol2.pdf,echap03_vol2.pdf,english
2020-2021,https://www.indiabudget.gov.in/budget2021-22/economicsurvey/index.php,https://www.indiabudget.gov.in/budget2021-22/economicsurvey/doc/vol2chapter/echap04_vol2.pdf,echap04_vol2.pdf,english
2020-2021,https://www.indiabudget.gov.in/budget2021-22/economicsurvey/index.php,https://www.indiabudget.gov.in/budget2021-22/economicsurvey/doc/vol2chapter/echap05_vol2.pdf,echap05_vol2.pdf,english
2020-2021,https://www.indiabudget.gov.in/budget2021-22/economicsurvey/index.php,https://www.indiabudget.gov.in/budget2021-22/economicsurvey/doc/vol2chapter/echap06_vol2.pdf,echap06_vol2.pdf,english
2020-2021,https://www.indiabudget.gov.in/budget2021-22/economicsurvey/index.php,https://www.indiabudget.gov.in/budget2021-22/economicsurvey/doc/vol2chapter/echap07_vol2.pdf,echap07_vol2.pdf,english
2020-2021,https://www.indiabudget.gov.in/budget2021-22/economicsurvey/index.php,https://www.indiabudget.gov.in/budget2021-22/economicsurvey/doc/vol2chapter/echap08_vol2.pdf,echap08_vol2.pdf,english
2020-2021,https://www.indiabudget.gov.in/budget2021-22/economicsurvey/index.php,https://www.indiabudget.gov.in/budget2021-22/economicsurvey/doc/vol2chapter/echap09_vol2.pdf,echap09_vol2.pdf,english
2020-2021,https://www.indiabudget.gov.in/budget2021-22/economicsurvey/index.php,https://www.indiabudget.gov.in/budget2021-22/economicsurvey/doc/vol2chapter/echap10_vol2.pdf,echap10_vol2.pdf,english
2020-2021,https://www.indiabudget.gov.in/budget2021-22/economicsurvey/index.php,https://www.indiabudget.gov.in/budget2021-22/economicsurvey/doc/Statistical-Appendix-in-English.pdf,Statistical-Appendix-in-English.pdf,english
2020-2021,https://www.indiabudget.gov.in/budget2021-22/economicsurvey/index.php,https://www.indiabudget.gov.in/budget2021-22/economicsurvey/doc/hechapter.pdf,hechapter.pdf,hindi
2020-2021,https://www.indiabudget.gov.in/budget2021-22/economicsurvey/index.php,https://www.indiabudget.gov.in/budget2021-22/economicsurvey/doc/vol1chapter/hepreface_vol1.pdf,hepreface_vol1.pdf,english
2020-2021,https://www.indiabudget.gov.in/budget2021-22/economicsurvey/index.php,https://www.indiabudget.gov.in/budget2021-22/economicsurvey/doc/vol1chapter/hechap01_vol1.pdf,hechap01_vol1.pdf,hindi
2020-2021,https://www.indiabudget.gov.in/budget2021-22/economicsurvey/index.php,https://www.indiabudget.gov.in/budget2021-22/economicsurvey/doc/vol1chapter/hechap02_vol1.pdf,hechap02_vol1.pdf,hindi
2020-2021,https://www.indiabudget.gov.in/budget2021-22/economicsurvey/index.php,https://www.indiabudget.gov.in/budget2021-22/economicsurvey/doc/vol1chapter/hechap03_vol1.pdf,hechap03_vol1.pdf,hindi
2020-2021,https://www.indiabudget.gov.in/budget2021-22/economicsurvey/index.php,https://www.indiabudget.gov.in/budget2021-22/economicsurvey/doc/vol1chapter/hechap04_vol1.pdf,hechap04_vol1.pdf,hindi
2020-2021,https://www.indiabudget.gov.in/budget2021-22/economicsurvey/index.php,https://www.indiabudget.gov.in/budget2021-22/economicsurvey/doc/vol1chapter/hechap05_vol1.pdf,hechap05_vol1.pdf,hindi
2020-2021,https://www.indiabudget.gov.in/budget2021-22/economicsurvey/index.php,https://www.indiabudget.gov.in/budget2021-22/economicsurvey/doc/vol1chapter/hechap06_vol1.pdf,hechap06_vol1.pdf,hindi
2020-2021,https://www.indiabudget.gov.in/budget2021-22/economicsurvey/index.php,https://www.indiabudget.gov.in/budget2021-22/economicsurvey/doc/vol1chapter/hechap07_vol1.pdf,hechap07_vol1.pdf,hindi
2020-2021,https://www.indiabudget.gov.in/budget2021-22/economicsurvey/index.php,https://www.indiabudget.gov.in/budget2021-22/economicsurvey/doc/vol1chapter/hechap08_vol1.pdf,hechap08_vol1.pdf,hindi
2020-2021,https://www.indiabudget.gov.in/budget2021-22/economicsurvey/index.php,https://www.indiabudget.gov.in/budget2021-22/economicsurvey/doc/vol1chapter/hechap09_vol1.pdf,hechap09_vol1.pdf,hindi
2020-2021,https://www.indiabudget.gov.in/budget2021-22/economicsurvey/index.php,https://www.indiabudget.gov.in/budget2021-22/economicsurvey/doc/vol1chapter/hechap10_vol1.pdf,hechap10_vol1.pdf,hindi
2020-2021,https://www.indiabudget.gov.in/budget2021-22/economicsurvey/index.php,https://www.indiabudget.gov.in/budget2021-22/economicsurvey/doc/hechapter_vol2.pdf,hechapter_vol2.pdf,hindi
2020-2021,https://www.indiabudget.gov.in/budget2021-22/economicsurvey/index.php,https://www.indiabudget.gov.in/budget2021-22/economicsurvey/doc/vol2chapter/hepreface_vol2.pdf,hepreface_vol2.pdf,english
2020-2021,https://www.indiabudget.gov.in/budget2021-22/economicsurvey/index.php,https://www.indiabudget.gov.in/budget2021-22/economicsurvey/doc/vol2chapter/hechap01_vol2.pdf,hechap01_vol2.pdf,hindi
2020-2021,https://www.indiabudget.gov.in/budget2021-22/economicsurvey/index.php,https://www.indiabudget.gov.in/budget2021-22/economicsurvey/doc/vol2chapter/hechap02_vol2.pdf,hechap02_vol2.pdf,hindi
2020-2021,https://www.indiabudget.gov.in/budget2021-22/economicsurvey/index.php,https://www.indiabudget.gov.in/budget2021-22/economicsurvey/doc/vol2chapter/hechap03_vol2.pdf,hechap03_vol2.pdf,hindi
2020-2021,https://www.indiabudget.gov.in/budget2021-22/economicsurvey/index.php,https://www.indiabudget.gov.in/budget2021-22/economicsurvey/doc/vol2chapter/hechap04_vol2.pdf,hechap04_vol2.pdf,hindi
2020-2021,https://www.indiabudget.gov.in/budget2021-22/economicsurvey/index.php,https://www.indiabudget.gov.in/budget2021-22/economicsurvey/doc/vol2chapter/hechap05_vol2.pdf,hechap05_vol2.pdf,hindi
2020-2021,https://www.indiabudget.gov.in/budget2021-22/economicsurvey/index.php,https://www.indiabudget.gov.in/budget2021-22/economicsurvey/doc/vol2chapter/hechap06_vol2.pdf,hechap06_vol2.pdf,hindi
2020-2021,https://www.indiabudget.gov.in/budget2021-22/economicsurvey/index.php,https://www.indiabudget.gov.in/budget2021-22/economicsurvey/doc/vol2chapter/hechap07_vol2.pdf,hechap07_vol2.pdf,hindi
2020-2021,https://www.indiabudget.gov.in/budget2021-22/economicsurvey/index.php,https://www.indiabudget.gov.in/budget2021-22/economicsurvey/doc/vol2chapter/hechap08_vol2.pdf,hechap08_vol2.pdf,hindi
2020-2021,https://www.indiabudget.gov.in/budget2021-22/economicsurvey/index.php,https://www.indiabudget.gov.in/budget2021-22/economicsurvey/doc/vol2chapter/hechap09_vol2.pdf,hechap09_vol2.pdf,hindi
2020-2021,https://www.indiabudget.gov.in/budget2021-22/economicsurvey/index.php,https://www.indiabudget.gov.in/budget2021-22/economicsurvey/doc/vol2chapter/hechap10_vol2.pdf,hechap10_vol2.pdf,hindi
2020-2021,https://www.indiabudget.gov.in/budget2021-22/economicsurvey/index.php,https://www.indiabudget.gov.in/budget2021-22/economicsurvey/doc/Statistical-Appendix-in-Hindi.pdf,Statistical-Appendix-in-Hindi.pdf,hindi
2019-2020,https://www.indiabudget.gov.in/budget2020-21/economicsurvey/index.php,https://www.indiabudget.gov.in/budget2020-21/economicsurvey/doc/echapter.pdf,echapter.pdf,english
2019-2020,https://www.indiabudget.gov.in/budget2020-21/economicsurvey/index.php,https://www.indiabudget.gov.in/budget2020-21/economicsurvey/doc/vol1chapter/epreface_vol1.pdf,epreface_vol1.pdf,english
2019-2020,https://www.indiabudget.gov.in/budget2020-21/economicsurvey/index.php,https://www.indiabudget.gov.in/budget2020-21/economicsurvey/doc/vol1chapter/echap01_vol1.pdf,echap01_vol1.pdf,english
2019-2020,https://www.indiabudget.gov.in/budget2020-21/economicsurvey/index.php,https://www.indiabudget.gov.in/budget2020-21/economicsurvey/doc/vol1chapter/echap02_vol1.pdf,echap02_vol1.pdf,english
2019-2020,https://www.indiabudget.gov.in/budget2020-21/economicsurvey/index.php,https://www.indiabudget.gov.in/budget2020-21/economicsurvey/doc/vol1chapter/echap03_vol1.pdf,echap03_vol1.pdf,english
2019-2020,https://www.indiabudget.gov.in/budget2020-21/economicsurvey/index.php,https://www.indiabudget.gov.in/budget2020-21/economicsurvey/doc/vol1chapter/echap04_vol1.pdf,echap04_vol1.pdf,english
2019-2020,https://www.indiabudget.gov.in/budget2020-21/economicsurvey/index.php,https://www.indiabudget.gov.in/budget2020-21/economicsurvey/doc/vol1chapter/echap05_vol1.pdf,echap05_vol1.pdf,english
2019-2020,https://www.indiabudget.gov.in/budget2020-21/economicsurvey/index.php,https://www.indiabudget.gov.in/budget2020-21/economicsurvey/doc/vol1chapter/echap06_vol1.pdf,echap06_vol1.pdf,english
2019-2020,https://www.indiabudget.gov.in/budget2020-21/economicsurvey/index.php,https://www.indiabudget.gov.in/budget2020-21/economicsurvey/doc/vol1chapter/echap07_vol1.pdf,echap07_vol1.pdf,english
2019-2020,https://www.indiabudget.gov.in/budget2020-21/economicsurvey/index.php,https://www.indiabudget.gov.in/budget2020-21/economicsurvey/doc/vol1chapter/echap08_vol1.pdf,echap08_vol1.pdf,english
2019-2020,https://www.indiabudget.gov.in/budget2020-21/economicsurvey/index.php,https://www.indiabudget.gov.in/budget2020-21/economicsurvey/doc/vol1chapter/echap09_vol1.pdf,echap09_vol1.pdf,english
2019-2020,https://www.indiabudget.gov.in/budget2020-21/economicsurvey/index.php,https://www.indiabudget.gov.in/budget2020-21/economicsurvey/doc/vol1chapter/echap10_Vol1.pdf,echap10_Vol1.pdf,english
2019-2020,https://www.indiabudget.gov.in/budget2020-21/economicsurvey/index.php,https://www.indiabudget.gov.in/budget2020-21/economicsurvey/doc/vol1chapter/echap11_Vol1.pdf,echap11_Vol1.pdf,english
2019-2020,https://www.indiabudget.gov.in/budget2020-21/economicsurvey/index.php,https://www.indiabudget.gov.in/budget2020-21/economicsurvey/doc/echapter_vol2.pdf,echapter_vol2.pdf,english
2019-2020,https://www.indiabudget.gov.in/budget2020-21/economicsurvey/index.php,https://www.indiabudget.gov.in/budget2020-21/economicsurvey/doc/vol2chapter/epreface_vol2.pdf,epreface_vol2.pdf,english
2019-2020,https://www.indiabudget.gov.in/budget2020-21/economicsurvey/index.php,https://www.indiabudget.gov.in/budget2020-21/economicsurvey/doc/vol2chapter/echap01_vol2.pdf,echap01_vol2.pdf,english
2019-2020,https://www.indiabudget.gov.in/budget2020-21/economicsurvey/index.php,https://www.indiabudget.gov.in/budget2020-21/economicsurvey/doc/vol2chapter/echap02_vol2.pdf,echap02_vol2.pdf,english
2019-2020,https://www.indiabudget.gov.in/budget2020-21/economicsurvey/index.php,https://www.indiabudget.gov.in/budget2020-21/economicsurvey/doc/vol2chapter/echap03_vol2.pdf,echap03_vol2.pdf,english
2019-2020,https://www.indiabudget.gov.in/budget2020-21/economicsurvey/index.php,https://www.indiabudget.gov.in/budget2020-21/economicsurvey/doc/vol2chapter/echap04_vol2.pdf,echap04_vol2.pdf,english
2019-2020,https://www.indiabudget.gov.in/budget2020-21/economicsurvey/index.php,https://www.indiabudget.gov.in/budget2020-21/economicsurvey/doc/vol2chapter/echap05_vol2.pdf,echap05_vol2.pdf,english
2019-2020,https://www.indiabudget.gov.in/budget2020-21/economicsurvey/index.php,https://www.indiabudget.gov.in/budget2020-21/economicsurvey/doc/vol2chapter/echap06_vol2.pdf,echap06_vol2.pdf,english
2019-2020,https://www.indiabudget.gov.in/budget2020-21/economicsurvey/index.php,https://www.indiabudget.gov.in/budget2020-21/economicsurvey/doc/vol2chapter/echap07_vol2.pdf,echap07_vol2.pdf,english
2019-2020,https://www.indiabudget.gov.in/budget2020-21/economicsurvey/index.php,https://www.indiabudget.gov.in/budget2020-21/economicsurvey/doc/vol2chapter/echap08_vol2.pdf,echap08_vol2.pdf,english
2019-2020,https://www.indiabudget.gov.in/budget2020-21/economicsurvey/index.php,https://www.indiabudget.gov.in/budget2020-21/economicsurvey/doc/vol2chapter/echap09_vol2.pdf,echap09_vol2.pdf,english
2019-2020,https://www.indiabudget.gov.in/budget2020-21/economicsurvey/index.php,https://www.indiabudget.gov.in/budget2020-21/economicsurvey/doc/vol2chapter/echap10_vol2.pdf,echap10_vol2.pdf,english
2019-2020,https://www.indiabudget.gov.in/budget2020-21/economicsurvey/index.php,https://www.indiabudget.gov.in/budget2020-21/economicsurvey/doc/Statistical-Appendix-in-English.pdf,Statistical-Appendix-in-English.pdf,english
2019-2020,https://www.indiabudget.gov.in/budget2020-21/economicsurvey/index.php,https://www.indiabudget.gov.in/budget2020-21/economicsurvey/doc/hechapter.pdf,hechapter.pdf,hindi
2019-2020,https://www.indiabudget.gov.in/budget2020-21/economicsurvey/index.php,https://www.indiabudget.gov.in/budget2020-21/economicsurvey/doc/vol1chapter/hepreface_vol1.pdf,hepreface_vol1.pdf,english
2019-2020,https://www.indiabudget.gov.in/budget2020-21/economicsurvey/index.php,https://www.indiabudget.gov.in/budget2020-21/economicsurvey/doc/vol1chapter/hechap01_vol1.pdf,hechap01_vol1.pdf,hindi
2019-2020,https://www.indiabudget.gov.in/budget2020-21/economicsurvey/index.php,https://www.indiabudget.gov.in/budget2020-21/economicsurvey/doc/vol1chapter/hechap02_vol1.pdf,hechap02_vol1.pdf,hindi
2019-2020,https://www.indiabudget.gov.in/budget2020-21/economicsurvey/index.php,https://www.indiabudget.gov.in/budget2020-21/economicsurvey/doc/vol1chapter/hechap03_vol1.pdf,hechap03_vol1.pdf,hindi
2019-2020,https://www.indiabudget.gov.in/budget2020-21/economicsurvey/index.php,https://www.indiabudget.gov.in/budget2020-21/economicsurvey/doc/vol1chapter/hechap04_vol1.pdf,hechap04_vol1.pdf,hindi
2019-2020,https://www.indiabudget.gov.in/budget2020-21/economicsurvey/index.php,https://www.indiabudget.gov.in/budget2020-21/economicsurvey/doc/vol1chapter/hechap05_vol1.pdf,hechap05_vol1.pdf,hindi
2019-2020,https://www.indiabudget.gov.in/budget2020-21/economicsurvey/index.php,https://www.indiabudget.gov.in/budget2020-21/economicsurvey/doc/vol1chapter/hechap06_vol1.pdf,hechap06_vol1.pdf,hindi
2019-2020,https://www.indiabudget.gov.in/budget2020-21/economicsurvey/index.php,https://www.indiabudget.gov.in/budget2020-21/economicsurvey/doc/vol1chapter/hechap07_vol1.pdf,hechap07_vol1.pdf,hindi
2019-2020,https://www.indiabudget.gov.in/budget2020-21/economicsurvey/index.php,https://www.indiabudget.gov.in/budget2020-21/economicsurvey/doc/vol1chapter/hechap08_vol1.pdf,hechap08_vol1.pdf,hindi
2019-2020,https://www.indiabudget.gov.in/budget2020-21/economicsurvey/index.php,https://www.indiabudget.gov.in/budget2020-21/economicsurvey/doc/vol1chapter/hechap09_vol1.pdf,hechap09_vol1.pdf,hindi
2019-2020,https://www.indiabudget.gov.in/budget2020-21/economicsurvey/index.php,https://www.indiabudget.gov.in/budget2020-21/economicsurvey/doc/vol1chapter/hechap10_vol1.pdf,hechap10_vol1.pdf,hindi
2019-2020,https://www.indiabudget.gov.in/budget2020-21/economicsurvey/index.php,https://www.indiabudget.gov.in/budget2020-21/economicsurvey/doc/vol1chapter/hechap11_vol1.pdf,hechap11_vol1.pdf,hindi
2019-2020,https://www.indiabudget.gov.in/budget2020-21/economicsurvey/index.php,https://www.indiabudget.gov.in/budget2020-21/economicsurvey/doc/hechapter_vol2.pdf,hechapter_vol2.pdf,hindi
2019-2020,https://www.indiabudget.gov.in/budget2020-21/economicsurvey/index.php,https://www.indiabudget.gov.in/budget2020-21/economicsurvey/doc/vol2chapter/hepreface_vol2.pdf,hepreface_vol2.pdf,english
2019-2020,https://www.indiabudget.gov.in/budget2020-21/economicsurvey/index.php,https://www.indiabudget.gov.in/budget2020-21/economicsurvey/doc/vol2chapter/hechap01_vol2.pdf,hechap01_vol2.pdf,hindi
2019-2020,https://www.indiabudget.gov.in/budget2020-21/economicsurvey/index.php,https://www.indiabudget.gov.in/budget2020-21/economicsurvey/doc/vol2chapter/hechap02_vol2.pdf,hechap02_vol2.pdf,hindi
2019-2020,https://www.indiabudget.gov.in/budget2020-21/economicsurvey/index.php,https://www.indiabudget.gov.in/budget2020-21/economicsurvey/doc/vol2chapter/hechap03_vol2.pdf,hechap03_vol2.pdf,hindi
2019-2020,https://www.indiabudget.gov.in/budget2020-21/economicsurvey/index.php,https://www.indiabudget.gov.in/budget2020-21/economicsurvey/doc/vol2chapter/hechap04_vol2.pdf,hechap04_vol2.pdf,hindi
2019-2020,https://www.indiabudget.gov.in/budget2020-21/economicsurvey/index.php,https://www.indiabudget.gov.in/budget2020-21/economicsurvey/doc/vol2chapter/hechap05_vol2.pdf,hechap05_vol2.pdf,hindi
2019-2020,https://www.indiabudget.gov.in/budget2020-21/economicsurvey/index.php,https://www.indiabudget.gov.in/budget2020-21/economicsurvey/doc/vol2chapter/hechap06_vol2.pdf,hechap06_vol2.pdf,hindi
2019-2020,https://www.indiabudget.gov.in/budget2020-21/economicsurvey/index.php,https://www.indiabudget.gov.in/budget2020-21/economicsurvey/doc/vol2chapter/hechap07_vol2.pdf,hechap07_vol2.pdf,hindi
2019-2020,https://www.indiabudget.gov.in/budget2020-21/economicsurvey/index.php,https://www.indiabudget.gov.in/budget2020-21/economicsurvey/doc/vol2chapter/hechap08_vol2.pdf,hechap08_vol2.pdf,hindi
2019-2020,https://www.indiabudget.gov.in/budget2020-21/economicsurvey/index.php,https://www.indiabudget.gov.in/budget2020-21/economicsurvey/doc/vol2chapter/hechap09_vol2.pdf,hechap09_vol2.pdf,hindi
2019-2020,https://www.indiabudget.gov.in/budget2020-21/economicsurvey/index.php,https://www.indiabudget.gov.in/budget2020-21/economicsurvey/doc/vol2chapter/hechap10_vol2.pdf,hechap10_vol2.pdf,hindi
2019-2020,https://www.indiabudget.gov.in/budget2020-21/economicsurvey/index.php,https://www.indiabudget.gov.in/budget2020-21/economicsurvey/doc/Statistical-Appendix-in-Hindi.pdf,Statistical-Appendix-in-Hindi.pdf,hindi
2018-2019,https://www.indiabudget.gov.in/budget2019-20/economicsurvey/index.php,https://www.indiabudget.gov.in/budget2019-20/economicsurvey/doc/echapter.pdf,echapter.pdf,english
2018-2019,https://www.indiabudget.gov.in/budget2019-20/economicsurvey/index.php,https://www.indiabudget.gov.in/budget2019-20/economicsurvey/doc/vol1chapter/epreface_vol1.pdf,epreface_vol1.pdf,english
2018-2019,https://www.indiabudget.gov.in/budget2019-20/economicsurvey/index.php,https://www.indiabudget.gov.in/budget2019-20/economicsurvey/doc/vol1chapter/echap01_vol1.pdf,echap01_vol1.pdf,english
2018-2019,https://www.indiabudget.gov.in/budget2019-20/economicsurvey/index.php,https://www.indiabudget.gov.in/budget2019-20/economicsurvey/doc/vol1chapter/echap02_vol1.pdf,echap02_vol1.pdf,english
2018-2019,https://www.indiabudget.gov.in/budget2019-20/economicsurvey/index.php,https://www.indiabudget.gov.in/budget2019-20/economicsurvey/doc/vol1chapter/echap03_vol1.pdf,echap03_vol1.pdf,english
2018-2019,https://www.indiabudget.gov.in/budget2019-20/economicsurvey/index.php,https://www.indiabudget.gov.in/budget2019-20/economicsurvey/doc/vol1chapter/echap04_vol1.pdf,echap04_vol1.pdf,english
2018-2019,https://www.indiabudget.gov.in/budget2019-20/economicsurvey/index.php,https://www.indiabudget.gov.in/budget2019-20/economicsurvey/doc/vol1chapter/echap05_vol1.pdf,echap05_vol1.pdf,english
2018-2019,https://www.indiabudget.gov.in/budget2019-20/economicsurvey/index.php,https://www.indiabudget.gov.in/budget2019-20/economicsurvey/doc/vol1chapter/echap06_vol1.pdf,echap06_vol1.pdf,english
2018-2019,https://www.indiabudget.gov.in/budget2019-20/economicsurvey/index.php,https://www.indiabudget.gov.in/budget2019-20/economicsurvey/doc/vol1chapter/echap07_vol1.pdf,echap07_vol1.pdf,english
2018-2019,https://www.indiabudget.gov.in/budget2019-20/economicsurvey/index.php,https://www.indiabudget.gov.in/budget2019-20/economicsurvey/doc/vol1chapter/echap08_vol1.pdf,echap08_vol1.pdf,english
2018-2019,https://www.indiabudget.gov.in/budget2019-20/economicsurvey/index.php,https://www.indiabudget.gov.in/budget2019-20/economicsurvey/doc/vol1chapter/echap09_vol1.pdf,echap09_vol1.pdf,english
2018-2019,https://www.indiabudget.gov.in/budget2019-20/economicsurvey/index.php,https://www.indiabudget.gov.in/budget2019-20/economicsurvey/doc/vol1chapter/echap10_Vol1.pdf,echap10_Vol1.pdf,english
2018-2019,https://www.indiabudget.gov.in/budget2019-20/economicsurvey/index.php,https://www.indiabudget.gov.in/budget2019-20/economicsurvey/doc/vol1chapter/echap11_Vol1.pdf,echap11_Vol1.pdf,english
2018-2019,https://www.indiabudget.gov.in/budget2019-20/economicsurvey/index.php,https://www.indiabudget.gov.in/budget2019-20/economicsurvey/doc/echapter_vol2.pdf,echapter_vol2.pdf,english
2018-2019,https://www.indiabudget.gov.in/budget2019-20/economicsurvey/index.php,https://www.indiabudget.gov.in/budget2019-20/economicsurvey/doc/vol2chapter/epreface_vol2.pdf,epreface_vol2.pdf,english
2018-2019,https://www.indiabudget.gov.in/budget2019-20/economicsurvey/index.php,https://www.indiabudget.gov.in/budget2019-20/economicsurvey/doc/vol2chapter/echap01_vol2.pdf,echap01_vol2.pdf,english
2018-2019,https://www.indiabudget.gov.in/budget2019-20/economicsurvey/index.php,https://www.indiabudget.gov.in/budget2019-20/economicsurvey/doc/vol2chapter/echap02_vol2.pdf,echap02_vol2.pdf,english
2018-2019,https://www.indiabudget.gov.in/budget2019-20/economicsurvey/index.php,https://www.indiabudget.gov.in/budget2019-20/economicsurvey/doc/vol2chapter/echap03_vol2.pdf,echap03_vol2.pdf,english
2018-2019,https://www.indiabudget.gov.in/budget2019-20/economicsurvey/index.php,https://www.indiabudget.gov.in/budget2019-20/economicsurvey/doc/vol2chapter/echap04_vol2.pdf,echap04_vol2.pdf,english
2018-2019,https://www.indiabudget.gov.in/budget2019-20/economicsurvey/index.php,https://www.indiabudget.gov.in/budget2019-20/economicsurvey/doc/vol2chapter/echap05_vol2.pdf,echap05_vol2.pdf,english
2018-2019,https://www.indiabudget.gov.in/budget2019-20/economicsurvey/index.php,https://www.indiabudget.gov.in/budget2019-20/economicsurvey/doc/vol2chapter/echap06_vol2.pdf,echap06_vol2.pdf,english
2018-2019,https://www.indiabudget.gov.in/budget2019-20/economicsurvey/index.php,https://www.indiabudget.gov.in/budget2019-20/economicsurvey/doc/vol2chapter/echap07_vol2.pdf,echap07_vol2.pdf,english
2018-2019,https://www.indiabudget.gov.in/budget2019-20/economicsurvey/index.php,https://www.indiabudget.gov.in/budget2019-20/economicsurvey/doc/vol2chapter/echap08_vol2.pdf,echap08_vol2.pdf,english
2018-2019,https://www.indiabudget.gov.in/budget2019-20/economicsurvey/index.php,https://www.indiabudget.gov.in/budget2019-20/economicsurvey/doc/vol2chapter/echap09_vol2.pdf,echap09_vol2.pdf,english
2018-2019,https://www.indiabudget.gov.in/budget2019-20/economicsurvey/index.php,https://www.indiabudget.gov.in/budget2019-20/economicsurvey/doc/vol2chapter/echap10_vol2.pdf,echap10_vol2.pdf,english
2018-2019,https://www.indiabudget.gov.in/budget2019-20/economicsurvey/index.php,https://www.indiabudget.gov.in/budget2019-20/economicsurvey/doc/hechapter.pdf,hechapter.pdf,hindi
2018-2019,https://www.indiabudget.gov.in/budget2019-20/economicsurvey/index.php,https://www.indiabudget.gov.in/budget2019-20/economicsurvey/doc/vol1chapter/hepreface_vol1.pdf,hepreface_vol1.pdf,english
2018-2019,https://www.indiabudget.gov.in/budget2019-20/economicsurvey/index.php,https://www.indiabudget.gov.in/budget2019-20/economicsurvey/doc/vol1chapter/hechap01_vol1.pdf,hechap01_vol1.pdf,hindi
2018-2019,https://www.indiabudget.gov.in/budget2019-20/economicsurvey/index.php,https://www.indiabudget.gov.in/budget2019-20/economicsurvey/doc/vol1chapter/hechap02_vol1.pdf,hechap02_vol1.pdf,hindi
2018-2019,https://www.indiabudget.gov.in/budget2019-20/economicsurvey/index.php,https://www.indiabudget.gov.in/budget2019-20/economicsurvey/doc/vol1chapter/hechap03_vol1.pdf,hechap03_vol1.pdf,hindi
2018-2019,https://www.indiabudget.gov.in/budget2019-20/economicsurvey/index.php,https://www.indiabudget.gov.in/budget2019-20/economicsurvey/doc/vol1chapter/hechap04_vol1.pdf,hechap04_vol1.pdf,hindi
2018-2019,https://www.indiabudget.gov.in/budget2019-20/economicsurvey/index.php,https://www.indiabudget.gov.in/budget2019-20/economicsurvey/doc/vol1chapter/hechap05_vol1.pdf,hechap05_vol1.pdf,hindi
2018-2019,https://www.indiabudget.gov.in/budget2019-20/economicsurvey/index.php,https://www.indiabudget.gov.in/budget2019-20/economicsurvey/doc/vol1chapter/hechap06_vol1.pdf,hechap06_vol1.pdf,hindi
2018-2019,https://www.indiabudget.gov.in/budget2019-20/economicsurvey/index.php,https://www.indiabudget.gov.in/budget2019-20/economicsurvey/doc/vol1chapter/hechap07_vol1.pdf,hechap07_vol1.pdf,hindi
2018-2019,https://www.indiabudget.gov.in/budget2019-20/economicsurvey/index.php,https://www.indiabudget.gov.in/budget2019-20/economicsurvey/doc/vol1chapter/hechap08_vol1.pdf,hechap08_vol1.pdf,hindi
2018-2019,https://www.indiabudget.gov.in/budget2019-20/economicsurvey/index.php,https://www.indiabudget.gov.in/budget2019-20/economicsurvey/doc/vol1chapter/hechap09_vol1.pdf,hechap09_vol1.pdf,hindi
2018-2019,https://www.indiabudget.gov.in/budget2019-20/economicsurvey/index.php,https://www.indiabudget.gov.in/budget2019-20/economicsurvey/doc/vol1chapter/hechap10_vol1.pdf,hechap10_vol1.pdf,hindi
2018-2019,https://www.indiabudget.gov.in/budget2019-20/economicsurvey/index.php,https://www.indiabudget.gov.in/budget2019-20/economicsurvey/doc/vol1chapter/hechap11_vol1.pdf,hechap11_vol1.pdf,hindi
2018-2019,https://www.indiabudget.gov.in/budget2019-20/economicsurvey/index.php,https://www.indiabudget.gov.in/budget2019-20/economicsurvey/doc/hechapter_vol2.pdf,hechapter_vol2.pdf,hindi
2018-2019,https://www.indiabudget.gov.in/budget2019-20/economicsurvey/index.php,https://www.indiabudget.gov.in/budget2019-20/economicsurvey/doc/vol2chapter/hepreface_vol2.pdf,hepreface_vol2.pdf,english
2018-2019,https://www.indiabudget.gov.in/budget2019-20/economicsurvey/index.php,https://www.indiabudget.gov.in/budget2019-20/economicsurvey/doc/vol2chapter/hechap01_vol2.pdf,hechap01_vol2.pdf,hindi
2018-2019,https://www.indiabudget.gov.in/budget2019-20/economicsurvey/index.php,https://www.indiabudget.gov.in/budget2019-20/economicsurvey/doc/vol2chapter/hechap02_vol2.pdf,hechap02_vol2.pdf,hindi
2018-2019,https://www.indiabudget.gov.in/budget2019-20/economicsurvey/index.php,https://www.indiabudget.gov.in/budget2019-20/economicsurvey/doc/vol2chapter/hechap03_vol2.pdf,hechap03_vol2.pdf,hindi
2018-2019,https://www.indiabudget.gov.in/budget2019-20/economicsurvey/index.php,https://www.indiabudget.gov.in/budget2019-20/economicsurvey/doc/vol2chapter/hechap04_vol2.pdf,hechap04_vol2.pdf,hindi
2018-2019,https://www.indiabudget.gov.in/budget2019-20/economicsurvey/index.php,https://www.indiabudget.gov.in/budget2019-20/economicsurvey/doc/vol2chapter/hechap05_vol2.pdf,hechap05_vol2.pdf,hindi
2018-2019,https://www.indiabudget.gov.in/budget2019-20/economicsurvey/index.php,https://www.indiabudget.gov.in/budget2019-20/economicsurvey/doc/vol2chapter/hechap06_vol2.pdf,hechap06_vol2.pdf,hindi
2018-2019,https://www.indiabudget.gov.in/budget2019-20/economicsurvey/index.php,https://www.indiabudget.gov.in/budget2019-20/economicsurvey/doc/vol2chapter/hechap07_vol2.pdf,hechap07_vol2.pdf,hindi
2018-2019,https://www.indiabudget.gov.in/budget2019-20/economicsurvey/index.php,https://www.indiabudget.gov.in/budget2019-20/economicsurvey/doc/vol2chapter/hechap08_vol2.pdf,hechap08_vol2.pdf,hindi
2018-2019,https://www.indiabudget.gov.in/budget2019-20/economicsurvey/index.php,https://www.indiabudget.gov.in/budget2019-20/economicsurvey/doc/vol2chapter/hechap09_vol2.pdf,hechap09_vol2.pdf,hindi
2018-2019,https://www.indiabudget.gov.in/budget2019-20/economicsurvey/index.php,https://www.indiabudget.gov.in/budget2019-20/economicsurvey/doc/vol2chapter/hechap10_vol2.pdf,hechap10_vol2.pdf,hindi
2017-2018,https://www.indiabudget.gov.in/budget2018-2019/economicsurvey2017-2018/index.html,https://www.indiabudget.gov.in/budget2018-2019/economicsurvey2017-2018/pdf/000_Preface_Ten_Facts_2017-18_Vol_1-18_pages.pdf,000_Preface_Ten_Facts_2017-18_Vol_1-18_pages.pdf,english
2017-2018,https://www.indiabudget.gov.in/budget2018-2019/economicsurvey2017-2018/index.html,https://www.indiabudget.gov.in/budget2018-2019/economicsurvey2017-2018/pdf/001-031_Chapter_01_ENGLISH_Vol_01_2017-18.pdf,001-031_Chapter_01_ENGLISH_Vol_01_2017-18.pdf,english
2017-2018,https://www.indiabudget.gov.in/budget2018-2019/economicsurvey2017-2018/index.html,https://www.indiabudget.gov.in/budget2018-2019/economicsurvey2017-2018/pdf/032-042_Chapter_02_ENGLISH_Vol_01_2017-18.pdf,032-042_Chapter_02_ENGLISH_Vol_01_2017-18.pdf,english
2017-2018,https://www.indiabudget.gov.in/budget2018-2019/economicsurvey2017-2018/index.html,https://www.indiabudget.gov.in/budget2018-2019/economicsurvey2017-2018/pdf/043-054_Chapter_03_ENGLISH_Vol_01_2017-18.pdf,043-054_Chapter_03_ENGLISH_Vol_01_2017-18.pdf,english
2017-2018,https://www.indiabudget.gov.in/budget2018-2019/economicsurvey2017-2018/index.html,https://www.indiabudget.gov.in/budget2018-2019/economicsurvey2017-2018/pdf/055-067_Chapter_04_ENGLISH_Vol_01_2017-18.pdf,055-067_Chapter_04_ENGLISH_Vol_01_2017-18.pdf,english
2017-2018,https://www.indiabudget.gov.in/budget2018-2019/economicsurvey2017-2018/index.html,https://www.indiabudget.gov.in/budget2018-2019/economicsurvey2017-2018/pdf/068-081_Chapter_05_ENGLISH_Vol_01_2017-18.pdf,068-081_Chapter_05_ENGLISH_Vol_01_2017-18.pdf,english
2017-2018,https://www.indiabudget.gov.in/budget2018-2019/economicsurvey2017-2018/index.html,https://www.indiabudget.gov.in/budget2018-2019/economicsurvey2017-2018/pdf/082-101_Chapter_06_ENGLISH_Vol_01_2017-18.pdf,082-101_Chapter_06_ENGLISH_Vol_01_2017-18.pdf,english
2017-2018,https://www.indiabudget.gov.in/budget2018-2019/economicsurvey2017-2018/index.html,https://www.indiabudget.gov.in/budget2018-2019/economicsurvey2017-2018/pdf/102-118_Chapter_07_ENGLISH_Vol_01_2017-18.pdf,102-118_Chapter_07_ENGLISH_Vol_01_2017-18.pdf,english
2017-2018,https://www.indiabudget.gov.in/budget2018-2019/economicsurvey2017-2018/index.html,https://www.indiabudget.gov.in/budget2018-2019/economicsurvey2017-2018/pdf/119-130_Chapter_08_ENGLISH_Vol_01_2017-18.pdf,119-130_Chapter_08_ENGLISH_Vol_01_2017-18.pdf,english
2017-2018,https://www.indiabudget.gov.in/budget2018-2019/economicsurvey2017-2018/index.html,https://www.indiabudget.gov.in/budget2018-2019/economicsurvey2017-2018/pdf/131-144_Chapter_09_ENGLISH_Vol 01_2017-18.pdf,131-144_Chapter_09_ENGLISH_Vol 01_2017-18.pdf,english
2017-2018,https://www.indiabudget.gov.in/budget2018-2019/economicsurvey2017-2018/index.html,https://www.indiabudget.gov.in/budget2018-2019/economicsurvey2017-2018/pdf/144 Annex_Vol_1_English.pdf,144 Annex_Vol_1_English.pdf,english
2017-2018,https://www.indiabudget.gov.in/budget2018-2019/economicsurvey2017-2018/index.html,https://www.indiabudget.gov.in/budget2018-2019/economicsurvey2017-2018/pdf/Preface_2017-18_Vol_2.pdf,Preface_2017-18_Vol_2.pdf,english
2017-2018,https://www.indiabudget.gov.in/budget2018-2019/economicsurvey2017-2018/index.html,https://www.indiabudget.gov.in/budget2018-2019/economicsurvey2017-2018/pdf/001-027_Chapter_01_Economic_Survey_2017-18.pdf,001-027_Chapter_01_Economic_Survey_2017-18.pdf,english
2017-2018,https://www.indiabudget.gov.in/budget2018-2019/economicsurvey2017-2018/index.html,https://www.indiabudget.gov.in/budget2018-2019/economicsurvey2017-2018/pdf/028-043_Chapter_02_Economic_Survey_2017-18.pdf,028-043_Chapter_02_Economic_Survey_2017-18.pdf,english
2017-2018,https://www.indiabudget.gov.in/budget2018-2019/economicsurvey2017-2018/index.html,https://www.indiabudget.gov.in/budget2018-2019/economicsurvey2017-2018/pdf/044-055_Chapter_03_Economic_Survey_2017-18.pdf,044-055_Chapter_03_Economic_Survey_2017-18.pdf,english
2017-2018,https://www.indiabudget.gov.in/budget2018-2019/economicsurvey2017-2018/index.html,https://www.indiabudget.gov.in/budget2018-2019/economicsurvey2017-2018/pdf/056-067_Chapter_04_Economic_Survey_2017-18.pdf,056-067_Chapter_04_Economic_Survey_2017-18.pdf,english
2017-2018,https://www.indiabudget.gov.in/budget2018-2019/economicsurvey2017-2018/index.html,https://www.indiabudget.gov.in/budget2018-2019/economicsurvey2017-2018/pdf/068-079_Chapter_05_Economic_Survey_2017-18.pdf,068-079_Chapter_05_Economic_Survey_2017-18.pdf,english
2017-2018,https://www.indiabudget.gov.in/budget2018-2019/economicsurvey2017-2018/index.html,https://www.indiabudget.gov.in/budget2018-2019/economicsurvey2017-2018/pdf/080-098_Chapter_06_Economic_Survey_2017-18.pdf,080-098_Chapter_06_Economic_Survey_2017-18.pdf,english
2017-2018,https://www.indiabudget.gov.in/budget2018-2019/economicsurvey2017-2018/index.html,https://www.indiabudget.gov.in/budget2018-2019/economicsurvey2017-2018/pdf/099-119_Chapter_07_Economic_Survey_2017-18.pdf,099-119_Chapter_07_Economic_Survey_2017-18.pdf,english
2017-2018,https://www.indiabudget.gov.in/budget2018-2019/economicsurvey2017-2018/index.html,https://www.indiabudget.gov.in/budget2018-2019/economicsurvey2017-2018/pdf/120-150_Chapter_08_Economic_Survey_2017-18.pdf,120-150_Chapter_08_Economic_Survey_2017-18.pdf,english
2017-2018,https://www.indiabudget.gov.in/budget2018-2019/economicsurvey2017-2018/index.html,https://www.indiabudget.gov.in/budget2018-2019/economicsurvey2017-2018/pdf/152-166_Chapter_09_Economic_Survey_2017-18.pdf,152-166_Chapter_09_Economic_Survey_2017-18.pdf,english
2017-2018,https://www.indiabudget.gov.in/budget2018-2019/economicsurvey2017-2018/index.html,https://www.indiabudget.gov.in/budget2018-2019/economicsurvey2017-2018/pdf/167-185_Chapter_10_Economic_Survey_2017-18.pdf,167-185_Chapter_10_Economic_Survey_2017-18.pdf,english
2017-2018,https://www.indiabudget.gov.in/budget2018-2019/economicsurvey2017-2018/index.html,https://www.indiabudget.gov.in/budget2018-2019/economicsurvey2017-2018/appendixPDF/tab1.1.pdf,tab1.1.pdf,english
2017-2018,https://www.indiabudget.gov.in/budget2018-2019/economicsurvey2017-2018/index.html,https://www.indiabudget.gov.in/budget2018-2019/economicsurvey2017-2018/appendixPDF/tab1.2.pdf,tab1.2.pdf,english
2017-2018,https://www.indiabudget.gov.in/budget2018-2019/economicsurvey2017-2018/index.html,https://www.indiabudget.gov.in/budget2018-2019/economicsurvey2017-2018/appendixPDF/tab1.3A.pdf,tab1.3A.pdf,english
2017-2018,https://www.indiabudget.gov.in/budget2018-2019/economicsurvey2017-2018/index.html,https://www.indiabudget.gov.in/budget2018-2019/economicsurvey2017-2018/appendixPDF/tab1.3B.pdf,tab1.3B.pdf,english
2017-2018,https://www.indiabudget.gov.in/budget2018-2019/economicsurvey2017-2018/index.html,https://www.indiabudget.gov.in/budget2018-2019/economicsurvey2017-2018/appendixPDF/tab1.4A.pdf,tab1.4A.pdf,english
2017-2018,https://www.indiabudget.gov.in/budget2018-2019/economicsurvey2017-2018/index.html,https://www.indiabudget.gov.in/budget2018-2019/economicsurvey2017-2018/appendixPDF/tab1.4B.pdf,tab1.4B.pdf,english
2017-2018,https://www.indiabudget.gov.in/budget2018-2019/economicsurvey2017-2018/index.html,https://www.indiabudget.gov.in/budget2018-2019/economicsurvey2017-2018/appendixPDF/tab1.5A.pdf,tab1.5A.pdf,english
2017-2018,https://www.indiabudget.gov.in/budget2018-2019/economicsurvey2017-2018/index.html,https://www.indiabudget.gov.in/budget2018-2019/economicsurvey2017-2018/appendixPDF/tab1.5B.pdf,tab1.5B.pdf,english
2017-2018,https://www.indiabudget.gov.in/budget2018-2019/economicsurvey2017-2018/index.html,https://www.indiabudget.gov.in/budget2018-2019/economicsurvey2017-2018/appendixPDF/tab1.6.pdf,tab1.6.pdf,english
2017-2018,https://www.indiabudget.gov.in/budget2018-2019/economicsurvey2017-2018/index.html,https://www.indiabudget.gov.in/budget2018-2019/economicsurvey2017-2018/appendixPDF/tab1.7.pdf,tab1.7.pdf,english
2017-2018,https://www.indiabudget.gov.in/budget2018-2019/economicsurvey2017-2018/index.html,https://www.indiabudget.gov.in/budget2018-2019/economicsurvey2017-2018/appendixPDF/tab1.8.pdf,tab1.8.pdf,english
2017-2018,https://www.indiabudget.gov.in/budget2018-2019/economicsurvey2017-2018/index.html,https://www.indiabudget.gov.in/budget2018-2019/economicsurvey2017-2018/appendixPDF/tab1.9.pdf,tab1.9.pdf,english
2017-2018,https://www.indiabudget.gov.in/budget2018-2019/economicsurvey2017-2018/index.html,https://www.indiabudget.gov.in/budget2018-2019/economicsurvey2017-2018/appendixPDF/tab1.10A.pdf,tab1.10A.pdf,english
2017-2018,https://www.indiabudget.gov.in/budget2018-2019/economicsurvey2017-2018/index.html,https://www.indiabudget.gov.in/budget2018-2019/economicsurvey2017-2018/appendixPDF/tab1.10B.pdf,tab1.10B.pdf,english
2017-2018,https://www.indiabudget.gov.in/budget2018-2019/economicsurvey2017-2018/index.html,https://www.indiabudget.gov.in/budget2018-2019/economicsurvey2017-2018/appendixPDF/tab1.11A.pdf,tab1.11A.pdf,english
2017-2018,https://www.indiabudget.gov.in/budget2018-2019/economicsurvey2017-2018/index.html,https://www.indiabudget.gov.in/budget2018-2019/economicsurvey2017-2018/appendixPDF/tab1.11B.pdf,tab1.11B.pdf,english
2017-2018,https://www.indiabudget.gov.in/budget2018-2019/economicsurvey2017-2018/index.html,https://www.indiabudget.gov.in/budget2018-2019/economicsurvey2017-2018/appendixPDF/tab1.12.pdf,tab1.12.pdf,english
2017-2018,https://www.indiabudget.gov.in/budget2018-2019/economicsurvey2017-2018/index.html,https://www.indiabudget.gov.in/budget2018-2019/economicsurvey2017-2018/appendixPDF/tab1.13.pdf,tab1.13.pdf,english
2017-2018,https://www.indiabudget.gov.in/budget2018-2019/economicsurvey2017-2018/index.html,https://www.indiabudget.gov.in/budget2018-2019/economicsurvey2017-2018/appendixPDF/tab1.14.pdf,tab1.14.pdf,english
2017-2018,https://www.indiabudget.gov.in/budget2018-2019/economicsurvey2017-2018/index.html,https://www.indiabudget.gov.in/budget2018-2019/economicsurvey2017-2018/appendixPDF/tab1.15.pdf,tab1.15.pdf,english
2017-2018,https://www.indiabudget.gov.in/budget2018-2019/economicsurvey2017-2018/index.html,https://www.indiabudget.gov.in/budget2018-2019/economicsurvey2017-2018/appendixPDF/tab1.16.pdf,tab1.16.pdf,english
2017-2018,https://www.indiabudget.gov.in/budget2018-2019/economicsurvey2017-2018/index.html,https://www.indiabudget.gov.in/budget2018-2019/economicsurvey2017-2018/appendixPDF/tab1.17.pdf,tab1.17.pdf,english
2017-2018,https://www.indiabudget.gov.in/budget2018-2019/economicsurvey2017-2018/index.html,https://www.indiabudget.gov.in/budget2018-2019/economicsurvey2017-2018/appendixPDF/tab1.18.pdf,tab1.18.pdf,english
2017-2018,https://www.indiabudget.gov.in/budget2018-2019/economicsurvey2017-2018/index.html,https://www.indiabudget.gov.in/budget2018-2019/economicsurvey2017-2018/appendixPDF/tab1.19.pdf,tab1.19.pdf,english
2017-2018,https://www.indiabudget.gov.in/budget2018-2019/economicsurvey2017-2018/index.html,https://www.indiabudget.gov.in/budget2018-2019/economicsurvey2017-2018/appendixPDF/tab1.20.pdf,tab1.20.pdf,english
2017-2018,https://www.indiabudget.gov.in/budget2018-2019/economicsurvey2017-2018/index.html,https://www.indiabudget.gov.in/budget2018-2019/economicsurvey2017-2018/appendixPDF/tab1.21.pdf,tab1.21.pdf,english
2017-2018,https://www.indiabudget.gov.in/budget2018-2019/economicsurvey2017-2018/index.html,https://www.indiabudget.gov.in/budget2018-2019/economicsurvey2017-2018/appendixPDF/tab1.22.pdf,tab1.22.pdf,english
2017-2018,https://www.indiabudget.gov.in/budget2018-2019/economicsurvey2017-2018/index.html,https://www.indiabudget.gov.in/budget2018-2019/economicsurvey2017-2018/appendixPDF/tab1.23.pdf,tab1.23.pdf,english
2017-2018,https://www.indiabudget.gov.in/budget2018-2019/economicsurvey2017-2018/index.html,https://www.indiabudget.gov.in/budget2018-2019/economicsurvey2017-2018/appendixPDF/tab1.24.pdf,tab1.24.pdf,english
2017-2018,https://www.indiabudget.gov.in/budget2018-2019/economicsurvey2017-2018/index.html,https://www.indiabudget.gov.in/budget2018-2019/economicsurvey2017-2018/appendixPDF/tab1.25A.pdf,tab1.25A.pdf,english
2017-2018,https://www.indiabudget.gov.in/budget2018-2019/economicsurvey2017-2018/index.html,https://www.indiabudget.gov.in/budget2018-2019/economicsurvey2017-2018/appendixPDF/tab1.25B.pdf,tab1.25B.pdf,english
2017-2018,https://www.indiabudget.gov.in/budget2018-2019/economicsurvey2017-2018/index.html,https://www.indiabudget.gov.in/budget2018-2019/economicsurvey2017-2018/appendixPDF/tab1.26.pdf,tab1.26.pdf,english
2017-2018,https://www.indiabudget.gov.in/budget2018-2019/economicsurvey2017-2018/index.html,https://www.indiabudget.gov.in/budget2018-2019/economicsurvey2017-2018/appendixPDF/tab1.27A.pdf,tab1.27A.pdf,english
2017-2018,https://www.indiabudget.gov.in/budget2018-2019/economicsurvey2017-2018/index.html,https://www.indiabudget.gov.in/budget2018-2019/economicsurvey2017-2018/appendixPDF/tab1.27B.pdf,tab1.27B.pdf,english
2017-2018,https://www.indiabudget.gov.in/budget2018-2019/economicsurvey2017-2018/index.html,https://www.indiabudget.gov.in/budget2018-2019/economicsurvey2017-2018/appendixPDF/tab1.28.pdf,tab1.28.pdf,english
2017-2018,https://www.indiabudget.gov.in/budget2018-2019/economicsurvey2017-2018/index.html,https://www.indiabudget.gov.in/budget2018-2019/economicsurvey2017-2018/appendixPDF/tab1.29.pdf,tab1.29.pdf,english
2017-2018,https://www.indiabudget.gov.in/budget2018-2019/economicsurvey2017-2018/index.html,https://www.indiabudget.gov.in/budget2018-2019/economicsurvey2017-2018/appendixPDF/tab1.30.pdf,tab1.30.pdf,english
2017-2018,https://www.indiabudget.gov.in/budget2018-2019/economicsurvey2017-2018/index.html,https://www.indiabudget.gov.in/budget2018-2019/economicsurvey2017-2018/appendixPDF/tab1.31.pdf,tab1.31.pdf,english
2017-2018,https://www.indiabudget.gov.in/budget2018-2019/economicsurvey2017-2018/index.html,https://www.indiabudget.gov.in/budget2018-2019/economicsurvey2017-2018/appendixPDF/tab2.1.pdf,tab2.1.pdf,english
2017-2018,https://www.indiabudget.gov.in/budget2018-2019/economicsurvey2017-2018/index.html,https://www.indiabudget.gov.in/budget2018-2019/economicsurvey2017-2018/appendixPDF/tab2.2.pdf,tab2.2.pdf,english
2017-2018,https://www.indiabudget.gov.in/budget2018-2019/economicsurvey2017-2018/index.html,https://www.indiabudget.gov.in/budget2018-2019/economicsurvey2017-2018/appendixPDF/tab2.3.pdf,tab2.3.pdf,english
2017-2018,https://www.indiabudget.gov.in/budget2018-2019/economicsurvey2017-2018/index.html,https://www.indiabudget.gov.in/budget2018-2019/economicsurvey2017-2018/appendixPDF/tab1.24.pdf,tab1.24.pdf,english
2017-2018,https://www.indiabudget.gov.in/budget2018-2019/economicsurvey2017-2018/index.html,https://www.indiabudget.gov.in/budget2018-2019/economicsurvey2017-2018/appendixPDF/tab2.5.pdf,tab2.5.pdf,english
2017-2018,https://www.indiabudget.gov.in/budget2018-2019/economicsurvey2017-2018/index.html,https://www.indiabudget.gov.in/budget2018-2019/economicsurvey2017-2018/appendixPDF/tab1.26.pdf,tab1.26.pdf,english
2017-2018,https://www.indiabudget.gov.in/budget2018-2019/economicsurvey2017-2018/index.html,https://www.indiabudget.gov.in/budget2018-2019/economicsurvey2017-2018/appendixPDF/tab2.7.pdf,tab2.7.pdf,english
2017-2018,https://www.indiabudget.gov.in/budget2018-2019/economicsurvey2017-2018/index.html,https://www.indiabudget.gov.in/budget2018-2019/economicsurvey2017-2018/appendixPDF/tab2.8.pdf,tab2.8.pdf,english
2017-2018,https://www.indiabudget.gov.in/budget2018-2019/economicsurvey2017-2018/index.html,https://www.indiabudget.gov.in/budget2018-2019/economicsurvey2017-2018/appendixPDF/tab2.9.pdf,tab2.9.pdf,english
2017-2018,https://www.indiabudget.gov.in/budget2018-2019/economicsurvey2017-2018/index.html,https://www.indiabudget.gov.in/budget2018-2019/economicsurvey2017-2018/appendixPDF/tab2.10.pdf,tab2.10.pdf,english
2017-2018,https://www.indiabudget.gov.in/budget2018-2019/economicsurvey2017-2018/index.html,https://www.indiabudget.gov.in/budget2018-2019/economicsurvey2017-2018/appendixPDF/tab3.1.pdf,tab3.1.pdf,english
2017-2018,https://www.indiabudget.gov.in/budget2018-2019/economicsurvey2017-2018/index.html,https://www.indiabudget.gov.in/budget2018-2019/economicsurvey2017-2018/appendixPDF/tab3.2.pdf,tab3.2.pdf,english
2017-2018,https://www.indiabudget.gov.in/budget2018-2019/economicsurvey2017-2018/index.html,https://www.indiabudget.gov.in/budget2018-2019/economicsurvey2017-2018/appendixPDF/tab4.1.pdf,tab4.1.pdf,english
2017-2018,https://www.indiabudget.gov.in/budget2018-2019/economicsurvey2017-2018/index.html,https://www.indiabudget.gov.in/budget2018-2019/economicsurvey2017-2018/appendixPDF/tab4.2.pdf,tab4.2.pdf,english
2017-2018,https://www.indiabudget.gov.in/budget2018-2019/economicsurvey2017-2018/index.html,https://www.indiabudget.gov.in/budget2018-2019/economicsurvey2017-2018/appendixPDF/tab4.3.pdf,tab4.3.pdf,english
2017-2018,https://www.indiabudget.gov.in/budget2018-2019/economicsurvey2017-2018/index.html,https://www.indiabudget.gov.in/budget2018-2019/economicsurvey2017-2018/appendixPDF/tab4.4.pdf,tab4.4.pdf,english
2017-2018,https://www.indiabudget.gov.in/budget2018-2019/economicsurvey2017-2018/index.html,https://www.indiabudget.gov.in/budget2018-2019/economicsurvey2017-2018/appendixPDF/tab4.5.pdf,tab4.5.pdf,english
2017-2018,https://www.indiabudget.gov.in/budget2018-2019/economicsurvey2017-2018/index.html,https://www.indiabudget.gov.in/budget2018-2019/economicsurvey2017-2018/appendixPDF/tab5.1.pdf,tab5.1.pdf,english
2017-2018,https://www.indiabudget.gov.in/budget2018-2019/economicsurvey2017-2018/index.html,https://www.indiabudget.gov.in/budget2018-2019/economicsurvey2017-2018/appendixPDF/tab5.2.pdf,tab5.2.pdf,english
2017-2018,https://www.indiabudget.gov.in/budget2018-2019/economicsurvey2017-2018/index.html,https://www.indiabudget.gov.in/budget2018-2019/economicsurvey2017-2018/appendixPDF/tab5.3.pdf,tab5.3.pdf,english
2017-2018,https://www.indiabudget.gov.in/budget2018-2019/economicsurvey2017-2018/index.html,https://www.indiabudget.gov.in/budget2018-2019/economicsurvey2017-2018/appendixPDF/tab5.4.pdf,tab5.4.pdf,english
2017-2018,https://www.indiabudget.gov.in/budget2018-2019/economicsurvey2017-2018/index.html,https://www.indiabudget.gov.in/budget2018-2019/economicsurvey2017-2018/appendixPDF/tab5.5.pdf,tab5.5.pdf,english
2017-2018,https://www.indiabudget.gov.in/budget2018-2019/economicsurvey2017-2018/index.html,https://www.indiabudget.gov.in/budget2018-2019/economicsurvey2017-2018/appendixPDF/tab6.1A.pdf,tab6.1A.pdf,english
2017-2018,https://www.indiabudget.gov.in/budget2018-2019/economicsurvey2017-2018/index.html,https://www.indiabudget.gov.in/budget2018-2019/economicsurvey2017-2018/appendixPDF/tab6.1B.pdf,tab6.1B.pdf,english
2017-2018,https://www.indiabudget.gov.in/budget2018-2019/economicsurvey2017-2018/index.html,https://www.indiabudget.gov.in/budget2018-2019/economicsurvey2017-2018/appendixPDF/tab6.2.pdf,tab6.2.pdf,english
2017-2018,https://www.indiabudget.gov.in/budget2018-2019/economicsurvey2017-2018/index.html,https://www.indiabudget.gov.in/budget2018-2019/economicsurvey2017-2018/appendixPDF/tab6.3A.pdf,tab6.3A.pdf,english
2017-2018,https://www.indiabudget.gov.in/budget2018-2019/economicsurvey2017-2018/index.html,https://www.indiabudget.gov.in/budget2018-2019/economicsurvey2017-2018/appendixPDF/tab6.3B.pdf,tab6.3B.pdf,english
2017-2018,https://www.indiabudget.gov.in/budget2018-2019/economicsurvey2017-2018/index.html,https://www.indiabudget.gov.in/budget2018-2019/economicsurvey2017-2018/appendixPDF/tab6.4.pdf,tab6.4.pdf,english
2017-2018,https://www.indiabudget.gov.in/budget2018-2019/economicsurvey2017-2018/index.html,https://www.indiabudget.gov.in/budget2018-2019/economicsurvey2017-2018/appendixPDF/tab6.5.pdf,tab6.5.pdf,english
2017-2018,https://www.indiabudget.gov.in/budget2018-2019/economicsurvey2017-2018/index.html,https://www.indiabudget.gov.in/budget2018-2019/economicsurvey2017-2018/appendixPDF/tab7.1A.pdf,tab7.1A.pdf,english
2017-2018,https://www.indiabudget.gov.in/budget2018-2019/economicsurvey2017-2018/index.html,https://www.indiabudget.gov.in/budget2018-2019/economicsurvey2017-2018/appendixPDF/tab7.1B.pdf,tab7.1B.pdf,english
2017-2018,https://www.indiabudget.gov.in/budget2018-2019/economicsurvey2017-2018/index.html,https://www.indiabudget.gov.in/budget2018-2019/economicsurvey2017-2018/appendixPDF/tab7.2A.pdf,tab7.2A.pdf,english
2017-2018,https://www.indiabudget.gov.in/budget2018-2019/economicsurvey2017-2018/index.html,https://www.indiabudget.gov.in/budget2018-2019/economicsurvey2017-2018/appendixPDF/tab7.2B.pdf,tab7.2B.pdf,english
2017-2018,https://www.indiabudget.gov.in/budget2018-2019/economicsurvey2017-2018/index.html,https://www.indiabudget.gov.in/budget2018-2019/economicsurvey2017-2018/appendixPDF/tab7.3A.pdf,tab7.3A.pdf,english
2017-2018,https://www.indiabudget.gov.in/budget2018-2019/economicsurvey2017-2018/index.html,https://www.indiabudget.gov.in/budget2018-2019/economicsurvey2017-2018/appendixPDF/tab7.3B.pdf,tab7.3B.pdf,english
2017-2018,https://www.indiabudget.gov.in/budget2018-2019/economicsurvey2017-2018/index.html,https://www.indiabudget.gov.in/budget2018-2019/economicsurvey2017-2018/appendixPDF/tab7.4A.pdf,tab7.4A.pdf,english
2017-2018,https://www.indiabudget.gov.in/budget2018-2019/economicsurvey2017-2018/index.html,https://www.indiabudget.gov.in/budget2018-2019/economicsurvey2017-2018/appendixPDF/tab7.4B.pdf,tab7.4B.pdf,english
2017-2018,https://www.indiabudget.gov.in/budget2018-2019/economicsurvey2017-2018/index.html,https://www.indiabudget.gov.in/budget2018-2019/economicsurvey2017-2018/appendixPDF/tab7.5.pdf,tab7.5.pdf,english
2017-2018,https://www.indiabudget.gov.in/budget2018-2019/economicsurvey2017-2018/index.html,https://www.indiabudget.gov.in/budget2018-2019/economicsurvey2017-2018/appendixPDF/tab7.6.pdf,tab7.6.pdf,english
2017-2018,https://www.indiabudget.gov.in/budget2018-2019/economicsurvey2017-2018/index.html,https://www.indiabudget.gov.in/budget2018-2019/economicsurvey2017-2018/appendixPDF/tab8.1A.pdf,tab8.1A.pdf,english
2017-2018,https://www.indiabudget.gov.in/budget2018-2019/economicsurvey2017-2018/index.html,https://www.indiabudget.gov.in/budget2018-2019/economicsurvey2017-2018/appendixPDF/tab8.1B.pdf,tab8.1B.pdf,english
2017-2018,https://www.indiabudget.gov.in/budget2018-2019/economicsurvey2017-2018/index.html,https://www.indiabudget.gov.in/budget2018-2019/economicsurvey2017-2018/appendixPDF/tab8.2A.pdf,tab8.2A.pdf,english
2017-2018,https://www.indiabudget.gov.in/budget2018-2019/economicsurvey2017-2018/index.html,https://www.indiabudget.gov.in/budget2018-2019/economicsurvey2017-2018/appendixPDF/tab8.2B.pdf,tab8.2B.pdf,english
2017-2018,https://www.indiabudget.gov.in/budget2018-2019/economicsurvey2017-2018/index.html,https://www.indiabudget.gov.in/budget2018-2019/economicsurvey2017-2018/appendixPDF/tab8.3A.pdf,tab8.3A.pdf,english
2017-2018,https://www.indiabudget.gov.in/budget2018-2019/economicsurvey2017-2018/index.html,https://www.indiabudget.gov.in/budget2018-2019/economicsurvey2017-2018/appendixPDF/tab8.3B.pdf,tab8.3B.pdf,english
2017-2018,https://www.indiabudget.gov.in/budget2018-2019/economicsurvey2017-2018/index.html,https://www.indiabudget.gov.in/budget2018-2019/economicsurvey2017-2018/appendixPDF/tab8.4A.pdf,tab8.4A.pdf,english
2017-2018,https://www.indiabudget.gov.in/budget2018-2019/economicsurvey2017-2018/index.html,https://www.indiabudget.gov.in/budget2018-2019/economicsurvey2017-2018/appendixPDF/tab8.4B.pdf,tab8.4B.pdf,english
2017-2018,https://www.indiabudget.gov.in/budget2018-2019/economicsurvey2017-2018/index.html,https://www.indiabudget.gov.in/budget2018-2019/economicsurvey2017-2018/appendixPDF/tab9.1.pdf,tab9.1.pdf,english
2017-2018,https://www.indiabudget.gov.in/budget2018-2019/economicsurvey2017-2018/index.html,https://www.indiabudget.gov.in/budget2018-2019/economicsurvey2017-2018/appendixPDF/tab9.2.pdf,tab9.2.pdf,english
2017-2018,https://www.indiabudget.gov.in/budget2018-2019/economicsurvey2017-2018/index.html,https://www.indiabudget.gov.in/budget2018-2019/economicsurvey2017-2018/appendixPDF/tab9.3.pdf,tab9.3.pdf,english
2017-2018,https://www.indiabudget.gov.in/budget2018-2019/economicsurvey2017-2018/index.html,https://www.indiabudget.gov.in/budget2018-2019/economicsurvey2017-2018/appendixPDF/tab9.4.pdf,tab9.4.pdf,english
2017-2018,https://www.indiabudget.gov.in/budget2018-2019/economicsurvey2017-2018/index.html,https://www.indiabudget.gov.in/budget2018-2019/economicsurvey2017-2018/appendixPDF/tab9.5.pdf,tab9.5.pdf,english
2017-2018,https://www.indiabudget.gov.in/budget2018-2019/economicsurvey2017-2018/index.html,https://www.indiabudget.gov.in/budget2018-2019/economicsurvey2017-2018/appendixPDF/tab9.6.pdf,tab9.6.pdf,english
2017-2018,https://www.indiabudget.gov.in/budget2018-2019/economicsurvey2017-2018/index.html,https://www.indiabudget.gov.in/budget2018-2019/economicsurvey2017-2018/appendixPDF/tab9.7.pdf,tab9.7.pdf,english
2017-2018,https://www.indiabudget.gov.in/budget2018-2019/economicsurvey2017-2018/index.html,https://www.indiabudget.gov.in/budget2018-2019/economicsurvey2017-2018/appendixPDF/tab9.8.pdf,tab9.8.pdf,english
2017-2018,https://www.indiabudget.gov.in/budget2018-2019/economicsurvey2017-2018/index.html,https://www.indiabudget.gov.in/budget2018-2019/economicsurvey2017-2018/hindi-Vol-I/Preface-I-XIII.pdf,Preface-I-XIII.pdf,hindi
2017-2018,https://www.indiabudget.gov.in/budget2018-2019/economicsurvey2017-2018/index.html,https://www.indiabudget.gov.in/budget2018-2019/economicsurvey2017-2018/hindi-Vol-I/001-031-Chapter-01-Vol-01-2017-18.pdf,001-031-Chapter-01-Vol-01-2017-18.pdf,hindi
2017-2018,https://www.indiabudget.gov.in/budget2018-2019/economicsurvey2017-2018/index.html,https://www.indiabudget.gov.in/budget2018-2019/economicsurvey2017-2018/hindi-Vol-I/032-042-Chapter-02-Vol-01-2017-18.pdf,032-042-Chapter-02-Vol-01-2017-18.pdf,hindi
2017-2018,https://www.indiabudget.gov.in/budget2018-2019/economicsurvey2017-2018/index.html,https://www.indiabudget.gov.in/budget2018-2019/economicsurvey2017-2018/hindi-Vol-I/043-054-Chapter-03-Vol-01-2017-18.pdf,043-054-Chapter-03-Vol-01-2017-18.pdf,hindi
2017-2018,https://www.indiabudget.gov.in/budget2018-2019/economicsurvey2017-2018/index.html,https://www.indiabudget.gov.in/budget2018-2019/economicsurvey2017-2018/hindi-Vol-I/055-067-Chapter-04-Vol-01-2017-18.pdf,055-067-Chapter-04-Vol-01-2017-18.pdf,hindi
2017-2018,https://www.indiabudget.gov.in/budget2018-2019/economicsurvey2017-2018/index.html,https://www.indiabudget.gov.in/budget2018-2019/economicsurvey2017-2018/hindi-Vol-I/068-081-Chapter-05-Vol-01-2017-18.pdf,068-081-Chapter-05-Vol-01-2017-18.pdf,hindi
2017-2018,https://www.indiabudget.gov.in/budget2018-2019/economicsurvey2017-2018/index.html,https://www.indiabudget.gov.in/budget2018-2019/economicsurvey2017-2018/hindi-Vol-I/082-101-Chapter-06-Vol-01-2017-18.pdf,082-101-Chapter-06-Vol-01-2017-18.pdf,hindi
2017-2018,https://www.indiabudget.gov.in/budget2018-2019/economicsurvey2017-2018/index.html,https://www.indiabudget.gov.in/budget2018-2019/economicsurvey2017-2018/hindi-Vol-I/102-118-Chapter-07-Vol-01-2017-18.pdf,102-118-Chapter-07-Vol-01-2017-18.pdf,hindi
2017-2018,https://www.indiabudget.gov.in/budget2018-2019/economicsurvey2017-2018/index.html,https://www.indiabudget.gov.in/budget2018-2019/economicsurvey2017-2018/hindi-Vol-I/119-130-Chapter-08-Vol-01-2017-18.pdf,119-130-Chapter-08-Vol-01-2017-18.pdf,hindi
2017-2018,https://www.indiabudget.gov.in/budget2018-2019/economicsurvey2017-2018/index.html,https://www.indiabudget.gov.in/budget2018-2019/economicsurvey2017-2018/hindi-Vol-I/131-144-Chapter-09-Vol-01-2017-18.pdf,131-144-Chapter-09-Vol-01-2017-18.pdf,hindi
2017-2018,https://www.indiabudget.gov.in/budget2018-2019/economicsurvey2017-2018/index.html,https://www.indiabudget.gov.in/budget2018-2019/economicsurvey2017-2018/hindi-Vol-I/Annex-Vol-1.pdf,Annex-Vol-1.pdf,hindi
2017-2018,https://www.indiabudget.gov.in/budget2018-2019/economicsurvey2017-2018/index.html,https://www.indiabudget.gov.in/budget2018-2019/economicsurvey2017-2018/hindi-Vol-II/000-Preface-2017-18-Vol-2-HINDI.pdf,000-Preface-2017-18-Vol-2-HINDI.pdf,hindi
2017-2018,https://www.indiabudget.gov.in/budget2018-2019/economicsurvey2017-2018/index.html,https://www.indiabudget.gov.in/budget2018-2019/economicsurvey2017-2018/hindi-Vol-II/001-027-Chapter-1-Vol-2-HINDI.pdf,001-027-Chapter-1-Vol-2-HINDI.pdf,hindi
2017-2018,https://www.indiabudget.gov.in/budget2018-2019/economicsurvey2017-2018/index.html,https://www.indiabudget.gov.in/budget2018-2019/economicsurvey2017-2018/hindi-Vol-II/028-043-Chapter-2-Vol-2-HINDI.pdf,028-043-Chapter-2-Vol-2-HINDI.pdf,hindi
2017-2018,https://www.indiabudget.gov.in/budget2018-2019/economicsurvey2017-2018/index.html,https://www.indiabudget.gov.in/budget2018-2019/economicsurvey2017-2018/hindi-Vol-II/044-055-Chapter-3-Vol-2-HINDI.pdf,044-055-Chapter-3-Vol-2-HINDI.pdf,hindi
2017-2018,https://www.indiabudget.gov.in/budget2018-2019/economicsurvey2017-2018/index.html,https://www.indiabudget.gov.in/budget2018-2019/economicsurvey2017-2018/hindi-Vol-II/056-068-Chapter-4-Vol 2-HINDI.pdf,056-068-Chapter-4-Vol 2-HINDI.pdf,hindi
2017-2018,https://www.indiabudget.gov.in/budget2018-2019/economicsurvey2017-2018/index.html,https://www.indiabudget.gov.in/budget2018-2019/economicsurvey2017-2018/hindi-Vol-II/069-080-Chapter-5-Vol-2-HINDI.pdf,069-080-Chapter-5-Vol-2-HINDI.pdf,hindi
2017-2018,https://www.indiabudget.gov.in/budget2018-2019/economicsurvey2017-2018/index.html,https://www.indiabudget.gov.in/budget2018-2019/economicsurvey2017-2018/hindi-Vol-II/081-099-Chapter-6-Vol-2-HINDI.pdf,081-099-Chapter-6-Vol-2-HINDI.pdf,hindi
2017-2018,https://www.indiabudget.gov.in/budget2018-2019/economicsurvey2017-2018/index.html,https://www.indiabudget.gov.in/budget2018-2019/economicsurvey2017-2018/hindi-Vol-II/100-120-Chapter-7-Vol-2-HINDI.pdf,100-120-Chapter-7-Vol-2-HINDI.pdf,hindi
2017-2018,https://www.indiabudget.gov.in/budget2018-2019/economicsurvey2017-2018/index.html,https://www.indiabudget.gov.in/budget2018-2019/economicsurvey2017-2018/hindi-Vol-II/121-152-Chapter-8-Vol-2-HINDI.pdf,121-152-Chapter-8-Vol-2-HINDI.pdf,hindi
2017-2018,https://www.indiabudget.gov.in/budget2018-2019/economicsurvey2017-2018/index.html,https://www.indiabudget.gov.in/budget2018-2019/economicsurvey2017-2018/hindi-Vol-II/153-167-Chapter-9-Vol-2-HINDI.pdf,153-167-Chapter-9-Vol-2-HINDI.pdf,hindi
2017-2018,https://www.indiabudget.gov.in/budget2018-2019/economicsurvey2017-2018/index.html,https://www.indiabudget.gov.in/budget2018-2019/economicsurvey2017-2018/hindi-Vol-II/168-186-Chapter-10-Vol-2-HINDI.pdf,168-186-Chapter-10-Vol-2-HINDI.pdf,hindi
2017-2018,https://www.indiabudget.gov.in/budget2018-2019/economicsurvey2017-2018/index.html,https://www.indiabudget.gov.in/budget2018-2019/economicsurvey2017-2018/hindi-Vol-II/Statistical-Appendix-in-Hindi.pdf,Statistical-Appendix-in-Hindi.pdf,hindi
2016-2017,https://www.indiabudget.gov.in/budget2017-2018/survey.asp,https://www.indiabudget.gov.in/budget2017-2018/es2016-17/echapter_vol2.pdf,echapter_vol2.pdf,english
2016-2017,https://www.indiabudget.gov.in/budget2017-2018/survey.asp,https://www.indiabudget.gov.in/budget2017-2018/es2016-17/estatvol2.pdf,estatvol2.pdf,english
2016-2017,https://www.indiabudget.gov.in/budget2017-2018/survey.asp,https://www.indiabudget.gov.in/budget2017-2018/es2016-17/echapter.pdf,echapter.pdf,english
2015-2016,https://www.indiabudget.gov.in/budget2016-2017/survey.asp,https://www.indiabudget.gov.in/budget2016-2017/es2014-15/vol1_corrigendaEnglish.pdf,vol1_corrigendaEnglish.pdf,english
2015-2016,https://www.indiabudget.gov.in/budget2016-2017/survey.asp,https://www.indiabudget.gov.in/budget2016-2017/es2014-15/vol2_corrigendaEnglish.pdf,vol2_corrigendaEnglish.pdf,english
2015-2016,https://www.indiabudget.gov.in/budget2016-2017/survey.asp,https://www.indiabudget.gov.in/budget2016-2017/es2015-16/estat1.pdf,estat1.pdf,english
2015-2016,https://www.indiabudget.gov.in/budget2016-2017/survey.asp,https://www.indiabudget.gov.in/budget2016-2017/es2015-16/echapter-vol1.pdf,echapter-vol1.pdf,english
2015-2016,https://www.indiabudget.gov.in/budget2016-2017/survey.asp,https://www.indiabudget.gov.in/budget2016-2017/es2015-16/echapter-vol2.pdf,echapter-vol2.pdf,english
2014-2015,https://www.indiabudget.gov.in/budget2015-2016/survey.asp,https://www.indiabudget.gov.in/budget2015-2016/es2014-15/vol1_corrigendaEnglish.pdf,vol1_corrigendaEnglish.pdf,english
2014-2015,https://www.indiabudget.gov.in/budget2015-2016/survey.asp,https://www.indiabudget.gov.in/budget2015-2016/es2014-15/vol2_corrigendaEnglish.pdf,vol2_corrigendaEnglish.pdf,english
2014-2015,https://www.indiabudget.gov.in/budget2015-2016/survey.asp,https://www.indiabudget.gov.in/budget2015-2016/es2014-15/estat1.pdf,estat1.pdf,english
2014-2015,https://www.indiabudget.gov.in/budget2015-2016/survey.asp,https://www.indiabudget.gov.in/budget2015-2016/es2014-15/echapter-vol1.pdf,echapter-vol1.pdf,english
2014-2015,https://www.indiabudget.gov.in/budget2015-2016/survey.asp,https://www.indiabudget.gov.in/budget2015-2016/es2014-15/echapter-vol2.pdf,echapter-vol2.pdf,english
2013-2014,https://www.indiabudget.gov.in/budget2014-2015/survey.asp,https://www.indiabudget.gov.in/budget2014-2015/es2013-14/echap-01.pdf,echap-01.pdf,english
2013-2014,https://www.indiabudget.gov.in/budget2014-2015/survey.asp,https://www.indiabudget.gov.in/budget2014-2015/es2013-14/echap-02.pdf,echap-02.pdf,english
2013-2014,https://www.indiabudget.gov.in/budget2014-2015/survey.asp,https://www.indiabudget.gov.in/budget2014-2015/es2013-14/echap-03.pdf,echap-03.pdf,english
2013-2014,https://www.indiabudget.gov.in/budget2014-2015/survey.asp,https://www.indiabudget.gov.in/budget2014-2015/es2013-14/echap-04.pdf,echap-04.pdf,english
2013-2014,https://www.indiabudget.gov.in/budget2014-2015/survey.asp,https://www.indiabudget.gov.in/budget2014-2015/es2013-14/echap-05.pdf,echap-05.pdf,english
2013-2014,https://www.indiabudget.gov.in/budget2014-2015/survey.asp,https://www.indiabudget.gov.in/budget2014-2015/es2013-14/echap-06.pdf,echap-06.pdf,english
2013-2014,https://www.indiabudget.gov.in/budget2014-2015/survey.asp,https://www.indiabudget.gov.in/budget2014-2015/es2013-14/echap-07.pdf,echap-07.pdf,english
2013-2014,https://www.indiabudget.gov.in/budget2014-2015/survey.asp,https://www.indiabudget.gov.in/budget2014-2015/es2013-14/echap-08.pdf,echap-08.pdf,english
2013-2014,https://www.indiabudget.gov.in/budget2014-2015/survey.asp,https://www.indiabudget.gov.in/budget2014-2015/es2013-14/echap-09.pdf,echap-09.pdf,english
2013-2014,https://www.indiabudget.gov.in/budget2014-2015/survey.asp,https://www.indiabudget.gov.in/budget2014-2015/es2013-14/echap-10.pdf,echap-10.pdf,english
2013-2014,https://www.indiabudget.gov.in/budget2014-2015/survey.asp,https://www.indiabudget.gov.in/budget2014-2015/es2013-14/echap-11.pdf,echap-11.pdf,english
2013-2014,https://www.indiabudget.gov.in/budget2014-2015/survey.asp,https://www.indiabudget.gov.in/budget2014-2015/es2013-14/echap-12.pdf,echap-12.pdf,english
2013-2014,https://www.indiabudget.gov.in/budget2014-2015/survey.asp,https://www.indiabudget.gov.in/budget2014-2015/es2013-14/echap-13.pdf,echap-13.pdf,english
2013-2014,https://www.indiabudget.gov.in/budget2014-2015/survey.asp,https://www.indiabudget.gov.in/budget2014-2015/es2013-14/estat1.pdf,estat1.pdf,english
2012-2013,https://www.indiabudget.gov.in/budget2013-2014/survey.asp,https://www.indiabudget.gov.in/budget2013-2014/es2012-13/echap-01.pdf,echap-01.pdf,english
2012-2013,https://www.indiabudget.gov.in/budget2013-2014/survey.asp,https://www.indiabudget.gov.in/budget2013-2014/es2012-13/echap-02.pdf,echap-02.pdf,english
2012-2013,https://www.indiabudget.gov.in/budget2013-2014/survey.asp,https://www.indiabudget.gov.in/budget2013-2014/es2012-13/echap-03.pdf,echap-03.pdf,english
2012-2013,https://www.indiabudget.gov.in/budget2013-2014/survey.asp,https://www.indiabudget.gov.in/budget2013-2014/es2012-13/echap-04.pdf,echap-04.pdf,english
2012-2013,https://www.indiabudget.gov.in/budget2013-2014/survey.asp,https://www.indiabudget.gov.in/budget2013-2014/es2012-13/echap-05.pdf,echap-05.pdf,english
2012-2013,https://www.indiabudget.gov.in/budget2013-2014/survey.asp,https://www.indiabudget.gov.in/budget2013-2014/es2012-13/echap-06.pdf,echap-06.pdf,english
2012-2013,https://www.indiabudget.gov.in/budget2013-2014/survey.asp,https://www.indiabudget.gov.in/budget2013-2014/es2012-13/echap-07.pdf,echap-07.pdf,english
2012-2013,https://www.indiabudget.gov.in/budget2013-2014/survey.asp,https://www.indiabudget.gov.in/budget2013-2014/es2012-13/echap-08.pdf,echap-08.pdf,english
2012-2013,https://www.indiabudget.gov.in/budget2013-2014/survey.asp,https://www.indiabudget.gov.in/budget2013-2014/es2012-13/echap-09.pdf,echap-09.pdf,english
2012-2013,https://www.indiabudget.gov.in/budget2013-2014/survey.asp,https://www.indiabudget.gov.in/budget2013-2014/es2012-13/echap-10.pdf,echap-10.pdf,english
2012-2013,https://www.indiabudget.gov.in/budget2013-2014/survey.asp,https://www.indiabudget.gov.in/budget2013-2014/es2012-13/echap-11.pdf,echap-11.pdf,english
2012-2013,https://www.indiabudget.gov.in/budget2013-2014/survey.asp,https://www.indiabudget.gov.in/budget2013-2014/es2012-13/echap-12.pdf,echap-12.pdf,english
2012-2013,https://www.indiabudget.gov.in/budget2013-2014/survey.asp,https://www.indiabudget.gov.in/budget2013-2014/es2012-13/echap-13.pdf,echap-13.pdf,english
2012-2013,https://www.indiabudget.gov.in/budget2013-2014/survey.asp,https://www.indiabudget.gov.in/budget2013-2014/es2012-13/estat1.pdf,estat1.pdf,english
2011-2012,https://www.indiabudget.gov.in/budget2012-2013/survey.asp,https://www.indiabudget.gov.in/budget2012-2013/es2011-12/echap-01.pdf,echap-01.pdf,english
2011-2012,https://www.indiabudget.gov.in/budget2012-2013/survey.asp,https://www.indiabudget.gov.in/budget2012-2013/es2011-12/echap-02.pdf,echap-02.pdf,english
2011-2012,https://www.indiabudget.gov.in/budget2012-2013/survey.asp,https://www.indiabudget.gov.in/budget2012-2013/es2011-12/echap-03.pdf,echap-03.pdf,english
2011-2012,https://www.indiabudget.gov.in/budget2012-2013/survey.asp,https://www.indiabudget.gov.in/budget2012-2013/es2011-12/echap-04.pdf,echap-04.pdf,english
2011-2012,https://www.indiabudget.gov.in/budget2012-2013/survey.asp,https://www.indiabudget.gov.in/budget2012-2013/es2011-12/echap-05.pdf,echap-05.pdf,english
2011-2012,https://www.indiabudget.gov.in/budget2012-2013/survey.asp,https://www.indiabudget.gov.in/budget2012-2013/es2011-12/echap-06.pdf,echap-06.pdf,english
2011-2012,https://www.indiabudget.gov.in/budget2012-2013/survey.asp,https://www.indiabudget.gov.in/budget2012-2013/es2011-12/echap-07.pdf,echap-07.pdf,english
2011-2012,https://www.indiabudget.gov.in/budget2012-2013/survey.asp,https://www.indiabudget.gov.in/budget2012-2013/es2011-12/echap-08.pdf,echap-08.pdf,english
2011-2012,https://www.indiabudget.gov.in/budget2012-2013/survey.asp,https://www.indiabudget.gov.in/budget2012-2013/es2011-12/echap-09.pdf,echap-09.pdf,english
2011-2012,https://www.indiabudget.gov.in/budget2012-2013/survey.asp,https://www.indiabudget.gov.in/budget2012-2013/es2011-12/echap-10.pdf,echap-10.pdf,english
2011-2012,https://www.indiabudget.gov.in/budget2012-2013/survey.asp,https://www.indiabudget.gov.in/budget2012-2013/es2011-12/echap-11.pdf,echap-11.pdf,english
2011-2012,https://www.indiabudget.gov.in/budget2012-2013/survey.asp,https://www.indiabudget.gov.in/budget2012-2013/es2011-12/echap-12.pdf,echap-12.pdf,english
2011-2012,https://www.indiabudget.gov.in/budget2012-2013/survey.asp,https://www.indiabudget.gov.in/budget2012-2013/es2011-12/echap-13.pdf,echap-13.pdf,english
2011-2012,https://www.indiabudget.gov.in/budget2012-2013/survey.asp,https://www.indiabudget.gov.in/budget2012-2013/es2011-12/echap-14.pdf,echap-14.pdf,english
2011-2012,https://www.indiabudget.gov.in/budget2012-2013/survey.asp,https://www.indiabudget.gov.in/budget2012-2013/es2011-12/estat1.pdf,estat1.pdf,english
2010-2011,https://www.indiabudget.gov.in/budget2011-2012/survey.asp,https://www.indiabudget.gov.in/budget2011-2012/es2010-11/echap-01.pdf,echap-01.pdf,english
2010-2011,https://www.indiabudget.gov.in/budget2011-2012/survey.asp,https://www.indiabudget.gov.in/budget2011-2012/es2010-11/echap-02.pdf,echap-02.pdf,english
2010-2011,https://www.indiabudget.gov.in/budget2011-2012/survey.asp,https://www.indiabudget.gov.in/budget2011-2012/es2010-11/echap-03.pdf,echap-03.pdf,english
2010-2011,https://www.indiabudget.gov.in/budget2011-2012/survey.asp,https://www.indiabudget.gov.in/budget2011-2012/es2010-11/echap-04.pdf,echap-04.pdf,english
2010-2011,https://www.indiabudget.gov.in/budget2011-2012/survey.asp,https://www.indiabudget.gov.in/budget2011-2012/es2010-11/echap-05.pdf,echap-05.pdf,english
2010-2011,https://www.indiabudget.gov.in/budget2011-2012/survey.asp,https://www.indiabudget.gov.in/budget2011-2012/es2010-11/echap-06.pdf,echap-06.pdf,english
2010-2011,https://www.indiabudget.gov.in/budget2011-2012/survey.asp,https://www.indiabudget.gov.in/budget2011-2012/es2010-11/echap-07.pdf,echap-07.pdf,english
2010-2011,https://www.indiabudget.gov.in/budget2011-2012/survey.asp,https://www.indiabudget.gov.in/budget2011-2012/es2010-11/echap-08.pdf,echap-08.pdf,english
2010-2011,https://www.indiabudget.gov.in/budget2011-2012/survey.asp,https://www.indiabudget.gov.in/budget2011-2012/es2010-11/echap-09.pdf,echap-09.pdf,english
2010-2011,https://www.indiabudget.gov.in/budget2011-2012/survey.asp,https://www.indiabudget.gov.in/budget2011-2012/es2010-11/echap-10.pdf,echap-10.pdf,english
2010-2011,https://www.indiabudget.gov.in/budget2011-2012/survey.asp,https://www.indiabudget.gov.in/budget2011-2012/es2010-11/echap-11.pdf,echap-11.pdf,english
2010-2011,https://www.indiabudget.gov.in/budget2011-2012/survey.asp,https://www.indiabudget.gov.in/budget2011-2012/es2010-11/echap-12.pdf,echap-12.pdf,english
2010-2011,https://www.indiabudget.gov.in/budget2011-2012/survey.asp,https://www.indiabudget.gov.in/budget2011-2012/es2010-11/estat1.pdf,estat1.pdf,english
2009-2010,https://www.indiabudget.gov.in/budget_archive/es2009-10/esmain.htm,https://www.indiabudget.gov.in/budget_archive/es2009-10/chapt2010/chapter01.pdf,chapter01.pdf,english
2009-2010,https://www.indiabudget.gov.in/budget_archive/es2009-10/esmain.htm,https://www.indiabudget.gov.in/budget_archive/es2009-10/chapt2010/chapter02.pdf,chapter02.pdf,english
2009-2010,https://www.indiabudget.gov.in/budget_archive/es2009-10/esmain.htm,https://www.indiabudget.gov.in/budget_archive/es2009-10/chapt2010/chapter03.pdf,chapter03.pdf,english
2009-2010,https://www.indiabudget.gov.in/budget_archive/es2009-10/esmain.htm,https://www.indiabudget.gov.in/budget_archive/es2009-10/chapt2010/chapter04.pdf,chapter04.pdf,english
2009-2010,https://www.indiabudget.gov.in/budget_archive/es2009-10/esmain.htm,https://www.indiabudget.gov.in/budget_archive/es2009-10/chapt2010/chapter05.pdf,chapter05.pdf,english
2009-2010,https://www.indiabudget.gov.in/budget_archive/es2009-10/esmain.htm,https://www.indiabudget.gov.in/budget_archive/es2009-10/chapt2010/chapter06.pdf,chapter06.pdf,english
2009-2010,https://www.indiabudget.gov.in/budget_archive/es2009-10/esmain.htm,https://www.indiabudget.gov.in/budget_archive/es2009-10/chapt2010/chapter07.pdf,chapter07.pdf,english
2009-2010,https://www.indiabudget.gov.in/budget_archive/es2009-10/esmain.htm,https://www.indiabudget.gov.in/budget_archive/es2009-10/chapt2010/chapter08.pdf,chapter08.pdf,english
2009-2010,https://www.indiabudget.gov.in/budget_archive/es2009-10/esmain.htm,https://www.indiabudget.gov.in/budget_archive/es2009-10/chapt2010/chapter09.pdf,chapter09.pdf,english
2009-2010,https://www.indiabudget.gov.in/budget_archive/es2009-10/esmain.htm,https://www.indiabudget.gov.in/budget_archive/es2009-10/chapt2010/chapter10.pdf,chapter10.pdf,english
2009-2010,https://www.indiabudget.gov.in/budget_archive/es2009-10/esmain.htm,https://www.indiabudget.gov.in/budget_archive/es2009-10/chapt2010/chapter11.pdf,chapter11.pdf,english
2008-2009,https://www.indiabudget.gov.in/budget_archive/es2008-09/esmain.htm,,,none
2007-2008,https://www.indiabudget.gov.in/budget_archive/es2007-08/esmain.htm,,,none
2006-2007,https://www.indiabudget.gov.in/budget_archive/es2006-07/esmain.htm,,,none
2005-2006,https://www.indiabudget.gov.in/budget_archive/es2005-06/esmain.htm,,,none
2004-2005,https://www.indiabudget.gov.in/budget_archive/es2004-05/esmain.htm,,,none
2003-2004,https://www.indiabudget.gov.in/budget_archive/es2003-04/esmain.htm,,,none
2002-2003,https://www.indiabudget.gov.in/budget_archive/es2002-03/esmain.htm,,,none
2001-2002,https://www.indiabudget.gov.in/budget_archive/es2001-02/welcome.html,,,none
2000-2001,https://www.indiabudget.gov.in/budget_archive/es2000-01/welcome.html,,,none
1999-2000,https://www.indiabudget.gov.in/budget_archive/es99-2000/welcome.html,,,none
1998-1999,https://www.indiabudget.gov.in/budget_archive/es98-99/welcome.html,,,none
1997-1998,https://www.indiabudget.gov.in/budget_archive/es97-98/welcome.html,,,none
1996-1997,https://www.indiabudget.gov.in/budget_archive/es96-97/esmain.htm,https://www.indiabudget.gov.in/budget_archive/es96-97/Contents.pdf,Contents.pdf,english
1996-1997,https://www.indiabudget.gov.in/budget_archive/es96-97/esmain.htm,https://www.indiabudget.gov.in/budget_archive/es96-97/1%20General%20Review.pdf,1%20General%20Review.pdf,english
1996-1997,https://www.indiabudget.gov.in/budget_archive/es96-97/esmain.htm,https://www.indiabudget.gov.in/budget_archive/es96-97/2%20Public%20Finance.pdf,2%20Public%20Finance.pdf,english
1996-1997,https://www.indiabudget.gov.in/budget_archive/es96-97/esmain.htm,https://www.indiabudget.gov.in/budget_archive/es96-97/3%20Monetary%20and%20Banking%20Developments.pdf,3%20Monetary%20and%20Banking%20Developments.pdf,english
1996-1997,https://www.indiabudget.gov.in/budget_archive/es96-97/esmain.htm,https://www.indiabudget.gov.in/budget_archive/es96-97/4%20Capital%20and%20Money%20Markets.pdf,4%20Capital%20and%20Money%20Markets.pdf,english
1996-1997,https://www.indiabudget.gov.in/budget_archive/es96-97/esmain.htm,https://www.indiabudget.gov.in/budget_archive/es96-97/5%20Prices%20and%20Distribution.pdf,5%20Prices%20and%20Distribution.pdf,english
1996-1997,https://www.indiabudget.gov.in/budget_archive/es96-97/esmain.htm,https://www.indiabudget.gov.in/budget_archive/es96-97/6%20External%20Sector.pdf,6%20External%20Sector.pdf,english
1996-1997,https://www.indiabudget.gov.in/budget_archive/es96-97/esmain.htm,https://www.indiabudget.gov.in/budget_archive/es96-97/7%20Industrial%20Policy%20and%20Development.pdf,7%20Industrial%20Policy%20and%20Development.pdf,english
1996-1997,https://www.indiabudget.gov.in/budget_archive/es96-97/esmain.htm,https://www.indiabudget.gov.in/budget_archive/es96-97/8%20Agriculture.pdf,8%20Agriculture.pdf,english
1996-1997,https://www.indiabudget.gov.in/budget_archive/es96-97/esmain.htm,https://www.indiabudget.gov.in/budget_archive/es96-97/9%20Infrastracture.pdf,9%20Infrastracture.pdf,english
1996-1997,https://www.indiabudget.gov.in/budget_archive/es96-97/esmain.htm,https://www.indiabudget.gov.in/budget_archive/es96-97/10%20Social%20sectors.pdf,10%20Social%20sectors.pdf,english
1996-1997,https://www.indiabudget.gov.in/budget_archive/es96-97/esmain.htm,https://www.indiabudget.gov.in/budget_archive/es96-97/Appendix%20Statistical%20Tables.pdf,Appendix%20Statistical%20Tables.pdf,english
1995-1996,https://www.indiabudget.gov.in/budget_archive/es1995-96/esmain.htm,https://www.indiabudget.gov.in/budget_archive/es1995-96/0%20Ecomonic%20Survey%201995-96%20INDEX.pdf,0%20Ecomonic%20Survey%201995-96%20INDEX.pdf,english
1995-1996,https://www.indiabudget.gov.in/budget_archive/es1995-96/esmain.htm,https://www.indiabudget.gov.in/budget_archive/es1995-96/1%20General%20Review.pdf,1%20General%20Review.pdf,english
1995-1996,https://www.indiabudget.gov.in/budget_archive/es1995-96/esmain.htm,https://www.indiabudget.gov.in/budget_archive/es1995-96/2%20Publec%20Finance.pdf,2%20Publec%20Finance.pdf,english
1995-1996,https://www.indiabudget.gov.in/budget_archive/es1995-96/esmain.htm,https://www.indiabudget.gov.in/budget_archive/es1995-96/3%20Monetry%20and%20Banking%20Developments.pdf,3%20Monetry%20and%20Banking%20Developments.pdf,english
1995-1996,https://www.indiabudget.gov.in/budget_archive/es1995-96/esmain.htm,https://www.indiabudget.gov.in/budget_archive/es1995-96/4%20Capital%20and%20Money%20Markets.pdf,4%20Capital%20and%20Money%20Markets.pdf,english
1995-1996,https://www.indiabudget.gov.in/budget_archive/es1995-96/esmain.htm,https://www.indiabudget.gov.in/budget_archive/es1995-96/5%20Prices%20and%20Distribution.pdf,5%20Prices%20and%20Distribution.pdf,english
1995-1996,https://www.indiabudget.gov.in/budget_archive/es1995-96/esmain.htm,https://www.indiabudget.gov.in/budget_archive/es1995-96/6%20External%20Sector.pdf,6%20External%20Sector.pdf,english
1995-1996,https://www.indiabudget.gov.in/budget_archive/es1995-96/esmain.htm,https://www.indiabudget.gov.in/budget_archive/es1995-96/7%20Industrial%20Policy%20and%20Development.pdf,7%20Industrial%20Policy%20and%20Development.pdf,english
1995-1996,https://www.indiabudget.gov.in/budget_archive/es1995-96/esmain.htm,https://www.indiabudget.gov.in/budget_archive/es1995-96/8%20Agriculture.pdf,8%20Agriculture.pdf,english
1995-1996,https://www.indiabudget.gov.in/budget_archive/es1995-96/esmain.htm,https://www.indiabudget.gov.in/budget_archive/es1995-96/9%20Infrastructure.pdf,9%20Infrastructure.pdf,english
1995-1996,https://www.indiabudget.gov.in/budget_archive/es1995-96/esmain.htm,https://www.indiabudget.gov.in/budget_archive/es1995-96/10%20Social%20sectors.pdf,10%20Social%20sectors.pdf,english
1994-1995,https://www.indiabudget.gov.in/budget_archive/es1994-95/esmain.htm,https://www.indiabudget.gov.in/budget_archive/es1994-95/0%20Economic%20Survey%201994-95%20INDEX.pdf,0%20Economic%20Survey%201994-95%20INDEX.pdf,english
1994-1995,https://www.indiabudget.gov.in/budget_archive/es1994-95/esmain.htm,https://www.indiabudget.gov.in/budget_archive/es1994-95/1%20General%20Review.pdf,1%20General%20Review.pdf,english
1994-1995,https://www.indiabudget.gov.in/budget_archive/es1994-95/esmain.htm,https://www.indiabudget.gov.in/budget_archive/es1994-95/2%20Public%20Finance.pdf,2%20Public%20Finance.pdf,english
1994-1995,https://www.indiabudget.gov.in/budget_archive/es1994-95/esmain.htm,https://www.indiabudget.gov.in/budget_archive/es1994-95/3%20Money%20and%20Finance.pdf,3%20Money%20and%20Finance.pdf,english
1994-1995,https://www.indiabudget.gov.in/budget_archive/es1994-95/esmain.htm,https://www.indiabudget.gov.in/budget_archive/es1994-95/4%20Prices%20and%20Distribution.pdf,4%20Prices%20and%20Distribution.pdf,english
1994-1995,https://www.indiabudget.gov.in/budget_archive/es1994-95/esmain.htm,https://www.indiabudget.gov.in/budget_archive/es1994-95/5%20External%20Sector.pdf,5%20External%20Sector.pdf,english
1994-1995,https://www.indiabudget.gov.in/budget_archive/es1994-95/esmain.htm,https://www.indiabudget.gov.in/budget_archive/es1994-95/6%20Industrial%20Policy%20and%20Development.pdf,6%20Industrial%20Policy%20and%20Development.pdf,english
1994-1995,https://www.indiabudget.gov.in/budget_archive/es1994-95/esmain.htm,https://www.indiabudget.gov.in/budget_archive/es1994-95/7%20Agriculture.pdf,7%20Agriculture.pdf,english
1994-1995,https://www.indiabudget.gov.in/budget_archive/es1994-95/esmain.htm,https://www.indiabudget.gov.in/budget_archive/es1994-95/8%20Infrastructure.pdf,8%20Infrastructure.pdf,english
1994-1995,https://www.indiabudget.gov.in/budget_archive/es1994-95/esmain.htm,https://www.indiabudget.gov.in/budget_archive/es1994-95/9%20Social%20Sectors.pdf,9%20Social%20Sectors.pdf,english
1993-1994,https://www.indiabudget.gov.in/budget_archive/es1993-94/esmain.htm,https://www.indiabudget.gov.in/budget_archive/es1993-94/0%20Economic%20Survey%201993-94%20Index.pdf,0%20Economic%20Survey%201993-94%20Index.pdf,english
1993-1994,https://www.indiabudget.gov.in/budget_archive/es1993-94/esmain.htm,https://www.indiabudget.gov.in/budget_archive/es1993-94/1%20General%20Review.pdf,1%20General%20Review.pdf,english
1993-1994,https://www.indiabudget.gov.in/budget_archive/es1993-94/esmain.htm,https://www.indiabudget.gov.in/budget_archive/es1993-94/2%20Public%20Finance.pdf,2%20Public%20Finance.pdf,english
1993-1994,https://www.indiabudget.gov.in/budget_archive/es1993-94/esmain.htm,https://www.indiabudget.gov.in/budget_archive/es1993-94/3%20Money%20and%20Finace.pdf,3%20Money%20and%20Finace.pdf,english
1993-1994,https://www.indiabudget.gov.in/budget_archive/es1993-94/esmain.htm,https://www.indiabudget.gov.in/budget_archive/es1993-94/4%20Prices%20and%20Distribution.pdf,4%20Prices%20and%20Distribution.pdf,english
1993-1994,https://www.indiabudget.gov.in/budget_archive/es1993-94/esmain.htm,https://www.indiabudget.gov.in/budget_archive/es1993-94/5%20The%20External%20Sector.pdf,5%20The%20External%20Sector.pdf,english
1993-1994,https://www.indiabudget.gov.in/budget_archive/es1993-94/esmain.htm,https://www.indiabudget.gov.in/budget_archive/es1993-94/6%20Industrial%20Polices%20and%20Development.pdf,6%20Industrial%20Polices%20and%20Development.pdf,english
1993-1994,https://www.indiabudget.gov.in/budget_archive/es1993-94/esmain.htm,https://www.indiabudget.gov.in/budget_archive/es1993-94/7%20Agriculture.pdf,7%20Agriculture.pdf,english
1993-1994,https://www.indiabudget.gov.in/budget_archive/es1993-94/esmain.htm,https://www.indiabudget.gov.in/budget_archive/es1993-94/8%20Infrastructure.pdf,8%20Infrastructure.pdf,english
1993-1994,https://www.indiabudget.gov.in/budget_archive/es1993-94/esmain.htm,https://www.indiabudget.gov.in/budget_archive/es1993-94/9%20Social%20Sectors.pdf,9%20Social%20Sectors.pdf,english
1992-1993,https://www.indiabudget.gov.in/budget_archive/es1992-93/esmain.htm,https://www.indiabudget.gov.in/budget_archive/es1992-93/0%20Economic%20Survey%201992-93%20Index.pdf,0%20Economic%20Survey%201992-93%20Index.pdf,english
1992-1993,https://www.indiabudget.gov.in/budget_archive/es1992-93/esmain.htm,https://www.indiabudget.gov.in/budget_archive/es1992-93/1%20General%20Review.pdf,1%20General%20Review.pdf,english
1992-1993,https://www.indiabudget.gov.in/budget_archive/es1992-93/esmain.htm,https://www.indiabudget.gov.in/budget_archive/es1992-93/2%20Public%20Finance.pdf,2%20Public%20Finance.pdf,english
1992-1993,https://www.indiabudget.gov.in/budget_archive/es1992-93/esmain.htm,https://www.indiabudget.gov.in/budget_archive/es1992-93/3%20Money%20and%20Finance.pdf,3%20Money%20and%20Finance.pdf,english
1992-1993,https://www.indiabudget.gov.in/budget_archive/es1992-93/esmain.htm,https://www.indiabudget.gov.in/budget_archive/es1992-93/4%20Prices%20and%20Distribution.pdf,4%20Prices%20and%20Distribution.pdf,english
1992-1993,https://www.indiabudget.gov.in/budget_archive/es1992-93/esmain.htm,https://www.indiabudget.gov.in/budget_archive/es1992-93/5%20Balance%20of%20Payments.pdf,5%20Balance%20of%20Payments.pdf,english
1992-1993,https://www.indiabudget.gov.in/budget_archive/es1992-93/esmain.htm,https://www.indiabudget.gov.in/budget_archive/es1992-93/6%20Industrial%20Policies%20and%20Performance.pdf,6%20Industrial%20Policies%20and%20Performance.pdf,english
1992-1993,https://www.indiabudget.gov.in/budget_archive/es1992-93/esmain.htm,https://www.indiabudget.gov.in/budget_archive/es1992-93/7%20Agriculture.pdf,7%20Agriculture.pdf,english
1992-1993,https://www.indiabudget.gov.in/budget_archive/es1992-93/esmain.htm,https://www.indiabudget.gov.in/budget_archive/es1992-93/8%20Infrastructure.pdf,8%20Infrastructure.pdf,english
1992-1993,https://www.indiabudget.gov.in/budget_archive/es1992-93/esmain.htm,https://www.indiabudget.gov.in/budget_archive/es1992-93/9%20Social%20Sector.pdf,9%20Social%20Sector.pdf,english
1991-1992A,https://www.indiabudget.gov.in/budget_archive/es1991-92_A/esmain.htm,https://www.indiabudget.gov.in/budget_archive/es1991-92_A/0%20Economic%20Survey%201991-92%20Index.pdf,0%20Economic%20Survey%201991-92%20Index.pdf,english
1991-1992A,https://www.indiabudget.gov.in/budget_archive/es1991-92_A/esmain.htm,https://www.indiabudget.gov.in/budget_archive/es1991-92_A/1%20Growth%20Performance.pdf,1%20Growth%20Performance.pdf,english
1991-1992A,https://www.indiabudget.gov.in/budget_archive/es1991-92_A/esmain.htm,https://www.indiabudget.gov.in/budget_archive/es1991-92_A/2%20The%20Payments%20Crisis.pdf,2%20The%20Payments%20Crisis.pdf,english
1991-1992A,https://www.indiabudget.gov.in/budget_archive/es1991-92_A/esmain.htm,https://www.indiabudget.gov.in/budget_archive/es1991-92_A/3%20Inflation.pdf,3%20Inflation.pdf,english
1991-1992A,https://www.indiabudget.gov.in/budget_archive/es1991-92_A/esmain.htm,https://www.indiabudget.gov.in/budget_archive/es1991-92_A/4%20Growth%20and%20Equity.pdf,4%20Growth%20and%20Equity.pdf,english
1991-1992A,https://www.indiabudget.gov.in/budget_archive/es1991-92_A/esmain.htm,https://www.indiabudget.gov.in/budget_archive/es1991-92_A/5%20Conclusion.pdf,5%20Conclusion.pdf,english
1991-1992B,https://www.indiabudget.gov.in/budget_archive/es1991-92_B/esmain.htm,https://www.indiabudget.gov.in/budget_archive/es1991-92_B/0%20Economic%20Survey%201991-92_B%20Index.pdf,0%20Economic%20Survey%201991-92_B%20Index.pdf,english
1991-1992B,https://www.indiabudget.gov.in/budget_archive/es1991-92_B/esmain.htm,https://www.indiabudget.gov.in/budget_archive/es1991-92_B/1%20Introduction.pdf,1%20Introduction.pdf,english
1991-1992B,https://www.indiabudget.gov.in/budget_archive/es1991-92_B/esmain.htm,https://www.indiabudget.gov.in/budget_archive/es1991-92_B/2%20Public%20Finances.pdf,2%20Public%20Finances.pdf,english
1991-1992B,https://www.indiabudget.gov.in/budget_archive/es1991-92_B/esmain.htm,https://www.indiabudget.gov.in/budget_archive/es1991-92_B/3%20Money%20and%20Credit.pdf,3%20Money%20and%20Credit.pdf,english
1991-1992B,https://www.indiabudget.gov.in/budget_archive/es1991-92_B/esmain.htm,https://www.indiabudget.gov.in/budget_archive/es1991-92_B/4%20Prices%20and%20Distribution.pdf,4%20Prices%20and%20Distribution.pdf,english
1991-1992B,https://www.indiabudget.gov.in/budget_archive/es1991-92_B/esmain.htm,https://www.indiabudget.gov.in/budget_archive/es1991-92_B/5%20Balance%20of%20Payments.pdf,5%20Balance%20of%20Payments.pdf,english
1991-1992B,https://www.indiabudget.gov.in/budget_archive/es1991-92_B/esmain.htm,https://www.indiabudget.gov.in/budget_archive/es1991-92_B/6%20Industry.pdf,6%20Industry.pdf,english
1991-1992B,https://www.indiabudget.gov.in/budget_archive/es1991-92_B/esmain.htm,https://www.indiabudget.gov.in/budget_archive/es1991-92_B/7%20Agriculture.pdf,7%20Agriculture.pdf,english
1991-1992B,https://www.indiabudget.gov.in/budget_archive/es1991-92_B/esmain.htm,https://www.indiabudget.gov.in/budget_archive/es1991-92_B/8%20Infrastructure.pdf,8%20Infrastructure.pdf,english
1991-1992B,https://www.indiabudget.gov.in/budget_archive/es1991-92_B/esmain.htm,https://www.indiabudget.gov.in/budget_archive/es1991-92_B/9%20Social%20Sectors.pdf,9%20Social%20Sectors.pdf,english
1990-1991,https://www.indiabudget.gov.in/budget_archive/es1990-91/esmain.htm,https://www.indiabudget.gov.in/budget_archive/es1990-91/0%20Economic%20Survey%201990-91%20Index.pdf,0%20Economic%20Survey%201990-91%20Index.pdf,english
1990-1991,https://www.indiabudget.gov.in/budget_archive/es1990-91/esmain.htm,https://www.indiabudget.gov.in/budget_archive/es1990-91/1%20The%20Economic%20Situation%20in%201990-91.pdf,1%20The%20Economic%20Situation%20in%201990-91.pdf,english
1990-1991,https://www.indiabudget.gov.in/budget_archive/es1990-91/esmain.htm,https://www.indiabudget.gov.in/budget_archive/es1990-91/2%20Agriculturral%20Production.pdf,2%20Agriculturral%20Production.pdf,english
1990-1991,https://www.indiabudget.gov.in/budget_archive/es1990-91/esmain.htm,https://www.indiabudget.gov.in/budget_archive/es1990-91/3%20Industrial%20Performance%20and%20Polices.pdf,3%20Industrial%20Performance%20and%20Polices.pdf,english
1990-1991,https://www.indiabudget.gov.in/budget_archive/es1990-91/esmain.htm,https://www.indiabudget.gov.in/budget_archive/es1990-91/4%20Infrastructure.pdf,4%20Infrastructure.pdf,english
1990-1991,https://www.indiabudget.gov.in/budget_archive/es1990-91/esmain.htm,https://www.indiabudget.gov.in/budget_archive/es1990-91/5%20Human%20Resources.pdf,5%20Human%20Resources.pdf,english
1990-1991,https://www.indiabudget.gov.in/budget_archive/es1990-91/esmain.htm,https://www.indiabudget.gov.in/budget_archive/es1990-91/6%20Prices%20Price%20Policy%20and%20Public%20Distribution%20System.pdf,6%20Prices%20Price%20Policy%20and%20Public%20Distribution%20System.pdf,english
1990-1991,https://www.indiabudget.gov.in/budget_archive/es1990-91/esmain.htm,https://www.indiabudget.gov.in/budget_archive/es1990-91/7%20Fiscal%20Policy%20and%20Government%20Budget.pdf,7%20Fiscal%20Policy%20and%20Government%20Budget.pdf,english
1990-1991,https://www.indiabudget.gov.in/budget_archive/es1990-91/esmain.htm,https://www.indiabudget.gov.in/budget_archive/es1990-91/8%20Monetary%20and%20Credit%20Developments.pdf,8%20Monetary%20and%20Credit%20Developments.pdf,english
1990-1991,https://www.indiabudget.gov.in/budget_archive/es1990-91/esmain.htm,https://www.indiabudget.gov.in/budget_archive/es1990-91/9%20The%20External%20Sector.pdf,9%20The%20External%20Sector.pdf,english
1990-1991,https://www.indiabudget.gov.in/budget_archive/es1990-91/esmain.htm,https://www.indiabudget.gov.in/budget_archive/es1990-91/10%20Problems%20and%20Prospects.pdf,10%20Problems%20and%20Prospects.pdf,english
1989-1990,https://www.indiabudget.gov.in/budget_archive/es1989-90/esmain.htm,https://www.indiabudget.gov.in/budget_archive/es1989-90/0%20Economic%20Survey%201989-90%20Index.pdf,0%20Economic%20Survey%201989-90%20Index.pdf,english
1989-1990,https://www.indiabudget.gov.in/budget_archive/es1989-90/esmain.htm,https://www.indiabudget.gov.in/budget_archive/es1989-90/1%20The%20Economic%20Situation%20in%201989-90.pdf,1%20The%20Economic%20Situation%20in%201989-90.pdf,english
1989-1990,https://www.indiabudget.gov.in/budget_archive/es1989-90/esmain.htm,https://www.indiabudget.gov.in/budget_archive/es1989-90/2%20Agricultural%20Production.pdf,2%20Agricultural%20Production.pdf,english
1989-1990,https://www.indiabudget.gov.in/budget_archive/es1989-90/esmain.htm,https://www.indiabudget.gov.in/budget_archive/es1989-90/3%20Infrastructure.pdf,3%20Infrastructure.pdf,english
1989-1990,https://www.indiabudget.gov.in/budget_archive/es1989-90/esmain.htm,https://www.indiabudget.gov.in/budget_archive/es1989-90/4%20Industrial%20Performance%20and%20Policies.pdf,4%20Industrial%20Performance%20and%20Policies.pdf,english
1989-1990,https://www.indiabudget.gov.in/budget_archive/es1989-90/esmain.htm,https://www.indiabudget.gov.in/budget_archive/es1989-90/5%20Prices%20Price%20Policy%20&%20Public%20Distribution%20System.pdf,5%20Prices%20Price%20Policy%20&%20Public%20Distribution%20System.pdf,english
1989-1990,https://www.indiabudget.gov.in/budget_archive/es1989-90/esmain.htm,https://www.indiabudget.gov.in/budget_archive/es1989-90/6%20Fiscal%20Policy%20and%20Government%20Budget.pdf,6%20Fiscal%20Policy%20and%20Government%20Budget.pdf,english
1989-1990,https://www.indiabudget.gov.in/budget_archive/es1989-90/esmain.htm,https://www.indiabudget.gov.in/budget_archive/es1989-90/7%20Monetary%20and%20Credit%20Developments.pdf,7%20Monetary%20and%20Credit%20Developments.pdf,english
1989-1990,https://www.indiabudget.gov.in/budget_archive/es1989-90/esmain.htm,https://www.indiabudget.gov.in/budget_archive/es1989-90/8%20The%20External%20Sector.pdf,8%20The%20External%20Sector.pdf,english
1989-1990,https://www.indiabudget.gov.in/budget_archive/es1989-90/esmain.htm,https://www.indiabudget.gov.in/budget_archive/es1989-90/9%20Problems%20and%20Prospects.pdf,9%20Problems%20and%20Prospects.pdf,english
1988-1989,https://www.indiabudget.gov.in/budget_archive/es1988-89/esmain.htm,https://www.indiabudget.gov.in/budget_archive/es1988-89/0%20Economic%20Survey%201988-89%20Index.pdf,0%20Economic%20Survey%201988-89%20Index.pdf,english
1988-1989,https://www.indiabudget.gov.in/budget_archive/es1988-89/esmain.htm,https://www.indiabudget.gov.in/budget_archive/es1988-89/1%20The%20Economic%20Situation%20in%201988-89.pdf,1%20The%20Economic%20Situation%20in%201988-89.pdf,english
1988-1989,https://www.indiabudget.gov.in/budget_archive/es1988-89/esmain.htm,https://www.indiabudget.gov.in/budget_archive/es1988-89/2%20Agricultural%20Production.pdf,2%20Agricultural%20Production.pdf,english
1988-1989,https://www.indiabudget.gov.in/budget_archive/es1988-89/esmain.htm,https://www.indiabudget.gov.in/budget_archive/es1988-89/3%20Infrastructure.pdf,3%20Infrastructure.pdf,english
1988-1989,https://www.indiabudget.gov.in/budget_archive/es1988-89/esmain.htm,https://www.indiabudget.gov.in/budget_archive/es1988-89/4%20Industrial%20Performance%20and%20Polocies.pdf,4%20Industrial%20Performance%20and%20Polocies.pdf,english
1988-1989,https://www.indiabudget.gov.in/budget_archive/es1988-89/esmain.htm,https://www.indiabudget.gov.in/budget_archive/es1988-89/5%20Prices%20Price%20Policy%20and%20Public%20Distribution%20System.pdf,5%20Prices%20Price%20Policy%20and%20Public%20Distribution%20System.pdf,english
1988-1989,https://www.indiabudget.gov.in/budget_archive/es1988-89/esmain.htm,https://www.indiabudget.gov.in/budget_archive/es1988-89/6%20Fiscal%20Policy%20and%20The%20Government%20Budget.pdf,6%20Fiscal%20Policy%20and%20The%20Government%20Budget.pdf,english
1988-1989,https://www.indiabudget.gov.in/budget_archive/es1988-89/esmain.htm,https://www.indiabudget.gov.in/budget_archive/es1988-89/7%20Monetary%20and%20Credit%20Developments.pdf,7%20Monetary%20and%20Credit%20Developments.pdf,english
1988-1989,https://www.indiabudget.gov.in/budget_archive/es1988-89/esmain.htm,https://www.indiabudget.gov.in/budget_archive/es1988-89/8%20The%20External%20Sector.pdf,8%20The%20External%20Sector.pdf,english
1988-1989,https://www.indiabudget.gov.in/budget_archive/es1988-89/esmain.htm,https://www.indiabudget.gov.in/budget_archive/es1988-89/9%20Problems%20and%20Prospects.pdf,9%20Problems%20and%20Prospects.pdf,english
1987-1988,https://www.indiabudget.gov.in/budget_archive/es1987-88/esmain.htm,https://www.indiabudget.gov.in/budget_archive/es1987-88/0%20Economic%20Survey%201987-88%20Index.pdf,0%20Economic%20Survey%201987-88%20Index.pdf,english
1987-1988,https://www.indiabudget.gov.in/budget_archive/es1987-88/esmain.htm,https://www.indiabudget.gov.in/budget_archive/es1987-88/1%20The%20Economic%20Situation%20in%201987-88.pdf,1%20The%20Economic%20Situation%20in%201987-88.pdf,english
1987-1988,https://www.indiabudget.gov.in/budget_archive/es1987-88/esmain.htm,https://www.indiabudget.gov.in/budget_archive/es1987-88/2%20Agricultural%20Production.pdf,2%20Agricultural%20Production.pdf,english
1987-1988,https://www.indiabudget.gov.in/budget_archive/es1987-88/esmain.htm,https://www.indiabudget.gov.in/budget_archive/es1987-88/3%20Infrastructure.pdf,3%20Infrastructure.pdf,english
1987-1988,https://www.indiabudget.gov.in/budget_archive/es1987-88/esmain.htm,https://www.indiabudget.gov.in/budget_archive/es1987-88/4%20Industrial%20Performance.pdf,4%20Industrial%20Performance.pdf,english
1987-1988,https://www.indiabudget.gov.in/budget_archive/es1987-88/esmain.htm,https://www.indiabudget.gov.in/budget_archive/es1987-88/5%20Prices%20Price%20Policy%20and%20The%20Public%20Distribution%20System.pdf,5%20Prices%20Price%20Policy%20and%20The%20Public%20Distribution%20System.pdf,english
1987-1988,https://www.indiabudget.gov.in/budget_archive/es1987-88/esmain.htm,https://www.indiabudget.gov.in/budget_archive/es1987-88/6%20Fiscal%20Policy%20and%20The%20Government%20Budget.pdf,6%20Fiscal%20Policy%20and%20The%20Government%20Budget.pdf,english
1987-1988,https://www.indiabudget.gov.in/budget_archive/es1987-88/esmain.htm,https://www.indiabudget.gov.in/budget_archive/es1987-88/7%20Monetary%20and%20Credit%20Developments.pdf,7%20Monetary%20and%20Credit%20Developments.pdf,english
1987-1988,https://www.indiabudget.gov.in/budget_archive/es1987-88/esmain.htm,https://www.indiabudget.gov.in/budget_archive/es1987-88/8%20The%20External%20Sector.pdf,8%20The%20External%20Sector.pdf,english
1987-1988,https://www.indiabudget.gov.in/budget_archive/es1987-88/esmain.htm,https://www.indiabudget.gov.in/budget_archive/es1987-88/9%20Problems%20and%20Prospects.pdf,9%20Problems%20and%20Prospects.pdf,english
1986-1987,https://www.indiabudget.gov.in/budget_archive/es1986-87/esmain.htm,https://www.indiabudget.gov.in/budget_archive/es1986-87/0%20Economic%20Survey%201986-87%20Index.pdf,0%20Economic%20Survey%201986-87%20Index.pdf,english
1986-1987,https://www.indiabudget.gov.in/budget_archive/es1986-87/esmain.htm,https://www.indiabudget.gov.in/budget_archive/es1986-87/1%20The%20Economic%20Situation%20in%201986-87.pdf,1%20The%20Economic%20Situation%20in%201986-87.pdf,english
1986-1987,https://www.indiabudget.gov.in/budget_archive/es1986-87/esmain.htm,https://www.indiabudget.gov.in/budget_archive/es1986-87/2%20Agricultural%20Production.pdf,2%20Agricultural%20Production.pdf,english
1986-1987,https://www.indiabudget.gov.in/budget_archive/es1986-87/esmain.htm,https://www.indiabudget.gov.in/budget_archive/es1986-87/3%20Infrastructure.pdf,3%20Infrastructure.pdf,english
1986-1987,https://www.indiabudget.gov.in/budget_archive/es1986-87/esmain.htm,https://www.indiabudget.gov.in/budget_archive/es1986-87/4%20Industrial%20Performance.PDF,4%20Industrial%20Performance.PDF,english
1986-1987,https://www.indiabudget.gov.in/budget_archive/es1986-87/esmain.htm,https://www.indiabudget.gov.in/budget_archive/es1986-87/5%20Prices.pdf,5%20Prices.pdf,english
1986-1987,https://www.indiabudget.gov.in/budget_archive/es1986-87/esmain.htm,https://www.indiabudget.gov.in/budget_archive/es1986-87/6%20Fiscal%20Policy%20and%20Government%20Budget.pdf,6%20Fiscal%20Policy%20and%20Government%20Budget.pdf,english
1986-1987,https://www.indiabudget.gov.in/budget_archive/es1986-87/esmain.htm,https://www.indiabudget.gov.in/budget_archive/es1986-87/7%20Monetary%20and%20Credit%20Developments.pdf,7%20Monetary%20and%20Credit%20Developments.pdf,english
1986-1987,https://www.indiabudget.gov.in/budget_archive/es1986-87/esmain.htm,https://www.indiabudget.gov.in/budget_archive/es1986-87/8%20Foreign%20Trade%20and%20Balance%20of%20Payments.pdf,8%20Foreign%20Trade%20and%20Balance%20of%20Payments.pdf,english
1986-1987,https://www.indiabudget.gov.in/budget_archive/es1986-87/esmain.htm,https://www.indiabudget.gov.in/budget_archive/es1986-87/9%20Problems%20and%20Prospects.pdf,9%20Problems%20and%20Prospects.pdf,english
1985-1986,https://www.indiabudget.gov.in/budget_archive/es1985-86/esmain.htm,https://www.indiabudget.gov.in/budget_archive/es1985-86/0%20Economic%20Survey%201985-86%20Index.pdf,0%20Economic%20Survey%201985-86%20Index.pdf,english
1985-1986,https://www.indiabudget.gov.in/budget_archive/es1985-86/esmain.htm,https://www.indiabudget.gov.in/budget_archive/es1985-86/1%20Economic%20Situation%20in%201985-86.pdf,1%20Economic%20Situation%20in%201985-86.pdf,english
1985-1986,https://www.indiabudget.gov.in/budget_archive/es1985-86/esmain.htm,https://www.indiabudget.gov.in/budget_archive/es1985-86/2%20Agricultural%20Production.pdf,2%20Agricultural%20Production.pdf,english
1985-1986,https://www.indiabudget.gov.in/budget_archive/es1985-86/esmain.htm,https://www.indiabudget.gov.in/budget_archive/es1985-86/3%20Infrastructure.pdf,3%20Infrastructure.pdf,english
1985-1986,https://www.indiabudget.gov.in/budget_archive/es1985-86/esmain.htm,https://www.indiabudget.gov.in/budget_archive/es1985-86/4%20Industrial%20Policy%20and%20Performance.pdf,4%20Industrial%20Policy%20and%20Performance.pdf,english
1985-1986,https://www.indiabudget.gov.in/budget_archive/es1985-86/esmain.htm,https://www.indiabudget.gov.in/budget_archive/es1985-86/5%20Prices%20and%20Price%20Policy.pdf,5%20Prices%20and%20Price%20Policy.pdf,english
1985-1986,https://www.indiabudget.gov.in/budget_archive/es1985-86/esmain.htm,https://www.indiabudget.gov.in/budget_archive/es1985-86/6%20Fiscal%20Policy%20and%20Government%20Budget.pdf,6%20Fiscal%20Policy%20and%20Government%20Budget.pdf,english
1985-1986,https://www.indiabudget.gov.in/budget_archive/es1985-86/esmain.htm,https://www.indiabudget.gov.in/budget_archive/es1985-86/7%20Monetary%20and%20Credit%20Developments.pdf,7%20Monetary%20and%20Credit%20Developments.pdf,english
1985-1986,https://www.indiabudget.gov.in/budget_archive/es1985-86/esmain.htm,https://www.indiabudget.gov.in/budget_archive/es1985-86/8%20Foreign%20Trade%20and%20Balance%20of%20Payments.pdf,8%20Foreign%20Trade%20and%20Balance%20of%20Payments.pdf,english
1985-1986,https://www.indiabudget.gov.in/budget_archive/es1985-86/esmain.htm,https://www.indiabudget.gov.in/budget_archive/es1985-86/9%20Problems%20and%20Prospects.pdf,9%20Problems%20and%20Prospects.pdf,english
1984-1985,https://www.indiabudget.gov.in/budget_archive/es1984-85/esmain.htm,https://www.indiabudget.gov.in/budget_archive/es1984-85/0%20Economic%20Survey%201984-85%20Index.pdf,0%20Economic%20Survey%201984-85%20Index.pdf,english
1984-1985,https://www.indiabudget.gov.in/budget_archive/es1984-85/esmain.htm,https://www.indiabudget.gov.in/budget_archive/es1984-85/1%20Economic%20Situation%20in%201984-85.pdf,1%20Economic%20Situation%20in%201984-85.pdf,english
1984-1985,https://www.indiabudget.gov.in/budget_archive/es1984-85/esmain.htm,https://www.indiabudget.gov.in/budget_archive/es1984-85/2%20Agricultural%20Production.pdf,2%20Agricultural%20Production.pdf,english
1984-1985,https://www.indiabudget.gov.in/budget_archive/es1984-85/esmain.htm,https://www.indiabudget.gov.in/budget_archive/es1984-85/3%20Infrastucture.pdf,3%20Infrastucture.pdf,english
1984-1985,https://www.indiabudget.gov.in/budget_archive/es1984-85/esmain.htm,https://www.indiabudget.gov.in/budget_archive/es1984-85/4%20Industrial%20Production.pdf,4%20Industrial%20Production.pdf,english
1984-1985,https://www.indiabudget.gov.in/budget_archive/es1984-85/esmain.htm,https://www.indiabudget.gov.in/budget_archive/es1984-85/5%20Prices%20and%20Price%20Policy.pdf,5%20Prices%20and%20Price%20Policy.pdf,english
1984-1985,https://www.indiabudget.gov.in/budget_archive/es1984-85/esmain.htm,https://www.indiabudget.gov.in/budget_archive/es1984-85/6%20Fiscal%20Policy%20and%20Government%20Budget.pdf,6%20Fiscal%20Policy%20and%20Government%20Budget.pdf,english
1984-1985,https://www.indiabudget.gov.in/budget_archive/es1984-85/esmain.htm,https://www.indiabudget.gov.in/budget_archive/es1984-85/7%20Monetary%20and%20Credit%20Developments.pdf,7%20Monetary%20and%20Credit%20Developments.pdf,english
1984-1985,https://www.indiabudget.gov.in/budget_archive/es1984-85/esmain.htm,https://www.indiabudget.gov.in/budget_archive/es1984-85/8%20Foreign%20Trade%20and%20Balance%20of%20Payments.pdf,8%20Foreign%20Trade%20and%20Balance%20of%20Payments.pdf,english
1984-1985,https://www.indiabudget.gov.in/budget_archive/es1984-85/esmain.htm,https://www.indiabudget.gov.in/budget_archive/es1984-85/9%20Problems%20and%20Prospects.pdf,9%20Problems%20and%20Prospects.pdf,english
1983-1984,https://www.indiabudget.gov.in/budget_archive/es1983-84/esmain.htm,https://www.indiabudget.gov.in/budget_archive/es1983-84/0%20Economic%20Survey%201983-84%20Index.pdf,0%20Economic%20Survey%201983-84%20Index.pdf,english
1983-1984,https://www.indiabudget.gov.in/budget_archive/es1983-84/esmain.htm,https://www.indiabudget.gov.in/budget_archive/es1983-84/1%20Economic%20Situation%20in%201983-84.pdf,1%20Economic%20Situation%20in%201983-84.pdf,english
1983-1984,https://www.indiabudget.gov.in/budget_archive/es1983-84/esmain.htm,https://www.indiabudget.gov.in/budget_archive/es1983-84/2%20Agricultural%20Production.pdf,2%20Agricultural%20Production.pdf,english
1983-1984,https://www.indiabudget.gov.in/budget_archive/es1983-84/esmain.htm,https://www.indiabudget.gov.in/budget_archive/es1983-84/3%20Infrastructure.pdf,3%20Infrastructure.pdf,english
1983-1984,https://www.indiabudget.gov.in/budget_archive/es1983-84/esmain.htm,https://www.indiabudget.gov.in/budget_archive/es1983-84/v.pdf,v.pdf,english
1983-1984,https://www.indiabudget.gov.in/budget_archive/es1983-84/esmain.htm,https://www.indiabudget.gov.in/budget_archive/es1983-84/5%20Prices%20and%20Price%20Policy.pdf,5%20Prices%20and%20Price%20Policy.pdf,english
1983-1984,https://www.indiabudget.gov.in/budget_archive/es1983-84/esmain.htm,https://www.indiabudget.gov.in/budget_archive/es1983-84/6%20Fiscal%20Policy%20and%20Government%20Budget.pdf,6%20Fiscal%20Policy%20and%20Government%20Budget.pdf,english
1983-1984,https://www.indiabudget.gov.in/budget_archive/es1983-84/esmain.htm,https://www.indiabudget.gov.in/budget_archive/es1983-84/7%20Monetary%20and%20Credit%20Developments.pdf,7%20Monetary%20and%20Credit%20Developments.pdf,english
1983-1984,https://www.indiabudget.gov.in/budget_archive/es1983-84/esmain.htm,https://www.indiabudget.gov.in/budget_archive/es1983-84/8%20Foreign%20Trade%20and%20Balance%20of%20Payments.pdf,8%20Foreign%20Trade%20and%20Balance%20of%20Payments.pdf,english
1983-1984,https://www.indiabudget.gov.in/budget_archive/es1983-84/esmain.htm,https://www.indiabudget.gov.in/budget_archive/es1983-84/9%20Future%20Prospects%20and%20Problems.pdf,9%20Future%20Prospects%20and%20Problems.pdf,english
1982-1983,https://www.indiabudget.gov.in/budget_archive/es1982-83/esmain.htm,https://www.indiabudget.gov.in/budget_archive/es1982-83/0%20Economic%20Survay%201982-83%20Index.pdf,0%20Economic%20Survay%201982-83%20Index.pdf,english
1982-1983,https://www.indiabudget.gov.in/budget_archive/es1982-83/esmain.htm,https://www.indiabudget.gov.in/budget_archive/es1982-83/1%20Economic%20Situation%20in%201982-83.pdf,1%20Economic%20Situation%20in%201982-83.pdf,english
1982-1983,https://www.indiabudget.gov.in/budget_archive/es1982-83/esmain.htm,https://www.indiabudget.gov.in/budget_archive/es1982-83/2%20Agricultural%20Production.pdf,2%20Agricultural%20Production.pdf,english
1982-1983,https://www.indiabudget.gov.in/budget_archive/es1982-83/esmain.htm,https://www.indiabudget.gov.in/budget_archive/es1982-83/3%20Infrastructure.pdf,3%20Infrastructure.pdf,english
1982-1983,https://www.indiabudget.gov.in/budget_archive/es1982-83/esmain.htm,https://www.indiabudget.gov.in/budget_archive/es1982-83/4%20Industrial%20Production.pdf,4%20Industrial%20Production.pdf,english
1982-1983,https://www.indiabudget.gov.in/budget_archive/es1982-83/esmain.htm,https://www.indiabudget.gov.in/budget_archive/es1982-83/5%20Prices%20and%20Price%20Policy.pdf,5%20Prices%20and%20Price%20Policy.pdf,english
1982-1983,https://www.indiabudget.gov.in/budget_archive/es1982-83/esmain.htm,https://www.indiabudget.gov.in/budget_archive/es1982-83/6%20Fiscal%20Policy%20and%20Government%20Budget.pdf,6%20Fiscal%20Policy%20and%20Government%20Budget.pdf,english
1982-1983,https://www.indiabudget.gov.in/budget_archive/es1982-83/esmain.htm,https://www.indiabudget.gov.in/budget_archive/es1982-83/7%20Monetary%20and%20Credit%20Developments.pdf,7%20Monetary%20and%20Credit%20Developments.pdf,english
1982-1983,https://www.indiabudget.gov.in/budget_archive/es1982-83/esmain.htm,https://www.indiabudget.gov.in/budget_archive/es1982-83/8%20Foreign%20Trade%20and%20Balance%20of%20Payments.pdf,8%20Foreign%20Trade%20and%20Balance%20of%20Payments.pdf,english
1981-1982,https://www.indiabudget.gov.in/budget_archive/es1981-82/esmain.htm,https://www.indiabudget.gov.in/budget_archive/es1981-82/0%20Economic%20Survey%201981-82%20Index.pdf,0%20Economic%20Survey%201981-82%20Index.pdf,english
1981-1982,https://www.indiabudget.gov.in/budget_archive/es1981-82/esmain.htm,https://www.indiabudget.gov.in/budget_archive/es1981-82/1%20Economic%20situation%20in%201981-82.pdf,1%20Economic%20situation%20in%201981-82.pdf,english
1981-1982,https://www.indiabudget.gov.in/budget_archive/es1981-82/esmain.htm,https://www.indiabudget.gov.in/budget_archive/es1981-82/2%20Agricultural%20Production.pdf,2%20Agricultural%20Production.pdf,english
1981-1982,https://www.indiabudget.gov.in/budget_archive/es1981-82/esmain.htm,https://www.indiabudget.gov.in/budget_archive/es1981-82/3%20Infrastructure.pdf,3%20Infrastructure.pdf,english
1981-1982,https://www.indiabudget.gov.in/budget_archive/es1981-82/esmain.htm,https://www.indiabudget.gov.in/budget_archive/es1981-82/4%20Industrial%20Production.pdf,4%20Industrial%20Production.pdf,english
1981-1982,https://www.indiabudget.gov.in/budget_archive/es1981-82/esmain.htm,https://www.indiabudget.gov.in/budget_archive/es1981-82/5%20Prices%20and%20Price%20Policy.pdf,5%20Prices%20and%20Price%20Policy.pdf,english
1981-1982,https://www.indiabudget.gov.in/budget_archive/es1981-82/esmain.htm,https://www.indiabudget.gov.in/budget_archive/es1981-82/6%20Fiscal%20Policy%20and%20Government%20Budget.pdf,6%20Fiscal%20Policy%20and%20Government%20Budget.pdf,english
1981-1982,https://www.indiabudget.gov.in/budget_archive/es1981-82/esmain.htm,https://www.indiabudget.gov.in/budget_archive/es1981-82/7%20Monetary%20and%20Credit%20Developments.pdf,7%20Monetary%20and%20Credit%20Developments.pdf,english
1981-1982,https://www.indiabudget.gov.in/budget_archive/es1981-82/esmain.htm,https://www.indiabudget.gov.in/budget_archive/es1981-82/8%20Foreign%20Trade%20and%20Balance%20of%20Payments.pdf,8%20Foreign%20Trade%20and%20Balance%20of%20Payments.pdf,english
1981-1982,https://www.indiabudget.gov.in/budget_archive/es1981-82/esmain.htm,https://www.indiabudget.gov.in/budget_archive/es1981-82/9%20The%20Tasks%20Ahead.pdf,9%20The%20Tasks%20Ahead.pdf,english
1980-1981,https://www.indiabudget.gov.in/budget_archive/es1980-81/esmain.htm,https://www.indiabudget.gov.in/budget_archive/es1980-81/0%20Economic%20Survey%201980-81%20Index.pdf,0%20Economic%20Survey%201980-81%20Index.pdf,english
1980-1981,https://www.indiabudget.gov.in/budget_archive/es1980-81/esmain.htm,https://www.indiabudget.gov.in/budget_archive/es1980-81/1%20The%20Economic%20Situation%20in%201980-81.pdf,1%20The%20Economic%20Situation%20in%201980-81.pdf,english
1980-1981,https://www.indiabudget.gov.in/budget_archive/es1980-81/esmain.htm,https://www.indiabudget.gov.in/budget_archive/es1980-81/2%20Agricultural%20Production.pdf,2%20Agricultural%20Production.pdf,english
1980-1981,https://www.indiabudget.gov.in/budget_archive/es1980-81/esmain.htm,https://www.indiabudget.gov.in/budget_archive/es1980-81/3%20Infrastructure.pdf,3%20Infrastructure.pdf,english
1980-1981,https://www.indiabudget.gov.in/budget_archive/es1980-81/esmain.htm,https://www.indiabudget.gov.in/budget_archive/es1980-81/4%20Industrial%20Production.pdf,4%20Industrial%20Production.pdf,english
1980-1981,https://www.indiabudget.gov.in/budget_archive/es1980-81/esmain.htm,https://www.indiabudget.gov.in/budget_archive/es1980-81/5%20Prices%20and%20Price%20Policy.pdf,5%20Prices%20and%20Price%20Policy.pdf,english
1980-1981,https://www.indiabudget.gov.in/budget_archive/es1980-81/esmain.htm,https://www.indiabudget.gov.in/budget_archive/es1980-81/6%20Fiscal%20Policy%20and%20Government%20Budget.pdf,6%20Fiscal%20Policy%20and%20Government%20Budget.pdf,english
1980-1981,https://www.indiabudget.gov.in/budget_archive/es1980-81/esmain.htm,https://www.indiabudget.gov.in/budget_archive/es1980-81/7%20Monetary%20and%20Credit%20Developments.pdf,7%20Monetary%20and%20Credit%20Developments.pdf,english
1980-1981,https://www.indiabudget.gov.in/budget_archive/es1980-81/esmain.htm,https://www.indiabudget.gov.in/budget_archive/es1980-81/8%20Foreign%20Trade%20and%20balance%20of%20Payments.pdf,8%20Foreign%20Trade%20and%20balance%20of%20Payments.pdf,english
1980-1981,https://www.indiabudget.gov.in/budget_archive/es1980-81/esmain.htm,https://www.indiabudget.gov.in/budget_archive/es1980-81/9%20Problems%20and%20Prospects.pdf,9%20Problems%20and%20Prospects.pdf,english
1979-1980,https://www.indiabudget.gov.in/budget_archive/es1979-80/esmain.htm,https://www.indiabudget.gov.in/budget_archive/es1979-80/0%20Economic%20Survey%201979-80%20Index%20.pdf,0%20Economic%20Survey%201979-80%20Index%20.pdf,english
1979-1980,https://www.indiabudget.gov.in/budget_archive/es1979-80/esmain.htm,https://www.indiabudget.gov.in/budget_archive/es1979-80/1%20The%20Economic%20Situation%20in%201979-80.pdf,1%20The%20Economic%20Situation%20in%201979-80.pdf,english
1979-1980,https://www.indiabudget.gov.in/budget_archive/es1979-80/esmain.htm,https://www.indiabudget.gov.in/budget_archive/es1979-80/2%20Agricultural%20Production.pdf,2%20Agricultural%20Production.pdf,english
1979-1980,https://www.indiabudget.gov.in/budget_archive/es1979-80/esmain.htm,https://www.indiabudget.gov.in/budget_archive/es1979-80/3%20Industry%20and%20Infrastructure.pdf,3%20Industry%20and%20Infrastructure.pdf,english
1979-1980,https://www.indiabudget.gov.in/budget_archive/es1979-80/esmain.htm,https://www.indiabudget.gov.in/budget_archive/es1979-80/4%20Prices%20and%20Price%20Policy.pdf,4%20Prices%20and%20Price%20Policy.pdf,english
1979-1980,https://www.indiabudget.gov.in/budget_archive/es1979-80/esmain.htm,https://www.indiabudget.gov.in/budget_archive/es1979-80/5%20Fiscal%20Developments%20and%20Government%20Budgets.pdf,5%20Fiscal%20Developments%20and%20Government%20Budgets.pdf,english
1979-1980,https://www.indiabudget.gov.in/budget_archive/es1979-80/esmain.htm,https://www.indiabudget.gov.in/budget_archive/es1979-80/6%20Monetary%20and%20Credit%20Situation.pdf,6%20Monetary%20and%20Credit%20Situation.pdf,english
1979-1980,https://www.indiabudget.gov.in/budget_archive/es1979-80/esmain.htm,https://www.indiabudget.gov.in/budget_archive/es1979-80/7%20Foreign%20Trade%20and%20Balance%20of%20Payments.pdf,7%20Foreign%20Trade%20and%20Balance%20of%20Payments.pdf,english
1979-1980,https://www.indiabudget.gov.in/budget_archive/es1979-80/esmain.htm,https://www.indiabudget.gov.in/budget_archive/es1979-80/8%20Problems%20and%20Prospects.pdf,8%20Problems%20and%20Prospects.pdf,english
1978-1979,https://www.indiabudget.gov.in/budget_archive/es1978-79/esmain.htm,https://www.indiabudget.gov.in/budget_archive/es1978-79/0%20Economic%20Survey%201978-79%20Index.pdf,0%20Economic%20Survey%201978-79%20Index.pdf,english
1978-1979,https://www.indiabudget.gov.in/budget_archive/es1978-79/esmain.htm,https://www.indiabudget.gov.in/budget_archive/es1978-79/1%20The%20Economic%20Situation%20in%201978-79.pdf,1%20The%20Economic%20Situation%20in%201978-79.pdf,english
1978-1979,https://www.indiabudget.gov.in/budget_archive/es1978-79/esmain.htm,https://www.indiabudget.gov.in/budget_archive/es1978-79/2%20Agriculture.pdf,2%20Agriculture.pdf,english
1978-1979,https://www.indiabudget.gov.in/budget_archive/es1978-79/esmain.htm,https://www.indiabudget.gov.in/budget_archive/es1978-79/3%20Industrial%20Production.pdf,3%20Industrial%20Production.pdf,english
1978-1979,https://www.indiabudget.gov.in/budget_archive/es1978-79/esmain.htm,https://www.indiabudget.gov.in/budget_archive/es1978-79/4%20Prices%20and%20Price%20Policy.pdf,4%20Prices%20and%20Price%20Policy.pdf,english
1978-1979,https://www.indiabudget.gov.in/budget_archive/es1978-79/esmain.htm,https://www.indiabudget.gov.in/budget_archive/es1978-79/5%20Fiscal%20Policy%20and%20Government%20Budgets.PDF,5%20Fiscal%20Policy%20and%20Government%20Budgets.PDF,english
1978-1979,https://www.indiabudget.gov.in/budget_archive/es1978-79/esmain.htm,https://www.indiabudget.gov.in/budget_archive/es1978-79/6%20Monetary%20and%20credit%20situation.pdf,6%20Monetary%20and%20credit%20situation.pdf,english
1978-1979,https://www.indiabudget.gov.in/budget_archive/es1978-79/esmain.htm,https://www.indiabudget.gov.in/budget_archive/es1978-79/7%20Foreign%20Trade%20and%20Balance%20of%20Payments.pdf,7%20Foreign%20Trade%20and%20Balance%20of%20Payments.pdf,english
1978-1979,https://www.indiabudget.gov.in/budget_archive/es1978-79/esmain.htm,https://www.indiabudget.gov.in/budget_archive/es1978-79/8%20Problems%20and%20Prospects.pdf,8%20Problems%20and%20Prospects.pdf,english
1977-1978,https://www.indiabudget.gov.in/budget_archive/es1977-78/esmain.htm,https://www.indiabudget.gov.in/budget_archive/es1977-78/0%20Economic%20Survey%201977-78%20Index.pdf,0%20Economic%20Survey%201977-78%20Index.pdf,english
1977-1978,https://www.indiabudget.gov.in/budget_archive/es1977-78/esmain.htm,https://www.indiabudget.gov.in/budget_archive/es1977-78/1%20Economic%20Situation%20in%201977-78.pdf,1%20Economic%20Situation%20in%201977-78.pdf,english
1977-1978,https://www.indiabudget.gov.in/budget_archive/es1977-78/esmain.htm,https://www.indiabudget.gov.in/budget_archive/es1977-78/2%20Agriculture.pdf,2%20Agriculture.pdf,english
1977-1978,https://www.indiabudget.gov.in/budget_archive/es1977-78/esmain.htm,https://www.indiabudget.gov.in/budget_archive/es1977-78/3%20The%20Industrial%20Scene.pdf,3%20The%20Industrial%20Scene.pdf,english
1977-1978,https://www.indiabudget.gov.in/budget_archive/es1977-78/esmain.htm,https://www.indiabudget.gov.in/budget_archive/es1977-78/4%20Price%20and%20Price%20Policy.pdf,4%20Price%20and%20Price%20Policy.pdf,english
1977-1978,https://www.indiabudget.gov.in/budget_archive/es1977-78/esmain.htm,https://www.indiabudget.gov.in/budget_archive/es1977-78/5%20Government%20Finance%20and%20Fiscal%20Policy.pdf,5%20Government%20Finance%20and%20Fiscal%20Policy.pdf,english
1977-1978,https://www.indiabudget.gov.in/budget_archive/es1977-78/esmain.htm,https://www.indiabudget.gov.in/budget_archive/es1977-78/6%20Monetary%20and%20Credit%20Developments.pdf,6%20Monetary%20and%20Credit%20Developments.pdf,english
1977-1978,https://www.indiabudget.gov.in/budget_archive/es1977-78/esmain.htm,https://www.indiabudget.gov.in/budget_archive/es1977-78/7%20Foreign%20Trade%20and%20Balance%20of%20Payments.pdf,7%20Foreign%20Trade%20and%20Balance%20of%20Payments.pdf,english
1977-1978,https://www.indiabudget.gov.in/budget_archive/es1977-78/esmain.htm,https://www.indiabudget.gov.in/budget_archive/es1977-78/8%20Problems%20and%20Prospects.pdf,8%20Problems%20and%20Prospects.pdf,english
1976-1977,https://www.indiabudget.gov.in/budget_archive/es1976-77/esmain.htm,https://www.indiabudget.gov.in/budget_archive/es1976-77/0%20Economic%20Survey%201976-77%20Index.pdf,0%20Economic%20Survey%201976-77%20Index.pdf,english
1976-1977,https://www.indiabudget.gov.in/budget_archive/es1976-77/esmain.htm,https://www.indiabudget.gov.in/budget_archive/es1976-77/1%20The%20Indian%20Economy%20in%201976-77.pdf,1%20The%20Indian%20Economy%20in%201976-77.pdf,english
1976-1977,https://www.indiabudget.gov.in/budget_archive/es1976-77/esmain.htm,https://www.indiabudget.gov.in/budget_archive/es1976-77/2%20The%20Agricultural%20Situation.pdf,2%20The%20Agricultural%20Situation.pdf,english
1976-1977,https://www.indiabudget.gov.in/budget_archive/es1976-77/esmain.htm,https://www.indiabudget.gov.in/budget_archive/es1976-77/3%20The%20Industrial%20Scene.pdf,3%20The%20Industrial%20Scene.pdf,english
1976-1977,https://www.indiabudget.gov.in/budget_archive/es1976-77/esmain.htm,https://www.indiabudget.gov.in/budget_archive/es1976-77/4%20Price%20Behaviour%20and%20Price%20Policy.pdf,4%20Price%20Behaviour%20and%20Price%20Policy.pdf,english
1976-1977,https://www.indiabudget.gov.in/budget_archive/es1976-77/esmain.htm,https://www.indiabudget.gov.in/budget_archive/es1976-77/5%20Budgetary%20Trends%20and%20Fiscal%20Policy.pdf,5%20Budgetary%20Trends%20and%20Fiscal%20Policy.pdf,english
1976-1977,https://www.indiabudget.gov.in/budget_archive/es1976-77/esmain.htm,https://www.indiabudget.gov.in/budget_archive/es1976-77/6%20Money%20Supply%20and%20Bank%20Credit.pdf,6%20Money%20Supply%20and%20Bank%20Credit.pdf,english
1976-1977,https://www.indiabudget.gov.in/budget_archive/es1976-77/esmain.htm,https://www.indiabudget.gov.in/budget_archive/es1976-77/7%20Foreign%20Trade%20and%20Balance%20of%20Payments.pdf,7%20Foreign%20Trade%20and%20Balance%20of%20Payments.pdf,english
1976-1977,https://www.indiabudget.gov.in/budget_archive/es1976-77/esmain.htm,https://www.indiabudget.gov.in/budget_archive/es1976-77/8%201977-78%20Outlook%20and%20Tasks.pdf,8%201977-78%20Outlook%20and%20Tasks.pdf,english
1975-1976,https://www.indiabudget.gov.in/budget_archive/es1975-76/esmain.htm,https://www.indiabudget.gov.in/budget_archive/es1975-76/0%20Economic%20Survey%201975-76%20Index.pdf,0%20Economic%20Survey%201975-76%20Index.pdf,english
1975-1976,https://www.indiabudget.gov.in/budget_archive/es1975-76/esmain.htm,https://www.indiabudget.gov.in/budget_archive/es1975-76/1%20The%20Indian%20Economy%20in%201975-76.pdf,1%20The%20Indian%20Economy%20in%201975-76.pdf,english
1975-1976,https://www.indiabudget.gov.in/budget_archive/es1975-76/esmain.htm,https://www.indiabudget.gov.in/budget_archive/es1975-76/2%20Agricultural%20Production.pdf,2%20Agricultural%20Production.pdf,english
1975-1976,https://www.indiabudget.gov.in/budget_archive/es1975-76/esmain.htm,https://www.indiabudget.gov.in/budget_archive/es1975-76/3%20Industrial%20Production.pdf,3%20Industrial%20Production.pdf,english
1975-1976,https://www.indiabudget.gov.in/budget_archive/es1975-76/esmain.htm,"https://www.indiabudget.gov.in/budget_archive/es1975-76/4%20Prices,%20Procurement%20and%20Public%20Distribution.pdf","4%20Prices,%20Procurement%20and%20Public%20Distribution.pdf",english
1975-1976,https://www.indiabudget.gov.in/budget_archive/es1975-76/esmain.htm,https://www.indiabudget.gov.in/budget_archive/es1975-76/5%20Budgetary%20Trends%20and%20Fiscal%20Policy.pdf,5%20Budgetary%20Trends%20and%20Fiscal%20Policy.pdf,english
1975-1976,https://www.indiabudget.gov.in/budget_archive/es1975-76/esmain.htm,https://www.indiabudget.gov.in/budget_archive/es1975-76/6%20Monetary%20and%20Credit%20Trends%20and%20Policies.pdf,6%20Monetary%20and%20Credit%20Trends%20and%20Policies.pdf,english
1975-1976,https://www.indiabudget.gov.in/budget_archive/es1975-76/esmain.htm,https://www.indiabudget.gov.in/budget_archive/es1975-76/7%20Foreign%20Trade%20and%20The%20Balance%20of%20Payments.pdf,7%20Foreign%20Trade%20and%20The%20Balance%20of%20Payments.pdf,english
1975-1976,https://www.indiabudget.gov.in/budget_archive/es1975-76/esmain.htm,https://www.indiabudget.gov.in/budget_archive/es1975-76/8%201976-77-%20Economic%20Outlook%20Challenges%20and%20Opportunities.pdf,8%201976-77-%20Economic%20Outlook%20Challenges%20and%20Opportunities.pdf,english
1974-1975(1),https://www.indiabudget.gov.in/budget_archive/es1974-75 1/esmain.htm,https://www.indiabudget.gov.in/budget_archive/es1974-75 1/0%20Economic%20Survey%201974-75-1%20Index.pdf,0%20Economic%20Survey%201974-75-1%20Index.pdf,english
1974-1975(1),https://www.indiabudget.gov.in/budget_archive/es1974-75 1/esmain.htm,https://www.indiabudget.gov.in/budget_archive/es1974-75 1/CH_1.pdf,CH_1.pdf,english
1974-1975(1),https://www.indiabudget.gov.in/budget_archive/es1974-75 1/esmain.htm,https://www.indiabudget.gov.in/budget_archive/es1974-75 1/CH_2.pdf,CH_2.pdf,english
1974-1975(1),https://www.indiabudget.gov.in/budget_archive/es1974-75 1/esmain.htm,https://www.indiabudget.gov.in/budget_archive/es1974-75 1/CH_3.pdf,CH_3.pdf,english
1974-1975(1),https://www.indiabudget.gov.in/budget_archive/es1974-75 1/esmain.htm,https://www.indiabudget.gov.in/budget_archive/es1974-75 1/CH_4.pdf,CH_4.pdf,english
1974-1975(1),https://www.indiabudget.gov.in/budget_archive/es1974-75 1/esmain.htm,https://www.indiabudget.gov.in/budget_archive/es1974-75 1/CH_5.pdf,CH_5.pdf,english
1974-1975(1),https://www.indiabudget.gov.in/budget_archive/es1974-75 1/esmain.htm,https://www.indiabudget.gov.in/budget_archive/es1974-75 1/CH_6.pdf,CH_6.pdf,english
1974-1975(1),https://www.indiabudget.gov.in/budget_archive/es1974-75 1/esmain.htm,https://www.indiabudget.gov.in/budget_archive/es1974-75 1/CH_7.pdf,CH_7.pdf,english
1974-1975(2),https://www.indiabudget.gov.in/budget_archive/es1974-75 2/esmain.htm,https://www.indiabudget.gov.in/budget_archive/es1974-75 2/0%20Economic%20Survey%201974-75%20Index.pdf,0%20Economic%20Survey%201974-75%20Index.pdf,english
1974-1975(2),https://www.indiabudget.gov.in/budget_archive/es1974-75 2/esmain.htm,https://www.indiabudget.gov.in/budget_archive/es1974-75 2/1%20The%20Economy%20in%201974-75.pdf,1%20The%20Economy%20in%201974-75.pdf,english
1974-1975(2),https://www.indiabudget.gov.in/budget_archive/es1974-75 2/esmain.htm,https://www.indiabudget.gov.in/budget_archive/es1974-75 2/2%20Trends%20in%20Agricultural%20Production.pdf,2%20Trends%20in%20Agricultural%20Production.pdf,english
1974-1975(2),https://www.indiabudget.gov.in/budget_archive/es1974-75 2/esmain.htm,https://www.indiabudget.gov.in/budget_archive/es1974-75 2/3%20The%20Industrial%20Scene.pdf,3%20The%20Industrial%20Scene.pdf,english
1974-1975(2),https://www.indiabudget.gov.in/budget_archive/es1974-75 2/esmain.htm,https://www.indiabudget.gov.in/budget_archive/es1974-75 2/4%20The%20Price%20Behaviour.pdf,4%20The%20Price%20Behaviour.pdf,english
1974-1975(2),https://www.indiabudget.gov.in/budget_archive/es1974-75 2/esmain.htm,https://www.indiabudget.gov.in/budget_archive/es1974-75 2/5%20Budgetary%20Trends%20and%20Fiscal%20Policy.pdf,5%20Budgetary%20Trends%20and%20Fiscal%20Policy.pdf,english
1974-1975(2),https://www.indiabudget.gov.in/budget_archive/es1974-75 2/esmain.htm,https://www.indiabudget.gov.in/budget_archive/es1974-75 2/6%20Monetary%20Trends%20and%20Credit%20Policy.pdf,6%20Monetary%20Trends%20and%20Credit%20Policy.pdf,english
1974-1975(2),https://www.indiabudget.gov.in/budget_archive/es1974-75 2/esmain.htm,https://www.indiabudget.gov.in/budget_archive/es1974-75 2/7%20Balance%20of%20Payments%20and%20Foreign%20Trade.pdf,7%20Balance%20of%20Payments%20and%20Foreign%20Trade.pdf,english
1974-1975(2),https://www.indiabudget.gov.in/budget_archive/es1974-75 2/esmain.htm,https://www.indiabudget.gov.in/budget_archive/es1974-75 2/8%20The%20Outlook%20For%201975-76.pdf,8%20The%20Outlook%20For%201975-76.pdf,english
1974-1975(3),https://www.indiabudget.gov.in/budget_archive/es1974-75 3/esmain.htm,https://www.indiabudget.gov.in/budget_archive/es1974-75 3/0%20Economic%20Survey%201974-75%20Index.pdf,0%20Economic%20Survey%201974-75%20Index.pdf,english
1974-1975(3),https://www.indiabudget.gov.in/budget_archive/es1974-75 3/esmain.htm,https://www.indiabudget.gov.in/budget_archive/es1974-75 3/2%20Trends%20in%20Agricultural%20Production.pdf,2%20Trends%20in%20Agricultural%20Production.pdf,english
1974-1975(3),https://www.indiabudget.gov.in/budget_archive/es1974-75 3/esmain.htm,https://www.indiabudget.gov.in/budget_archive/es1974-75 3/2%20Trends%20in%20Agricultural%20Production.pdf,2%20Trends%20in%20Agricultural%20Production.pdf,english
1974-1975(3),https://www.indiabudget.gov.in/budget_archive/es1974-75 3/esmain.htm,https://www.indiabudget.gov.in/budget_archive/es1974-75 3/3%20The%20Industrial%20Scene.pdf,3%20The%20Industrial%20Scene.pdf,english
1974-1975(3),https://www.indiabudget.gov.in/budget_archive/es1974-75 3/esmain.htm,https://www.indiabudget.gov.in/budget_archive/es1974-75 3/4%20The%20Price%20Behaviour.pdf,4%20The%20Price%20Behaviour.pdf,english
1974-1975(3),https://www.indiabudget.gov.in/budget_archive/es1974-75 3/esmain.htm,https://www.indiabudget.gov.in/budget_archive/es1974-75 3/5%20Budgetary%20Trends%20and%20Fiscal%20Policy.pdf,5%20Budgetary%20Trends%20and%20Fiscal%20Policy.pdf,english
1974-1975(3),https://www.indiabudget.gov.in/budget_archive/es1974-75 3/esmain.htm,https://www.indiabudget.gov.in/budget_archive/es1974-75 3/6%20Monetary%20Trends%20and%20Credit%20Policy.pdf,6%20Monetary%20Trends%20and%20Credit%20Policy.pdf,english
1974-1975(3),https://www.indiabudget.gov.in/budget_archive/es1974-75 3/esmain.htm,https://www.indiabudget.gov.in/budget_archive/es1974-75 3/7%20Balance%20of%20Payments%20and%20Foreign%20Trade.pdf,7%20Balance%20of%20Payments%20and%20Foreign%20Trade.pdf,english
1974-1975(3),https://www.indiabudget.gov.in/budget_archive/es1974-75 3/esmain.htm,https://www.indiabudget.gov.in/budget_archive/es1974-75 3/8%20The%20Outlook%20For%201975-76.pdf,8%20The%20Outlook%20For%201975-76.pdf,english
1973-1974,https://www.indiabudget.gov.in/budget_archive/es1973-74/esmain.htm,https://www.indiabudget.gov.in/budget_archive/es1973-74/0%20Economic%20Survey%201973-74%20Index.pdf,0%20Economic%20Survey%201973-74%20Index.pdf,english
1973-1974,https://www.indiabudget.gov.in/budget_archive/es1973-74/esmain.htm,https://www.indiabudget.gov.in/budget_archive/es1973-74/1%20The%20Economic%20in%201973-74%20-%20A%20Synoptic%20View.pdf,1%20The%20Economic%20in%201973-74%20-%20A%20Synoptic%20View.pdf,english
1973-1974,https://www.indiabudget.gov.in/budget_archive/es1973-74/esmain.htm,https://www.indiabudget.gov.in/budget_archive/es1973-74/2%20The%20Agrarian%20Trends.pdf,2%20The%20Agrarian%20Trends.pdf,english
1973-1974,https://www.indiabudget.gov.in/budget_archive/es1973-74/esmain.htm,https://www.indiabudget.gov.in/budget_archive/es1973-74/3%20Industrial%20Production.pdf,3%20Industrial%20Production.pdf,english
1973-1974,https://www.indiabudget.gov.in/budget_archive/es1973-74/esmain.htm,https://www.indiabudget.gov.in/budget_archive/es1973-74/4%20The%20Price%20Behaviour.pdf,4%20The%20Price%20Behaviour.pdf,english
1973-1974,https://www.indiabudget.gov.in/budget_archive/es1973-74/esmain.htm,https://www.indiabudget.gov.in/budget_archive/es1973-74/5%20Budgetary%20Trends%20and%20Fiscal%20Policy.pdf,5%20Budgetary%20Trends%20and%20Fiscal%20Policy.pdf,english
1973-1974,https://www.indiabudget.gov.in/budget_archive/es1973-74/esmain.htm,https://www.indiabudget.gov.in/budget_archive/es1973-74/6%20Money%20Credit%20and%20Banking.pdf,6%20Money%20Credit%20and%20Banking.pdf,english
1973-1974,https://www.indiabudget.gov.in/budget_archive/es1973-74/esmain.htm,https://www.indiabudget.gov.in/budget_archive/es1973-74/7%20Foreign%20Trade%20and%20Balance%20of%20Payments.pdf,7%20Foreign%20Trade%20and%20Balance%20of%20Payments.pdf,english
1973-1974,https://www.indiabudget.gov.in/budget_archive/es1973-74/esmain.htm,https://www.indiabudget.gov.in/budget_archive/es1973-74/8%20The%20Economic%20Challenges%20of%201974-75.pdf,8%20The%20Economic%20Challenges%20of%201974-75.pdf,english
1972-1973,https://www.indiabudget.gov.in/budget_archive/es1972-73/esmain.htm,https://www.indiabudget.gov.in/budget_archive/es1972-73/0%20Economic%20Survey%201972-73%20Index.pdf,0%20Economic%20Survey%201972-73%20Index.pdf,english
1972-1973,https://www.indiabudget.gov.in/budget_archive/es1972-73/esmain.htm,https://www.indiabudget.gov.in/budget_archive/es1972-73/1%20The%20Economy%20in%201972-73_An%20Overall%20View.pdf,1%20The%20Economy%20in%201972-73_An%20Overall%20View.pdf,english
1972-1973,https://www.indiabudget.gov.in/budget_archive/es1972-73/esmain.htm,https://www.indiabudget.gov.in/budget_archive/es1972-73/2%20The%20Agrarian%20Scene.pdf,2%20The%20Agrarian%20Scene.pdf,english
1972-1973,https://www.indiabudget.gov.in/budget_archive/es1972-73/esmain.htm,https://www.indiabudget.gov.in/budget_archive/es1972-73/3%20Industrial%20Production.pdf,3%20Industrial%20Production.pdf,english
1972-1973,https://www.indiabudget.gov.in/budget_archive/es1972-73/esmain.htm,https://www.indiabudget.gov.in/budget_archive/es1972-73/4%20Price%20Trends.pdf,4%20Price%20Trends.pdf,english
1972-1973,https://www.indiabudget.gov.in/budget_archive/es1972-73/esmain.htm,https://www.indiabudget.gov.in/budget_archive/es1972-73/5%20Budgetary%20Trends%20and%20Fiscal%20Policy.pdf,5%20Budgetary%20Trends%20and%20Fiscal%20Policy.pdf,english
1972-1973,https://www.indiabudget.gov.in/budget_archive/es1972-73/esmain.htm,https://www.indiabudget.gov.in/budget_archive/es1972-73/6%20Monetary%20Developments%20and%20Credit%20Policy.pdf,6%20Monetary%20Developments%20and%20Credit%20Policy.pdf,english
1972-1973,https://www.indiabudget.gov.in/budget_archive/es1972-73/esmain.htm,https://www.indiabudget.gov.in/budget_archive/es1972-73/7%20Foreign%20Trade%20and%20Balance%20of%20Payments.pdf,7%20Foreign%20Trade%20and%20Balance%20of%20Payments.pdf,english
1972-1973,https://www.indiabudget.gov.in/budget_archive/es1972-73/esmain.htm,https://www.indiabudget.gov.in/budget_archive/es1972-73/8%20The%20Economic%20Outlook%20for%201973-74%20And%20The%20Task%20Ahead.pdf,8%20The%20Economic%20Outlook%20for%201973-74%20And%20The%20Task%20Ahead.pdf,english
1971-1972,https://www.indiabudget.gov.in/budget_archive/es1971-72/esmain.htm,https://www.indiabudget.gov.in/budget_archive/es1971-72/0%20Economic%20Survey%201971-72.pdf,0%20Economic%20Survey%201971-72.pdf,english
1971-1972,https://www.indiabudget.gov.in/budget_archive/es1971-72/esmain.htm,https://www.indiabudget.gov.in/budget_archive/es1971-72/1%20Major%20Economic%20Developments.pdf,1%20Major%20Economic%20Developments.pdf,english
1971-1972,https://www.indiabudget.gov.in/budget_archive/es1971-72/esmain.htm,https://www.indiabudget.gov.in/budget_archive/es1971-72/2%20Problems%20in%20Agriculture%20and%20The%20Rural%20Economy.pdf,2%20Problems%20in%20Agriculture%20and%20The%20Rural%20Economy.pdf,english
1971-1972,https://www.indiabudget.gov.in/budget_archive/es1971-72/esmain.htm,https://www.indiabudget.gov.in/budget_archive/es1971-72/3%20The%20Industrial%20Scene.pdf,3%20The%20Industrial%20Scene.pdf,english
1971-1972,https://www.indiabudget.gov.in/budget_archive/es1971-72/esmain.htm,https://www.indiabudget.gov.in/budget_archive/es1971-72/4%20The%20Budget%20and%20The%20Plan.pdf,4%20The%20Budget%20and%20The%20Plan.pdf,english
1971-1972,https://www.indiabudget.gov.in/budget_archive/es1971-72/esmain.htm,https://www.indiabudget.gov.in/budget_archive/es1971-72/5%20Credit%20Policy.pdf,5%20Credit%20Policy.pdf,english
1971-1972,https://www.indiabudget.gov.in/budget_archive/es1971-72/esmain.htm,https://www.indiabudget.gov.in/budget_archive/es1971-72/6%20External%20Assistance%20and%20Self-Reliance.pdf,6%20External%20Assistance%20and%20Self-Reliance.pdf,english
1971-1972,https://www.indiabudget.gov.in/budget_archive/es1971-72/esmain.htm,https://www.indiabudget.gov.in/budget_archive/es1971-72/7%20Review%20and%20Assessment.pdf,7%20Review%20and%20Assessment.pdf,english
1970-1971,https://www.indiabudget.gov.in/budget_archive/es1970-71/esmain.htm,https://www.indiabudget.gov.in/budget_archive/es1970-71/0%20Economic%20Survey%201970-71%20Index.pdf,0%20Economic%20Survey%201970-71%20Index.pdf,english
1970-1971,https://www.indiabudget.gov.in/budget_archive/es1970-71/esmain.htm,https://www.indiabudget.gov.in/budget_archive/es1970-71/1%20Introduction.pdf,1%20Introduction.pdf,english
1970-1971,https://www.indiabudget.gov.in/budget_archive/es1970-71/esmain.htm,https://www.indiabudget.gov.in/budget_archive/es1970-71/2%20Agricultural%20Production.pdf,2%20Agricultural%20Production.pdf,english
1970-1971,https://www.indiabudget.gov.in/budget_archive/es1970-71/esmain.htm,https://www.indiabudget.gov.in/budget_archive/es1970-71/3%20Industrial%20Performance.pdf,3%20Industrial%20Performance.pdf,english
1970-1971,https://www.indiabudget.gov.in/budget_archive/es1970-71/esmain.htm,https://www.indiabudget.gov.in/budget_archive/es1970-71/4%20Fiscal%20Developments.pdf,4%20Fiscal%20Developments.pdf,english
1970-1971,https://www.indiabudget.gov.in/budget_archive/es1970-71/esmain.htm,https://www.indiabudget.gov.in/budget_archive/es1970-71/5%20Monetary%20Developments.pdf,5%20Monetary%20Developments.pdf,english
1970-1971,https://www.indiabudget.gov.in/budget_archive/es1970-71/esmain.htm,https://www.indiabudget.gov.in/budget_archive/es1970-71/6%20The%20Price%20Situation.pdf,6%20The%20Price%20Situation.pdf,english
1970-1971,https://www.indiabudget.gov.in/budget_archive/es1970-71/esmain.htm,https://www.indiabudget.gov.in/budget_archive/es1970-71/7%20Balance%20of%20Payments%20and%20Foreign%20Aid.pdf,7%20Balance%20of%20Payments%20and%20Foreign%20Aid.pdf,english
1970-1971,https://www.indiabudget.gov.in/budget_archive/es1970-71/esmain.htm,https://www.indiabudget.gov.in/budget_archive/es1970-71/8%20The%20Tasks%20Ahead.pdf,8%20The%20Tasks%20Ahead.pdf,english
1969-1970,https://www.indiabudget.gov.in/budget_archive/es1969-70/esmain.htm,https://www.indiabudget.gov.in/budget_archive/es1969-70/0%20Economic%20Survey%201969-70%20INDEX.pdf,0%20Economic%20Survey%201969-70%20INDEX.pdf,english
1969-1970,https://www.indiabudget.gov.in/budget_archive/es1969-70/esmain.htm,https://www.indiabudget.gov.in/budget_archive/es1969-70/1%20Introduction.pdf,1%20Introduction.pdf,english
1969-1970,https://www.indiabudget.gov.in/budget_archive/es1969-70/esmain.htm,https://www.indiabudget.gov.in/budget_archive/es1969-70/2%20Agricultural%20Production.pdf,2%20Agricultural%20Production.pdf,english
1969-1970,https://www.indiabudget.gov.in/budget_archive/es1969-70/esmain.htm,https://www.indiabudget.gov.in/budget_archive/es1969-70/6%20The%20Price%20Situation.pdf,6%20The%20Price%20Situation.pdf,english
1969-1970,https://www.indiabudget.gov.in/budget_archive/es1969-70/esmain.htm,https://www.indiabudget.gov.in/budget_archive/es1969-70/7%20Balance%20of%20Payments%20and%20Foreign%20Aid.pdf,7%20Balance%20of%20Payments%20and%20Foreign%20Aid.pdf,english
1969-1970,https://www.indiabudget.gov.in/budget_archive/es1969-70/esmain.htm,https://www.indiabudget.gov.in/budget_archive/es1969-70/8%20Prospects%20and%20Tasks%20For%201970-71.pdf,8%20Prospects%20and%20Tasks%20For%201970-71.pdf,english
1968-1969,https://www.indiabudget.gov.in/budget_archive/es1968-69/esmain.htm,https://www.indiabudget.gov.in/budget_archive/es1968-69/0%20Economic%20Survey%201968_69%20INDEX.pdf,0%20Economic%20Survey%201968_69%20INDEX.pdf,english
1968-1969,https://www.indiabudget.gov.in/budget_archive/es1968-69/esmain.htm,https://www.indiabudget.gov.in/budget_archive/es1968-69/1%20Introduction.pdf,1%20Introduction.pdf,english
1968-1969,https://www.indiabudget.gov.in/budget_archive/es1968-69/esmain.htm,https://www.indiabudget.gov.in/budget_archive/es1968-69/2%20Agricultural%20Performance.pdf,2%20Agricultural%20Performance.pdf,english
1968-1969,https://www.indiabudget.gov.in/budget_archive/es1968-69/esmain.htm,https://www.indiabudget.gov.in/budget_archive/es1968-69/3%20Industrial%20Recovery.pdf,3%20Industrial%20Recovery.pdf,english
1968-1969,https://www.indiabudget.gov.in/budget_archive/es1968-69/esmain.htm,https://www.indiabudget.gov.in/budget_archive/es1968-69/4%20The%20Price%20Situation.pdf,4%20The%20Price%20Situation.pdf,english
1968-1969,https://www.indiabudget.gov.in/budget_archive/es1968-69/esmain.htm,https://www.indiabudget.gov.in/budget_archive/es1968-69/5%20Fiscal%20and%20Monetary%20Developments.pdf,5%20Fiscal%20and%20Monetary%20Developments.pdf,english
1968-1969,https://www.indiabudget.gov.in/budget_archive/es1968-69/esmain.htm,https://www.indiabudget.gov.in/budget_archive/es1968-69/6%20The%20Balance%20of%20Payments%20and%20Foreigen%20Aid.pdf,6%20The%20Balance%20of%20Payments%20and%20Foreigen%20Aid.pdf,english
1968-1969,https://www.indiabudget.gov.in/budget_archive/es1968-69/esmain.htm,https://www.indiabudget.gov.in/budget_archive/es1968-69/7%20Assessment%20in%20Brief.pdf,7%20Assessment%20in%20Brief.pdf,english
1967-1968,https://www.indiabudget.gov.in/budget_archive/es1967-68/esmain.htm,https://www.indiabudget.gov.in/budget_archive/es1967-68/0%20Economic%20Survey%201967-68%20INDEX.pdf,0%20Economic%20Survey%201967-68%20INDEX.pdf,english
1967-1968,https://www.indiabudget.gov.in/budget_archive/es1967-68/esmain.htm,https://www.indiabudget.gov.in/budget_archive/es1967-68/CH_1.pdf,CH_1.pdf,english
1967-1968,https://www.indiabudget.gov.in/budget_archive/es1967-68/esmain.htm,https://www.indiabudget.gov.in/budget_archive/es1967-68/CH_2.pdf,CH_2.pdf,english
1967-1968,https://www.indiabudget.gov.in/budget_archive/es1967-68/esmain.htm,https://www.indiabudget.gov.in/budget_archive/es1967-68/CH_3.pdf,CH_3.pdf,english
1967-1968,https://www.indiabudget.gov.in/budget_archive/es1967-68/esmain.htm,https://www.indiabudget.gov.in/budget_archive/es1967-68/CH_4.pdf,CH_4.pdf,english
1967-1968,https://www.indiabudget.gov.in/budget_archive/es1967-68/esmain.htm,https://www.indiabudget.gov.in/budget_archive/es1967-68/CH_5.pdf,CH_5.pdf,english
1966-1967,https://www.indiabudget.gov.in/budget_archive/es1966-67/esmain.htm,https://www.indiabudget.gov.in/budget_archive/es1966-67/0%20Economic%20Survey%201966-67%20INDEX.pdf,0%20Economic%20Survey%201966-67%20INDEX.pdf,english
1966-1967,https://www.indiabudget.gov.in/budget_archive/es1966-67/esmain.htm,https://www.indiabudget.gov.in/budget_archive/es1966-67/CH_1.pdf,CH_1.pdf,english
1966-1967,https://www.indiabudget.gov.in/budget_archive/es1966-67/esmain.htm,https://www.indiabudget.gov.in/budget_archive/es1966-67/CH_2.pdf,CH_2.pdf,english
1966-1967,https://www.indiabudget.gov.in/budget_archive/es1966-67/esmain.htm,https://www.indiabudget.gov.in/budget_archive/es1966-67/CH_3.pdf,CH_3.pdf,english
1966-1967,https://www.indiabudget.gov.in/budget_archive/es1966-67/esmain.htm,https://www.indiabudget.gov.in/budget_archive/es1966-67/CH_4.pdf,CH_4.pdf,english
1966-1967,https://www.indiabudget.gov.in/budget_archive/es1966-67/esmain.htm,https://www.indiabudget.gov.in/budget_archive/es1966-67/CH_5.pdf,CH_5.pdf,english
1965-1966,https://www.indiabudget.gov.in/budget_archive/es1965-66/esmain.htm,https://www.indiabudget.gov.in/budget_archive/es1965-66/0%20Economic%20Survey%201965-66%20Index.pdf,0%20Economic%20Survey%201965-66%20Index.pdf,english
1965-1966,https://www.indiabudget.gov.in/budget_archive/es1965-66/esmain.htm,https://www.indiabudget.gov.in/budget_archive/es1965-66/PART_I.pdf,PART_I.pdf,english
1965-1966,https://www.indiabudget.gov.in/budget_archive/es1965-66/esmain.htm,https://www.indiabudget.gov.in/budget_archive/es1965-66/PART_II.pdf,PART_II.pdf,english
1964-1965,https://www.indiabudget.gov.in/budget_archive/es1964-65/esmain.htm,https://www.indiabudget.gov.in/budget_archive/es1964-65/0%20Economic%20Survey%201964-65%20Index.pdf,0%20Economic%20Survey%201964-65%20Index.pdf,english
1964-1965,https://www.indiabudget.gov.in/budget_archive/es1964-65/esmain.htm,https://www.indiabudget.gov.in/budget_archive/es1964-65/PART_I.pdf,PART_I.pdf,english
1964-1965,https://www.indiabudget.gov.in/budget_archive/es1964-65/esmain.htm,https://www.indiabudget.gov.in/budget_archive/es1964-65/PART_II.pdf,PART_II.pdf,english
1963-1964,https://www.indiabudget.gov.in/budget_archive/es1963-64/esmain.htm,https://www.indiabudget.gov.in/budget_archive/es1963-64/0%20Economic%20Survey%201963-64%20Index.pdf,0%20Economic%20Survey%201963-64%20Index.pdf,english
1963-1964,https://www.indiabudget.gov.in/budget_archive/es1963-64/esmain.htm,https://www.indiabudget.gov.in/budget_archive/es1963-64/PART_I.pdf,PART_I.pdf,english
1963-1964,https://www.indiabudget.gov.in/budget_archive/es1963-64/esmain.htm,https://www.indiabudget.gov.in/budget_archive/es1963-64/PART_II.pdf,PART_II.pdf,english
1962-1963,https://www.indiabudget.gov.in/budget_archive/es1962-63/esmain.htm,https://www.indiabudget.gov.in/budget_archive/es1962-63/0%20Economic%20Survey%201962-63%20Index.pdf,0%20Economic%20Survey%201962-63%20Index.pdf,english
1962-1963,https://www.indiabudget.gov.in/budget_archive/es1962-63/esmain.htm,https://www.indiabudget.gov.in/budget_archive/es1962-63/1%20Developments%20in%201961-62.pdf,1%20Developments%20in%201961-62.pdf,english
1962-1963,https://www.indiabudget.gov.in/budget_archive/es1962-63/esmain.htm,https://www.indiabudget.gov.in/budget_archive/es1962-63/2%20The%20First%20Half%20of%201962-63.pdf,2%20The%20First%20Half%20of%201962-63.pdf,english
1962-1963,https://www.indiabudget.gov.in/budget_archive/es1962-63/esmain.htm,https://www.indiabudget.gov.in/budget_archive/es1962-63/3%20Developments%20since%20the%20Emergency.pdf,3%20Developments%20since%20the%20Emergency.pdf,english
1962-1963,https://www.indiabudget.gov.in/budget_archive/es1962-63/esmain.htm,https://www.indiabudget.gov.in/budget_archive/es1962-63/4%20Prospects%20for%201963-64.pdf,4%20Prospects%20for%201963-64.pdf,english
1962-1963,https://www.indiabudget.gov.in/budget_archive/es1962-63/esmain.htm,https://www.indiabudget.gov.in/budget_archive/es1962-63/1%20Agricultural%20Production.pdf,1%20Agricultural%20Production.pdf,english
1962-1963,https://www.indiabudget.gov.in/budget_archive/es1962-63/esmain.htm,https://www.indiabudget.gov.in/budget_archive/es1962-63/2%20Industrial%20Production.pdf,2%20Industrial%20Production.pdf,english
1962-1963,https://www.indiabudget.gov.in/budget_archive/es1962-63/esmain.htm,https://www.indiabudget.gov.in/budget_archive/es1962-63/3%20Coal%20and%20Steel.pdf,3%20Coal%20and%20Steel.pdf,english
1962-1963,https://www.indiabudget.gov.in/budget_archive/es1962-63/esmain.htm,https://www.indiabudget.gov.in/budget_archive/es1962-63/4%20Power%20and%20Transport.pdf,4%20Power%20and%20Transport.pdf,english
1962-1963,https://www.indiabudget.gov.in/budget_archive/es1962-63/esmain.htm,https://www.indiabudget.gov.in/budget_archive/es1962-63/5%20Budgetary%20Transactions.pdf,5%20Budgetary%20Transactions.pdf,english
1962-1963,https://www.indiabudget.gov.in/budget_archive/es1962-63/esmain.htm,https://www.indiabudget.gov.in/budget_archive/es1962-63/6%20Money%20and%20Capital%20market.pdf,6%20Money%20and%20Capital%20market.pdf,english
1962-1963,https://www.indiabudget.gov.in/budget_archive/es1962-63/esmain.htm,https://www.indiabudget.gov.in/budget_archive/es1962-63/7%20Prices.pdf,7%20Prices.pdf,english
1962-1963,https://www.indiabudget.gov.in/budget_archive/es1962-63/esmain.htm,https://www.indiabudget.gov.in/budget_archive/es1962-63/8%20Balance%20of%20Payments.pdf,8%20Balance%20of%20Payments.pdf,english
1961-1962,https://www.indiabudget.gov.in/budget_archive/es1961-62/esmain.htm,https://www.indiabudget.gov.in/budget_archive/es1961-62/0%20Economic%20Survey%201961-62%20Index.pdf,0%20Economic%20Survey%201961-62%20Index.pdf,english
1961-1962,https://www.indiabudget.gov.in/budget_archive/es1961-62/esmain.htm,https://www.indiabudget.gov.in/budget_archive/es1961-62/1%20Assessment%20in%20Brief.pdf,1%20Assessment%20in%20Brief.pdf,english
1961-1962,https://www.indiabudget.gov.in/budget_archive/es1961-62/esmain.htm,https://www.indiabudget.gov.in/budget_archive/es1961-62/2%20Production%20and%20Supplies.pdf,2%20Production%20and%20Supplies.pdf,english
1961-1962,https://www.indiabudget.gov.in/budget_archive/es1961-62/esmain.htm,https://www.indiabudget.gov.in/budget_archive/es1961-62/3%20Government%20Outlays%20and%20Private%20Investment.pdf,3%20Government%20Outlays%20and%20Private%20Investment.pdf,english
1961-1962,https://www.indiabudget.gov.in/budget_archive/es1961-62/esmain.htm,https://www.indiabudget.gov.in/budget_archive/es1961-62/4%20Money%20and%20Capital%20Markets.pdf,4%20Money%20and%20Capital%20Markets.pdf,english
1961-1962,https://www.indiabudget.gov.in/budget_archive/es1961-62/esmain.htm,https://www.indiabudget.gov.in/budget_archive/es1961-62/5%20Prices.pdf,5%20Prices.pdf,english
1961-1962,https://www.indiabudget.gov.in/budget_archive/es1961-62/esmain.htm,https://www.indiabudget.gov.in/budget_archive/es1961-62/6%20Balance%20of%20Payments.pdf,6%20Balance%20of%20Payments.pdf,english
1961-1962,https://www.indiabudget.gov.in/budget_archive/es1961-62/esmain.htm,https://www.indiabudget.gov.in/budget_archive/es1961-62/7%20Employment.pdf,7%20Employment.pdf,english
1961-1962,https://www.indiabudget.gov.in/budget_archive/es1961-62/esmain.htm,https://www.indiabudget.gov.in/budget_archive/es1961-62/8%20Economic%20Polcy%20and%20Measures.pdf,8%20Economic%20Polcy%20and%20Measures.pdf,english
1961-1962,https://www.indiabudget.gov.in/budget_archive/es1961-62/esmain.htm,https://www.indiabudget.gov.in/budget_archive/es1961-62/9%20Outlook%20for%201962-63.pdf,9%20Outlook%20for%201962-63.pdf,english
1960-1961,https://www.indiabudget.gov.in/budget_archive/es1960-61/esmain.htm,https://www.indiabudget.gov.in/budget_archive/es1960-61/1%20The%20Assessment%20In%20Brief.pdf,1%20The%20Assessment%20In%20Brief.pdf,english
1960-1961,https://www.indiabudget.gov.in/budget_archive/es1960-61/esmain.htm,https://www.indiabudget.gov.in/budget_archive/es1960-61/2%20Production.pdf,2%20Production.pdf,english
1960-1961,https://www.indiabudget.gov.in/budget_archive/es1960-61/esmain.htm,https://www.indiabudget.gov.in/budget_archive/es1960-61/3%20Employment.pdf,3%20Employment.pdf,english
1960-1961,https://www.indiabudget.gov.in/budget_archive/es1960-61/esmain.htm,https://www.indiabudget.gov.in/budget_archive/es1960-61/4%20Monetary%20Trends.pdf,4%20Monetary%20Trends.pdf,english
1960-1961,https://www.indiabudget.gov.in/budget_archive/es1960-61/esmain.htm,https://www.indiabudget.gov.in/budget_archive/es1960-61/5%20Prices.pdf,5%20Prices.pdf,english
1960-1961,https://www.indiabudget.gov.in/budget_archive/es1960-61/esmain.htm,https://www.indiabudget.gov.in/budget_archive/es1960-61/6%20Balance%20of%20Payments.pdf,6%20Balance%20of%20Payments.pdf,english
1960-1961,https://www.indiabudget.gov.in/budget_archive/es1960-61/esmain.htm,https://www.indiabudget.gov.in/budget_archive/es1960-61/7%20Economic%20Policy%20And%20Measures.pdf,7%20Economic%20Policy%20And%20Measures.pdf,english
1960-1961,https://www.indiabudget.gov.in/budget_archive/es1960-61/esmain.htm,https://www.indiabudget.gov.in/budget_archive/es1960-61/8%20The%20Outlook%20For%201961-62.pdf,8%20The%20Outlook%20For%201961-62.pdf,english
1960-1961,https://www.indiabudget.gov.in/budget_archive/es1960-61/esmain.htm,https://www.indiabudget.gov.in/budget_archive/es1960-61/9%20The%20Plan.pdf,9%20The%20Plan.pdf,english
1958-1959,https://www.indiabudget.gov.in/budget_archive/es1958-59/esmain.htm,https://www.indiabudget.gov.in/budget_archive/es1958-59/1%20The%20Economic%20Situation.pdf,1%20The%20Economic%20Situation.pdf,english
1958-1959,https://www.indiabudget.gov.in/budget_archive/es1958-59/esmain.htm,https://www.indiabudget.gov.in/budget_archive/es1958-59/2%20Production.pdf,2%20Production.pdf,english
1958-1959,https://www.indiabudget.gov.in/budget_archive/es1958-59/esmain.htm,https://www.indiabudget.gov.in/budget_archive/es1958-59/3%20Employment.pdf,3%20Employment.pdf,english
1958-1959,https://www.indiabudget.gov.in/budget_archive/es1958-59/esmain.htm,https://www.indiabudget.gov.in/budget_archive/es1958-59/4%20Monetary%20Trends.pdf,4%20Monetary%20Trends.pdf,english
1958-1959,https://www.indiabudget.gov.in/budget_archive/es1958-59/esmain.htm,https://www.indiabudget.gov.in/budget_archive/es1958-59/5%20Prices.pdf,5%20Prices.pdf,english
1958-1959,https://www.indiabudget.gov.in/budget_archive/es1958-59/esmain.htm,https://www.indiabudget.gov.in/budget_archive/es1958-59/6%20Balance%20of%20Payments.pdf,6%20Balance%20of%20Payments.pdf,english
1958-1959,https://www.indiabudget.gov.in/budget_archive/es1958-59/esmain.htm,https://www.indiabudget.gov.in/budget_archive/es1958-59/7%20Economic%20Policy%20and%20Measures.pdf,7%20Economic%20Policy%20and%20Measures.pdf,english
1958-1959,https://www.indiabudget.gov.in/budget_archive/es1958-59/esmain.htm,https://www.indiabudget.gov.in/budget_archive/es1958-59/8%20The%20Outlook.pdf,8%20The%20Outlook.pdf,english
1958-1959,https://www.indiabudget.gov.in/budget_archive/es1958-59/esmain.htm,https://www.indiabudget.gov.in/budget_archive/es1958-59/9%20The%20Plan.pdf,9%20The%20Plan.pdf,english
1957-1958,https://www.indiabudget.gov.in/budget_archive/es1957-58/esmain.htm,https://www.indiabudget.gov.in/budget_archive/es1957-58/1%20Stresses%20and%20Strains%20of%20Development.pdf,1%20Stresses%20and%20Strains%20of%20Development.pdf,english
1957-1958,https://www.indiabudget.gov.in/budget_archive/es1957-58/esmain.htm,https://www.indiabudget.gov.in/budget_archive/es1957-58/2%20Review%20of%20Economic%20Trends.pdf,2%20Review%20of%20Economic%20Trends.pdf,english
1957-1958,https://www.indiabudget.gov.in/budget_archive/es1957-58/esmain.htm,https://www.indiabudget.gov.in/budget_archive/es1957-58/3%20Ecomomic%20Policy%20and%20Measures.pdf,3%20Ecomomic%20Policy%20and%20Measures.pdf,english
1957-1958,https://www.indiabudget.gov.in/budget_archive/es1957-58/esmain.htm,https://www.indiabudget.gov.in/budget_archive/es1957-58/4%20The%20Outlook.pdf,4%20The%20Outlook.pdf,english
1957-1958,https://www.indiabudget.gov.in/budget_archive/es1957-58/esmain.htm,https://www.indiabudget.gov.in/budget_archive/es1957-58/5%20Adjustments%20in%20the%20Plan.pdf,5%20Adjustments%20in%20the%20Plan.pdf,english
1957-1958,https://www.indiabudget.gov.in/budget_archive/es1957-58/esmain.htm,https://www.indiabudget.gov.in/budget_archive/es1957-58/6%20Conclusion.pdf,6%20Conclusion.pdf,english
